!起始函號	!大正藏	!永樂北	!永樂北函	!乾隆	!乾隆函	!經名	!作譯者	!卷數
	0403	0070	(伐)	0070	(伐)	阿差末菩薩經	西晉 竺法護譯	7
	0313	0025	(服)	0025	(服)	阿閦佛國經	後漢 支婁迦讖譯	2
	0921	1412	(槀)	1413	(槁)	阿閦如來念誦供養法	唐 不空譯	1
	1508	1331	(既)	1332	(既)	阿含口解十二因緣經	後漢 安玄共嚴佛調譯	1
	0151	0682	(敬)	0683	(敬)	佛說阿含正行經	後漢 安世高譯	1
						阿迦陀密一印千類千轉三使者成就經法	唐 不空譯	1
	0529	0699	(敬)	0700	(敬)	佛說阿鳩留經	失譯	1
	1039	1015	(流)	1016	(流)	阿唎多羅陀羅尼阿嚕力經	唐 不空譯	1
	0126	0891	(臨)	0892	(臨)	佛說阿羅漢具德經	宋 法賢譯	1
						佛說阿彌陀佛根本秘密神咒經	曹魏 菩提流支譯	1
	0369					阿彌陀佛說咒		1
	0370	0480	(行)	0481	(行)	阿彌陀鼓音聲王陀羅尼經	失譯	1
	0373	0197	(貞)	0198	(貞)	後出阿彌陀佛偈	失譯	1
	0362	0023	(乃)	0023	(乃)	佛說阿彌陀三耶三佛薩樓佛檀過度人道經	吳 支謙譯	2
	0366	0195	(貞)	0196	(貞)	佛說阿彌陀經	姚秦 鳩摩羅什譯	1
						阿彌陀經句解	元 性澄句解	1
						阿彌陀經略解	明 大佑述	1
						阿彌陀經略解圓中鈔	明 大佑述　傳燈鈔	2
						阿彌陀經略註	清 續法錄註	1
	1759	1595	(百)	1527	(曲)	阿彌陀經疏	新羅 元曉述	1
	1757					阿彌陀經疏	唐 窺基撰	1
				1632	(貢)	阿彌陀經疏鈔	明 袾宏述	4
						阿彌陀經疏鈔事義	明 袾宏述	1
						阿彌陀經疏鈔問辯	明 袾宏述	1
						阿彌陀經疏鈔擷	明 袾宏疏鈔　清 徐槐廷擷	1
						阿彌陀經疏鈔演義	明 古德法師演義　慈航智願定本	4
	1758					阿彌陀經通[(夫*夫)/貝]疏	唐 窺基撰	3
	1762					阿彌陀經要解	明 智旭解	1
						阿彌陀經要解便蒙鈔	明 智旭要解　清 達默造鈔　達林參訂	3
						阿彌陀經已決	明 大慧釋	1
						阿彌陀經異本(日本赤松連城跋)		1
	1755					阿彌陀經義記	隋 智顗說	1
	1760					阿彌陀經疏	宋 智圓述	1
	1761					阿彌陀經義疏	宋 元照述	1
	1756					阿彌陀經義述	唐 慧淨述	1
						阿彌陀經約論	清 彭際清述	1
						阿彌陀經摘要易解	清 真嵩述	1
						阿彌陀經直解正行	清 了根纂註	1
						阿彌陀經註	清 鄭澄德．鄭澄源 註	1
	0140	0644	(慶)	0645	(慶)	阿那邠邸化七子經	後漢 安世高譯	1
	0046	0558	(緣)	0559	(緣)	阿那律八念經	後漢 支曜譯	1
	0495	0632	(慶)	0633	(慶)	佛說阿難分別經	乞伏秦 釋法堅譯	1
	0494	0713	(孝)	0714	(孝)	阿難七夢經	東晉 竺曇無蘭譯	1
	0493	0691	(敬)	0692	(敬)	佛說阿難四事經	吳 支謙譯	1
	0149	0628	(善)	0629	(善)	佛說阿難同學經	後漢 安世高譯	1
	1013	0353	(莫)	0354	(莫)	阿難陀目佉尼呵離陀經	劉宋 求那跋陀羅譯	1
	1015	0352	(莫)	0353	(莫)	佛說阿難陀目佉尼呵離陀[阿-可+(嶙-山)]尼經	元魏 佛馱扇多譯	1
	0492a					佛說阿難問事佛吉凶經	後漢 安世高譯	1
	0492b	0630	(慶)	0631	(慶)	阿難問事佛吉凶經	後漢 安世高譯	1
	0058	0563	(緣)	0564	(緣)	阿耨風經	東晉 竺曇無蘭譯	1
	1545	1255	(心-縻)	1256	(心-縻)	阿毘達磨大毘婆沙論	五百大阿羅漢等造　唐 玄奘譯	200
	1544	1267	(傍啟)	1268	(傍啟)	阿毘達磨發智論	迦多衍尼子造　唐 玄奘譯	20
	1537	1288	(陛)	1289	(陛)	阿毘達磨法蘊足論	尊者大目乾連造　唐 玄奘譯	12
	1553	1270	(楹)	1271	(楹)	阿毘曇甘露味論	尊者瞿沙造　失譯	2
	1605	1191	(退)	1192	(退)	大乘阿毘達磨集論	無著菩薩造　唐 玄奘譯	7
	1536	1268	(甲帳)	1269	(甲帳)	阿毘達磨集異門足論	尊者舍利子說　唐 玄奘譯	20
	1540	1274	(席)	1275	(席)	阿毘達磨界身足論	尊者世友造　唐 玄奘譯	3
	1558	1259	(樓觀飛)	1260	(樓觀飛)	阿毘達磨俱舍論	尊者世親造　唐 玄奘譯	30
	1560	1262	(畫)	1263	(畫)	阿毘達磨俱舍論本頌	世親菩薩造　唐 玄奘譯	1
	1559	1261	(禽獸畫)	1262	(禽獸畫)	阿毘達磨俱舍釋論	婆藪盤豆造　陳 真諦譯	22
	1542	1269	(對楹)	1270	(對楹)	阿毘達磨品類足論	尊者世友造　唐 玄奘譯	18
	1539	1273	(設席)	1274	(設席)	阿毘達磨識身足論	提婆設摩造　唐 玄奘譯	16
	1562	1257	(背-涇)	1258	(背-涇)	阿毘達磨順正理論	尊者眾賢造　唐 玄奘譯	80
	1606	1171	(磨箴)	1172	(磨箴)	大乘阿毘達磨雜集論	安慧菩薩糅　唐 玄奘譯	16
						雜集論述記	唐 窺基撰	10
	1563	1258	(宮-鬱)	1259	(宮-鬱)	阿毘達磨藏顯宗論	尊者眾賢造　唐 玄奘譯	40
	1543	1265	(彩仙靈)	1266	(彩仙靈)	阿毘曇八犍度論	迦栴延子造　符秦 僧伽提婆共竺佛念譯	30
	1546	1256	(都-京)	1257	(都-京)	阿毘曇毘婆沙論	迦旃延子造　五百羅漢釋　北涼 浮陀跋摩共道泰等譯	60
	1557	1338	(墳)	1339	(墳)	阿毘曇五法行經	後漢 安世高譯	1
	1550	1280	(瑟)	1281	(瑟)	阿毘曇心論	尊者法勝造　晉 僧迦提婆共慧遠等譯	4
	0141	0637	(慶)	0638	(慶)	佛說阿遫達經	劉宋 求那跋陀羅譯	1
	0266	0146	(蓋)	0146	(蓋)	佛說阿惟越致遮經	西晉 竺法護譯	3
	2043	1335	(墳)	1336	(墳)	阿育王經	梁 僧伽婆羅譯	10
	2044	1336	(墳)	1337	(墳)	天尊說阿育王譬喻經	失譯	1
	2045	1359	(群)	1360	(群)	阿育王息壞目因緣經	符秦 曇摩難提譯	1
	2042	1451	(漆)	1452	(漆)	阿育王傳	西晉 安法欽譯	7
						阿字禪師語錄	清 今辨重編	2
	1239					阿吒薄俱元帥大將上佛陀羅尼經修行儀軌	唐 善無畏譯	3
	1240					阿吒薄[牛*句]付囑咒		1
	1237	0469	(行)	0470	(行)	阿吒婆拘鬼神大將上佛陀羅尼神咒經	失譯	1
	1238					阿吒婆[牛*句]鬼神大將上佛陀羅尼經	失譯	1
	0862					阿闍梨大曼荼[打-丁+羅]灌頂儀軌		1
	0626	0169	(帷)	0170	(帷)	佛說阿闍世王經	後漢 支婁迦讖譯	2
	0337	0039	(衣)	0039	(衣)	佛說阿闍貰王女阿術達菩薩經	西晉 竺法護譯	1
	0509	0267	(良)	0268	(良)	阿闍世王授決經	西晉 法炬譯	1
	0508	0708	(敬)	0709	(敬)	阿闍世王問五逆經	西晉 法炬譯	1
	0310-s37					阿闍世子會	唐 菩提流志譯	1
	1394	0473	(行)	0474	(行)	佛說安宅神咒經	失譯	1
	1029					佛說安宅陀羅尼咒經		1
	1958					安樂集	唐 道綽撰	2
	1957					略論安樂淨土義	後魏 曇鸞撰	1
						[打-丁+音]黑豆集	清 心圓拈別　火蓮集梓	8
	0429	0405	(信)	0406	(信)	佛說八部佛名經	元魏 瞿曇般若流支譯	1
	1684	1065	(言)	1066	(言)	八大靈塔梵讚	西天戒日王製　宋 法賢譯	1
	1685	0892	(臨)	0893	(臨)	佛說八大靈塔名號經	宋 法賢譯	1
	1168A	0874	(臨)	0875	(臨)	佛說大乘八大曼拏羅經	宋 法賢譯	1
	0490	0991	(斯)	0992	(斯)	佛說八大菩薩經	宋 法賢譯	1
	1167	0975	(斯)	0976	(斯)	八大菩薩曼荼羅經	唐 不空譯	1
	0779	0507	(維)	0508	(維)	佛說八大人覺經	後漢 安世高譯	1
						八大人覺經略解	明 智旭解	1
				1662	(植)	八大人覺經疏	清 續法集	1
	0431	0297	(知)	0298	(知)	八佛名號經	隋 闍那崛多譯	1
						八關齋法	清 弘贊輯	1
	0089	0696	(敬)	0697	(敬)	八關齋經	劉宋 沮渠京聲譯	1
	0430	0296	(知)	0297	(知)	八吉祥經	梁 僧伽婆羅譯	1
	0427	0294	(知)	0295	(知)	佛說八吉祥神咒經	吳 支謙譯	1
	1365	0486	(行)	0487	(行)	八名普密陀羅尼經	唐 玄奘譯	1
	0581	0705	(敬)	0706	(敬)	佛說八師經	吳 支謙譯	1
				1630	(藝)	八十八祖道影傳贊	明 德清述　高承埏補	4
	1865	1638	(敦)	1628	(藝)	八識規矩補註	明 普泰補註	2
						八識規矩補註證義	明 明昱證義	1
						八識規矩略說	明 正誨略說	1
						八識規矩論義	清 性起論釋　善漳等錄	1
						八識規矩淺說	清 行舟說	1
						八識規矩頌解	明 真可述	1
						八識規矩頌注	明 廣益述	1
						八識規矩頌注	清 行舟註	1
						八識規矩通說	明 德清述	1
						八識規矩直解	明 智旭解	1
						八識規矩纂釋	明 廣益纂釋	1
	0756	0723	(孝)	0724	(孝)	佛說八無暇有暇經	唐 義淨譯	1
	0428	0295	(知)	0296	(知)	佛說八陽神咒經	西晉 竺法護譯	1
	0112	0654	(慶)	0655	(慶)	佛說八正道經	後漢 安世高譯	1
	1498	0963	(清)	0964	(清)	佛說八種長養功德經	宋 法護等譯	1
	1396	0494	(行)	0495	(行)	佛說拔除罪障咒王經	唐 義淨譯	1
	1395	0485	(行)	0486	(行)	拔濟苦難陀羅尼經	唐 玄奘譯	1
	0419	0072	(罪)	0072	(罪)	拔陂菩薩經	失譯	1
	0368	0196	(盧)	0197	(貞)	拔一切業障根本得生淨土神咒	劉宋 求那跋陀羅重譯	1
	0368-t1	0196-t1	(盧)	0197-t1	(貞)	附阿彌陀經不思議神力傳		1
	1109					白救度佛母讚	清 阿旺扎什譯	1
	0975					白傘蓋大佛頂王最勝無比大威德金剛無礙大道場陀羅尼念誦法要		1
	0010	0946	(夙)	0947	(夙)	白衣金幢二婆羅門緣起經	宋 施護等譯	3
						初學記	元 清覺述　道安注	1
						白雲和尚正行集		1
						白雲守端禪師語錄		2
						白雲守端禪師廣錄	(參學小師) 處凝．智本．智華．法演 編集、海譚 錄	4
						百癡禪師語錄	清 百癡說	30
						百法論疏	唐 義忠撰	2
						百法論顯幽鈔	宋 從芳述	3
	1614	1205	(沛)	1206	(沛)	大乘百法明門論	天親菩薩造　唐 玄奘譯	1
	1836			1629	(藝)	大乘百法明門論解	唐 窺基註解　明 普泰增修	2
						百法明門論決頌	唐 窺基撰，智宣勘本	1
	1837					大乘百法明門論疏	唐 大乘光撰	2
						百法明門論直解	明 智旭解	1
						百法明門論贅言	唐 窺基註解　明 明昱贅言	1
						百法明門論纂	明 廣益纂釋	1
	0444	0406	(信)	0407	(信)	佛說百佛名經	隋 那連提耶舍譯	1
	0661	0259	(良)	0260	(良)	大乘百福相經	唐 地婆訶羅譯	1
	0662	0260	(良)	0261	(良)	大乘百福莊嚴相經	唐 地婆訶羅譯	1
	1569	1180	(造)	1181	(造)	百論	提婆菩薩造　婆藪開士釋　姚秦 鳩摩羅什譯	2
	1827					百論疏	隋 吉藏撰	3
	1369a					百千印陀羅尼經	唐 實叉難陀譯	1
	1369b	0498	(行)	0499	(行)	百千印陀羅尼經	唐 實叉難陀譯	1
						百愚禪師語錄-附蔓堂集		1
	0209	1356	(群)	1357	(群)	百喻經	僧伽斯那撰　蕭齊 求那毘地譯	4
	1572	1246	(逸)	1247	(逸)	百字論	提婆菩薩造　後魏 菩提流支譯	1
						百丈懷海禪師廣錄		1
						百丈懷海禪師語錄		1
	2025	1634	(黜)	1614	(本於)	[束*力]修百丈清規	元 德煇重編	8
						百丈清規證義記	清 儀潤證義	9
	0378	0112	(白)	0112	(白)	佛說方等般泥洹經	西晉 竺法護譯	2
	0006	0115	(駒)	0115	(駒)	般泥洹經	失譯	2
	0391	0121	(食)	0121	(食)	般泥洹後灌臘經	西晉 竺法護譯	1
	1004	1443	(隸)	1444	(隸)	般若波羅蜜多理趣經大樂不空三昧真實金剛薩埵菩薩等一十七聖大曼荼羅義述	唐 不空譯	1
	0251	0017	(翔)	0017	(翔)	般若波羅蜜多心經	唐 玄奘譯	1
	0253					般若波羅蜜多心經	唐 般若共利言等譯	1
	0255					般若波羅蜜多心經	唐 法成譯	1
	0254					般若波羅蜜多心經	唐 智慧輪譯	1
	0256					唐梵翻對字音般若波羅蜜多心經		1
						般若波羅蜜多心經(梵文音譯)	唐 不空譯	1
						般若波羅蜜多心經-梵文音譯	宋 慈賢譯	1
	1712	1591	(百)	1496	(勒)	般若波羅蜜多心經略疏	唐 法藏述	1
	1714	1606	(主)	1618	(務)	般若波羅蜜多心經註解	明 宗[江-工+防]．如[王*巳]同註	1
	1566	1177	(惻造)	1178	(惻造)	般若燈論釋	偈本龍樹菩薩　釋論分別明菩薩　唐 波羅頗蜜多羅譯	15
	1293					般若守護十六善神王形體	唐 金剛智譯	1
						般若心經大意	清 王起隆述	1
						般若心經發隱	明 正相解	1
						般若心經概論	明 林兆恩撰	1
						般若心經貫義	明 弘贊述	1
						般若心經彙纂	清 孫念劬纂	1
						般若心經際決	明 大慧釋	1
						般若心經解	清 徐昌治解	1
						般若心經解義	清 徐槐廷解義	1
						般若心經解義節要	明 宋濂文句	1
						般若心經句解易知	清 王澤泩註解	1
						般若心經開度	明 弘麗著	1
						般若心經理性解	清 續法述	1
						般若心經論	清 函[曰/正]撰	1
						般若心經略疏	唐 明曠述	1
	1713	1592	(百)			般若心經略疏連珠記	宋 師會述	2
						般若心經略疏顯正記	唐 法藏疏　宋 仲希說	3
						般若心經略疏小鈔	明 錢謙益集	2
						般若心經請益說	清 道霈說	1
						般若心經如是經義	清 行敏述	1
						般若心經三注	唐 慧忠著　宋 道楷述、懷深述	1
						般若心經釋略	明 林兆恩撰	1
						般若心經釋要	明 智旭述	1
						般若心經釋疑	明 謝觀光釋	1
						般若心經釋義	明 謝觀光釋	1
						般若心經事觀解	清 續法述	1
						般若心經疏	唐 慧淨作	1
						般若心經疏	唐 靖邁撰	1
						般若心經疏	宋 智圓述	1
						般若心經疏詒謀鈔	宋 智圓撰	1
						般若心經說	明 真可說	1
						般若心經說	明 洪恩述	1
						般若心經提綱	明 李贄撰	1
						般若心經添足	明 弘贊述	1
						般若心經小談	明 觀衡述	1
						般若心經要論	明 真可說	1
						般若心經一貫疏	明 益證疏	1
						般若心經易解	清 謝承謨註釋	1
	1710					般若波羅蜜多心經幽[(夫*夫)/貝]	唐 窺基撰	2
						般若心經幽贊崆峒記	宋 守千集	3
						般若心經幽贊添改科	宋 守千添改	1
	1711					般若波羅蜜多心經[(夫*夫)/貝]	唐 圓測撰	1
						般若心經正眼	明 大文述	1
						般若心經直說	明 德清述	1
						般若心經直談	明 真可撰	1
						般若心經指掌	明 元賢述	1
						般若心經註	中天竺 提婆註	1
						般若心經注	宋 道隆述	1
						般若心經注解	明 真可撰	1
						般若心經註解	明 諸萬里註	1
						般若心經註解	明 何道全註	1
						般若心經註解		2
						般若心經註解	清 大顛祖師註解	1
						般若心經註解	清 敬止撰	1
						般若心經註解	清 孚佑帝君註解	2
						般若心經註講	清 行敏述	1
						般若心經註疏	清 仲之屏纂註	1
						般若心經[(留-田+亞)*斤]輪解	明 通容述	1
	0418	0069	(伐)	0069	(伐)	般舟三昧經	後漢 支婁迦讖譯	3
	0417					般舟三昧經	後漢 支婁迦讖譯	1
	1981					依觀經等明般舟三昧行道往生讚	唐 善導撰	1
	0831	0238	(男)	0239	(男)	謗佛經	元魏 菩提流支譯	1
	0317	0029	(服)	0029	(服)	佛說胞胎經	西晉 竺法護譯	1
						寶持禪師語錄		1
	0397-p09					寶幢分	北涼 曇無讖譯	1
	1377	0934	(夙)	0935	(夙)	佛說寶帶陀羅尼經	宋 施護譯	1
	0310-s47					寶髻經	西晉 竺法護譯	2
	1526	1234	(靜)	1235	(靜)	寶髻經四法憂波提舍	天親菩薩造　元魏 毘目智仙譯	1
	0397-p11					寶髻菩薩品	北涼 曇無讖譯	1
	0356	0246	(才)	0247	(才)	佛說寶積三昧文殊師利菩薩問法身經	後漢 安世高譯	1
	0462	0165	(恭)	0165	(恭)	大方廣寶篋經	劉宋 求那跋陀羅譯	3
						寶鏡三昧	劉宋 求那跋陀羅譯	
						寶鏡三昧本義	清 行策述	1
						寶鏡三昧原宗辨謬說	清 淨訥述	1
						寶覺祖心禪師語錄	(侍者) 子和 錄　(門人) 仲介 重編	1
	0310-s44					寶梁經	北涼 道龔譯	2
						寶林傳	宋 智炬集	9
	1005B					寶樓閣經梵字真言		1
	0397-p03					寶女品	北涼 曇無讖譯	1
	0399	0076	(發)	0076	(發)	寶女所問經	西晉 竺法護譯	4
	0637	0253	(才)	0254	(才)	佛說寶如來三昧經	東晉 祇多蜜譯	2
	1412	0832	(盡)	0833	(盡)	佛說寶生陀羅尼經	宋 施護譯	1
	0488	0911	(深)	0912	(深)	寶授菩薩菩提行經	宋 法賢譯	1
	1974					寶王三昧念佛直指	明 妙[口*十]集	2
	0433	0380	(彼)	0381	(彼)	佛說寶網經	西晉 竺法護譯	1
	0962					寶悉地成佛陀羅尼經	唐 不空譯	1
	1285	0902	(深)	0903	(深)	佛說寶賢陀羅尼經	宋 法賢譯	1
						寶象林禪師語錄		1
	0402	0080	(殷)	0080	(殷)	寶星陀羅尼經	唐 波羅頗蜜多羅譯	10
	1656	1245	(逸)	1246	(逸)	寶行王正論	陳 真諦譯	1
	1635	1303	(星)	1304	(星)	大乘寶要義論	宋 法護等譯	10
	0660	0147	(此)	0147	(此)	佛說寶雨經	唐 達摩流支譯	10
	0437	0820	(則)	0821	(則)	大乘寶月童子問法經	宋 施護譯	1
	0658	0148	(身)	0148	(身)	寶雲經	梁 曼陀羅仙譯	7
						寶雲振祖集	宋 宗曉編	1
	1857	1642	(敦)	1462	(書)	寶藏論	後秦 僧肇著	1
	1283	1040	(止)	1041	(止)	佛說寶藏神大明曼拏羅儀軌經	宋 法天譯	2
	1282					寶藏天女陀羅尼法		1
						寶藏疏	大禪師覺潤述	3
	0686	0299	(知)	0300	(知)	佛說報恩奉盆經	失譯	1
						報恩論	清 沈善登述	4
	0157	0138	(及)	0138	(及)	悲華經	北涼 曇無讖譯	10
	1310					北斗七星護摩法	唐 一行撰	1
	1306					北斗七星護摩祕要儀軌	唐 灌頂阿闍梨述	1
	1305					北斗七星念誦儀軌	唐 金剛智譯	1
	1307					佛說北斗七星延命經	唐 婆羅門僧譯	1
	1247					北方毘沙門天王隨軍護法儀軌	唐 不空譯	1
	1248					北方毘沙門天王隨軍護法真言	唐 不空譯	1
	1250					北方毘沙門多聞寶藏天王神妙陀羅尼別行儀軌	唐 不空譯	1
						北[山/夆]教義	宋 宗印撰	1
						北[石*間]居簡禪師語錄	(參學) 大觀 編	1
	2113					北山錄	唐 神清撰．慧寶注	10
	0713	0273	(良)	0274	(良)	貝多樹下思惟十二因緣經	吳 支謙譯	1
						本門戒體鈔	日本 日蓮撰	1
	0159	0949	(興)	0950	(興)	大乘本生心地觀經	唐 般若譯	8
						大乘本生心地觀經淺註懸示	清 來舟述	1
	0765	0709	(孝)	0710	(孝)	本事經	唐 玄奘譯	7
	0036	0596	(善)	0597	(善)	本相猗致經	後漢 安世高譯	1
	0503	0720	(孝)	0721	(孝)	比丘避女惡名欲自殺經	西晉 法炬譯	1
						比丘尼羯磨經	劉宋 求那跋陀羅譯	1
	1427	1144	(隨)	1145	(隨)	摩訶僧祇比丘尼戒本	東晉 法顯共覺賢譯	1
						比丘尼受戒錄	清 弘贊述	1
	2063	1489	(微)	1467	(俠)	比丘尼傳	梁 寶唱撰	4
						比丘受戒錄	清 弘贊述	1
	0504	0731	(當)	0732	(當)	比丘聽施經	東晉 曇無蘭譯	1
	1480	0818	(則)	0819	(則)	佛說苾芻迦尸迦十法經	宋 法天譯	1
	1479	0817	(則)	0818	(則)	佛說苾芻五法經	宋 法天譯	1
	1406	0475	(行)	0476	(行)	佛說辟除賊害咒經	舊失譯人名今附東晉錄	1
	1407	0889	(臨)	0890	(臨)	佛說辟除諸惡陀羅尼經	宋 法賢譯	1
	0090	0576	(緣)	0577	(緣)	鞞摩肅經	劉宋 求那跋陀羅譯	1
	1547	1271	(肆筵)	1272	(肆筵)	鞞婆沙論	尸陀槃尼撰　符秦 僧伽跋澄譯	14
	0067	0569	(緣)	0570	(緣)	弊魔試目連經	吳 支謙譯	1
	2003			1596	(雁)	佛果圜悟禪師碧巖錄	宋 重顯頌古．克勤評唱	10
	0242	0856	(命)	0857	(命)	佛說遍照般若波羅蜜經	宋 施護譯	1
	0830	0218	(潔)	0219	(潔)	大乘遍照光明藏無字法門經	唐 地婆訶羅再譯	1
						辨非集	宋 善熹述	1
	2116	1599	(嶽)	1615	(於)	辯偽錄	元 祥邁撰	5
	0544	0763	(當)	0764	(當)	辯意長者子經	後魏 法場譯	1
	2110	1493	(旦)	1517	(奄)	辯正論	唐 法琳撰	8
	1600	1237	(靜)	1238	(靜)	辯中邊論	世親菩薩造　唐 玄奘譯	3
	1601	1238	(靜)	1239	(靜)	辯中邊論頌	彌勒菩薩說　唐 玄奘譯	1
	1835					辯中邊論述記	唐 窺基撰	3
						表無表章栖翫記	宋 守千述	1
	2120					代宗朝贈司空大辨正廣智三藏和上表制集	唐 圓照集	6
						別庵禪師語錄		
						別傳心法議	宋 戒珠撰	1
	0100	0541	(禍因)	0542	(禍因)	別譯雜阿含經	失譯	16
	1690	1339	(墳)	1340	(墳)	賓頭盧突羅闍為優陀延王說法經	劉宋 求那跋陀羅譯	1
						斌稚禪師語錄		
	1263					氷揭羅天童子經	唐 不空譯	1
	1384	0882	(臨)	0883	(臨)	佛說[金*本]蘭那賒[口*縛]哩大陀羅尼經	宋 法賢譯	1
	1232					播般曩結使波金剛念誦儀		1
	1426	1152	(外)	1153	(外)	摩訶僧祇律大比丘戒本	東晉 佛陀跋陀羅譯	1
	2141B					波斯教殘經		1
	0122	0609	(善)	0610	(善)	佛說波斯匿王太后崩塵土坌身經	西晉 法炬譯	1
						柏山楷禪師語錄		1
						伯亭大師傳記總帙		1
	0790	0374	(彼)	0375	(彼)	佛說孛經抄	吳 支謙譯	1
						孛長者事迹		1
						博山禪警語	明 元來說、成正集	2
	2101					補陀洛迦山傳	元 盛熙明述	1
						補續高僧傳	明 明河撰	26
						定應大師布袋和尚傳	曇噩撰	2
	0705	0804	(則)	0805	(則)	佛說布施經	宋 法賢譯	1
	2033	1277	(席)	1278	(席)	部執異論	天友菩薩造　陳 真諦譯	1
	0645	0128	(被)	0128	(被)	不必定入定入印經	元魏 瞿曇般若流支譯	1
	1202	1418	(鍾)	1419	(鍾)	不動使者陀羅尼祕密法	唐 金剛智譯	1
						不會禪師語錄		
	1002	0996	(斯)	0997	(斯)	不空[罩-卓+絹]索毘盧遮那佛大灌頂光真言	唐 不空譯	1
	1092	0312	(必改得)	0313	(必改得)	不空[罩-卓+絹]索神變真言經	唐 菩提流志譯	30
	1094	0311	(過)	0312	(過)	不空[罩-卓+絹]索神咒心經	唐 玄奘譯	1
	1096	0309	(過)	0310	(過)	不空[罩-卓+絹]索陀羅尼經	唐 李無諂譯	1
	1098					佛說不空[罩-卓+絹]索陀羅尼儀軌經	唐 阿目佉譯	2
	1097	0308	(過)	0309	(過)	不空[罩-卓+絹]索陀羅尼自在王咒經	唐 寶思惟譯	3
	1093	0307	(過)	0308	(過)	不空[罩-卓+絹]索咒經	隋 闍那崛多譯	1
	1095	0310	(過)	0311	(過)	不空[罩-卓+絹]索咒心經	唐 菩提流志譯	1
	2056					大唐故大德贈司空大辨正廣智不空三藏行狀	唐 趙遷撰	1
						不可剎那無此君	宋 義銛述	1
						不磷禪師語錄	宋 義述	
	0445	0407	(信)	0408	(信)	佛說不思議功德諸佛所護念經	失譯	2
	0484	0391	(短)	0392	(短)	不思議光菩薩所說經	後秦 鳩摩羅什譯	1
	0843	0930	(薄)	0931	(薄)	佛說大乘不思議神通境界經	宋 施護譯	3
	0267	0153	(發)	0153	(發)	不退轉法輪經	失譯	4
						不厭樂禪師語錄		1
	0668	0519	(維)	0520	(維)	佛說不增不減經	元魏 菩提流支譯	1
	0107	0650	(慶)	0651	(慶)	佛說不自守意經	吳 支謙譯	1
	0510	0268	(良)	0269	(良)	採花違王上佛授決號妙花經	東晉 竺曇無蘭譯	1
						(重編)曹洞五位顯訣	宋 慧霞編　廣輝釋	3
	1987B					撫州曹山本寂禪師語錄	日本 玄契編	2
	1987A					撫州曹山元證禪師語錄	日本 慧印校	1
						曹溪大師別傳		1
						曹源道生禪師語錄	(侍者) 道[冰-水+中] 編	1
						測海集節鈔	清 彭紹升著、弟子節鈔	1
	1909	1501	(公)	1466	(路)	慈悲道場懺法	梁 諸大法師集撰	10
	1910	1515	(輔)	1570	(馳)	慈悲水懺法	失譯撰人名	3
	1141					慈氏菩薩略修瑜伽念誦法	唐 善無畏譯	2
	1143	0884	(臨)	0885	(臨)	佛說慈氏菩薩誓願陀羅尼經	宋 法賢譯	1
	0710	0957	(興)	0958	(興)	慈氏菩薩所說大乘緣生稻[卄/幹]喻經	唐 不空譯	1
	1142	0909	(深)	0910	(深)	佛說慈氏菩薩陀羅尼	宋 法賢譯	1
						慈受懷深禪師廣錄	(侍者) 善清．善隨．宗先．普紹 編	4
						叢林公論	宋 惠彬述	1
						叢林校定清規總要	宋 惟勉編次	2
						叢林兩序須知	明 通容述	1
						叢林盛事	宋 道融撰	2
	0573	0456	(景)	0457	(景)	差摩婆帝授記經	元魏 菩提流支譯	1
						禪燈世譜	明 道忞編修　吳侗集	9
	0616	1334	(集)	1335	(集)	禪法要解	姚秦 鳩摩羅什譯	2
	2024					禪關策進	明 袾宏輯	1
						禪家龜鑑	朝鮮 退隱述	1
	2022	1630	(黍)	1586	(九)	禪林寶訓	宋 淨善重集	4
						禪林寶訓筆說	清 智祥述	3
						禪林寶訓合註	清 張文嘉較定　張文憲參閱	4
						禪林寶訓拈頌	清 行盛著　超記錄	1
						禪林寶訓順硃	清 德玉順硃	4
						禪林寶訓音義	明 大建較	1
						禪林寶訓注		1
						禪林備用清規	元 弋咸編	10
						禪林類聚	元 道泰集	20
						禪林僧寶傳	宋 惠洪撰	30
						南宋元明禪林僧寶傳	清 自融撰　性磊補輯	15
	2174B					禪林寺宗叡僧正目錄		1
						禪林疏語考證	明 元賢集	4
						禪門寶藏錄	高麗 天[正*頁]撰	3
						禪門鍛鍊說	明 戒顯著	1
	1919	1553				天台智者大師禪門口訣	隋 智顗說	1
						中華傳心地禪門師資承襲圖	唐 裴休問　宗密答	1
						禪門要略	隋 智顗出	1
						禪門章	隋 智顗說	1
						禪門諸祖師偈頌	宋 子昇錄　如祐錄	2
	0613	0773	(竭)	0774	(竭)	禪祕要法經	姚秦 鳩摩羅什等譯	3
	0605	0678	(敬)	0679	(敬)	禪行法想經	後漢 安世高譯	1
	0604	0719	(孝)	0720	(孝)	佛說禪行三十七品經	後漢 安世高譯	1
	0609	1352	(聚)	1353	(聚)	禪要經	失譯	1
	2015	1639	(敦)	1565	(沙)	禪源諸詮集都序	唐 宗密述	2
						禪苑蒙求拾遺		1
						禪苑蒙求瑤林	金 志明撰　元 德諫注	3
						(重雕補註)禪苑清規	宋 宗賾集	10
						禪宗集注	宋 行靖注	2
	2021	1645	(素)			禪宗決疑集	元 智徹述	1
		1652	(雞田赤)			禪宗頌古聯珠通集	宋 法應集　元 普會續集	40
	2005					無門關	宋 宗紹編	1
	2013	1577	(起)	1544	(俊)	禪宗永嘉集	唐 玄覺撰	1
						禪宗雜毒海	清 性音重編	8
		1633	(勸賞)			禪宗正[月*永]	明 如巹集	10
						禪宗直指	明 石成金著	1
						禪宗指掌	清 行海述	1
	0001	0540	(習聽)	0541	(習聽禍)	長阿含經	後秦 佛陀耶舍共竺佛念譯	22
	0013	0543	(因)	0544	(因)	長阿含十報法經	後漢 安世高譯	2
						長部經典	江煉百據日譯本重譯芝峰校證	
						長靈守卓禪師語錄	(嗣法) 介諶 編	1
						長明炅禪師語錄		
						長目禪師語錄		1
						佛說長壽滅罪護諸童子陀羅尼經	唐 佛陀波利 譯	1
	0161	0450	(羊)	0451	(羊)	長壽王經	失譯	1
	0584	0729	(當)	0730	(當)	長爪梵志請問經	唐 義淨譯	1
	1265					佛說常瞿利毒女陀羅尼咒經	唐 瞿多譯	1
	2163					常曉和尚請來目錄	日本 常曉撰	1
	0638	0392	(短)	0393	(短)	佛說超日明三昧經	西晉 聶承遠譯	2
						超宗慧方禪師語錄		1
						朝鮮禪教考	朝鮮 朴永善輯	1
						朝宗禪師語錄		
						徹悟禪師語錄	清 了亮等集	2
	0434	0397	(靡)	0398	(靡)	佛說稱揚諸佛功德經	元魏 吉迦夜譯	3
	0840	0271	(良)	0272	(良)	稱讚大乘功德經	唐 玄奘譯	1
	0367	0194	(貞)	0195	(貞)	稱讚淨土佛攝受經	唐 玄奘譯	1
	1349	0331	(能)	0332	(能)	佛說稱讚如來功德神咒經	唐 義淨譯	1
	1000	1380	(杜)	1381	(杜)	成就妙法蓮華經王瑜伽觀智儀軌	唐 不空譯	1
						成就夢想法	唐 灌頂阿闍梨述	1
	0630	0376	(彼)	0377	(彼)	佛說成具光明定意經	後漢 支曜譯	1
	1646	1266	(丙舍)	1267	(丙舍)	成實論	訶梨跋摩造　姚秦 鳩摩羅什譯	16
	1591	1202	(沛)	1203	(沛)	成唯識寶生論	護法菩薩造　唐 義淨譯	5
	1585	1189	(義)	1190	(義)	成唯識論	護法等菩薩造　唐 玄奘譯	10
						成唯識論別抄	唐 窺基撰	4
						成唯識論觀心法要	明 智旭述	10
						成唯識論集解	明 通潤集解	10
	1832					成唯識論了義燈	唐 惠沼述	7
						成唯識論了義燈記	唐 智周撰	1
						成唯識論料簡	唐 窺基撰	2
						成唯識論俗詮	明 明昱俗詮	10
						成唯識論疏抄	唐 靈泰撰	18
						成唯識論疏義演	唐 如理集	26
	1831					成唯識論掌中樞要	唐 窺基撰	2
	1830					成唯識論述記	唐 窺基撰	10
	2266					成唯識論述記集成編	日本 湛慧撰	45
						成唯識論學記	新羅 太賢集	8
	1833					成唯識論演祕	唐 智周撰	7
						成唯識論演秘釋	唐 如理撰	1
						成唯識論義蘊	唐 道邑撰	5
				1663	(省-誡)	成唯識論音響補遺	清 智素補遺	10
						成唯識論自考	明 大惠錄	10
						成唯識論掌中樞要記	唐 智周述	1
						成唯識論證義	明 王肯堂證義	10
						註成唯識論	唐 智周撰	1
	1609	1213	(匪)	1214	(匪)	大乘成業論	世親菩薩造　唐 玄奘譯	1
						痴絕道[冰-水+中]禪師語錄	(嗣法門人) 智沂．悟開．行彌．紹甄．智圓．元省．元樞 編	2
	1351	0359	(罔)	0360	(罔)	佛說持句神咒經	吳 支謙譯	1
						持名四十八法	清 鄭韋庵述	1
	1370	0826	(則)	0827	(則)	佛說持明藏八大總持王經	宋 施護譯	1
	1169	1051	(思)	1052	(思)	佛說持明藏瑜伽大教尊那菩薩大明成就儀軌經	宋 法賢譯	4
	0481	0161	(常)	0161	(常)	持人菩薩經	西晉 竺法護譯	4
						持誦準提真言法要	清 弘贊輯	1
	0482	0162	(常)	0162	(常)	持世經	姚秦 鳩摩羅什譯	4
	1162	0487	(行)	0488	(行)	持世陀羅尼經	唐 玄奘譯	1
	0785-t1	0686-t1	(敬)		(敬)	持錫杖法		1
	0585	0192	(慕)	0193	(慕)	持心梵天所問經	西晉 竺法護譯	4
						持咒仙人飛[金*本]儀軌	唐 不空拔出	1
	0963	1004	(之)	1005	(之)	佛說熾盛光大威德消災吉祥陀羅尼經	唐 不空譯	1
	1951	1511	(鋪)	1582	(馳)	熾盛光道場念誦儀	宋 遵式撰	1
						赤松禪師語錄		
						斥謬	宋 善熹書	1
	0498	0940	(夙)	0941	(夙)	佛說初分說經	宋 施護譯	2
	0707	0770	(當)	0771	(當)	佛說出家功德經	失譯	1
	0791	0681	(敬)	0682	(敬)	佛說出家緣經	後漢 安世高譯	1
	2145	1468	(戶封)			出三藏記集	梁 僧祐撰	15
	0837	0445	(羊)	0446	(羊)	佛說出生菩提心經	隋 闍那崛多譯	1
	1018	0355	(莫)	0356	(莫)	出生無邊門陀羅尼經	唐 智嚴譯	1
	1009	0950	(興)	0951	(興)	出生無邊門陀羅尼經	唐 不空譯	1
	1010					佛說出生無邊門陀羅尼儀軌	唐 不空譯	1
	1012	0351	(莫)	0352	(莫)	佛說出生無量門持經	東晉 佛陀跋陀羅譯	1
	1243	1013	(流)	1014	(流)	佛說出生一切如來法眼遍照大力明王經	宋 法護譯	2
	0310-s11					出現光明會	唐 菩提流志譯	5
	0212	1313	(廣內)	1314	(廣內)	出曜經	姚秦 竺佛念譯	30
	0489	0958	(溫)	0959	(溫)	佛說除蓋障菩薩所問經	宋 法護等譯	20
	0744	0393	(短)	0394	(短)	佛說除恐災患經	乞伏秦 聖堅譯	1
	1323	0977	(斯)	0978	(斯)	除一切疾病陀羅尼經	唐 不空譯	1
						楚林禪師語錄		1
				1612	(岩岫)	楚石梵琦禪師語錄	(門人) 祖光．文玹．曇紹．祖灊．景瓛．良彥．應訢．明遠．胤丘．文晟．正隆．善成．文斌．中端．正參 等編	20
	0730	0679	(敬)	0680	(敬)	佛說處處經	後漢 安世高譯	1
						傳燈玉英集	宋 翰林大學士楊億等撰(或作王隨撰)	15
	2079					傳法正宗定祖圖	宋 契嵩撰	1
	2078	1521	(回)	1588	(回)	傳法正宗記	宋 契嵩編	9
	2080	1520	(綺)	1589	(百)	傳法正宗論	宋 契嵩編	2
						傳佛心印記		1
						傳戒正範	清 讀體撰	4
	2159					傳教大師將來台州錄	日本 最澄撰	1
	2160					傳教大師將來越州錄	日本 最澄撰	1
						傳授三壇弘戒法儀	明 法藏撰集　清 超遠檢錄	1
	2379					傳述一心戒文	日本 光定撰	3
						吹萬禪師語錄		1
						純備德禪師語錄		1
						達變禪師語錄		1
						達磨大師破相論	梁 菩提達磨述	1
						菩提達磨大師略辨大乘入道四行觀	梁 菩提達磨說	1
						達磨大師悟性論	梁 菩提達磨述	1
						達磨大師血[月*永]論	梁 菩提達磨述	1
	0618	1333	(集)	1334	(集)	達摩多羅禪經	東晉 佛陀跋陀羅譯	2
	0364	0198	(貞)	0199	(貞)	佛說大阿彌陀經	宋 王日休校輯	2
	0398	0075	(周)	0075	(周)	大哀經	西晉 竺法護譯	8
	1478	1141	(隨)	1142	(隨)	大愛道比丘尼經	失譯	2
	0144	0645	(慶)	0646	(慶)	佛說大愛道般泥洹經	西晉 白法祖譯	1
	1379	0890	(臨)	0891	(臨)	佛說大愛陀羅尼經	宋 法賢譯	1
	0602	0676	(敬)	0677	(敬)	佛說大安般守意經	後漢 安世高譯	2
	0977-t1					大白傘蓋佛母總讚歎禱祝偈		1
	0977	1010	(之)	1011	(之)	佛說大白傘蓋總持陀羅尼經	元 真智等譯	1
	0376	0116	(食)	0116	(食)	佛說大般泥洹經	東晉 法顯譯	6
	0007	0114	(駒)	0114	(駒)	大般涅槃經	東晉 法顯譯	3
	0374	0109	(賓-鳴)	0109	(賓-鳴)	大般涅槃經	北涼 曇無讖譯	40
	0375	0110	(鳳-白)	0110	(鳳-白)	大般涅槃經	宋 慧嚴等依泥洹經加之	36
	0377	0111	(白)	0111	(白)	大般涅槃經後分	唐 若那跋陀羅譯	2
	1763					大般涅槃經集解	梁 寶亮等集	71
	1527	1198	(顛)	1199	(顛)	涅槃論	婆藪槃豆作　元魏 達磨菩提譯	1
	1764					大般涅槃經義記	隋 慧遠述	10
	1767	1537	(滅虢踐)	1514	(佐-衡)	大般涅槃經疏	隋 灌頂撰	33
	1765	1536	(土)	1515	(衡)	大般涅槃經玄義	隋 灌頂撰	2
	0220	0001	(天-奈)	0001	(天-奈)	大般若波羅蜜多經	唐 玄奘譯	600
						大般若關		1
						大般若經綱要	清 葛[鼎*彗]提綱	10
						大般若經關法	宋 大隱排定	6
	1695					大般若波羅蜜多經般若理趣分述讚	唐 窺基撰	3
	1005A	1022	(息)	1023	(息)	大寶廣博樓閣善住祕密陀羅尼經	唐 不空譯	3
	0310	0020	(龍-字)	0020	(龍-字)	大寶積經	唐 菩提流志譯	120
	1523	1227	(虧)	1228	(虧)	大寶積經論	後魏 菩提流支譯	4
						大寶積經述	唐 徐鍔撰	1
						大悲讖	唐 徐鍔撰	
	0158	0175	(敢)	0176	(敢)	大乘悲分陀利經	失譯	8
	1055-h1					大悲觀世音菩薩贊	明 朱棣撰	1
	0892	1054	(思)	1055	(思)	佛說大悲空智金剛大教王儀軌經	宋 法護譯	5
	0380	0113	(駒)	0113	(駒)	大悲經	高齊 那連提耶舍譯	5
						大悲神咒(梵本)		1
						大悲心大悲身大悲心中心陀羅尼神咒		1
						大悲心陀羅尼	宋 慈賢譯	1
						大悲心陀羅尼	唐 不空譯	1
	1066	1436	(隸)	1437	(隸)	大悲心陀羅尼修行念誦略儀	唐 不空譯	1
	1470	1120	(別)	1121	(別)	大比丘三千威儀	後漢 安世高譯	2
	2053	1486	(奄)	1531	(孰)	大唐大慈恩寺三藏法師傳	唐 慧立本．彥悰箋	10
	1856					鳩摩羅什法師大義	東晉 慧遠問．羅什答	3
	1667	1242	(情)	1243a	(情)	大乘起信論	馬鳴菩薩造　唐 實叉難陀譯	2
	1666	1242	(情)	1243b	(情)	大乘起信論	馬鳴菩薩造　梁 真諦譯	1
	1848	1618	(岩岫)	1601	(田赤)	起信論疏筆削記	宋 子璿錄	20
		1617	(岩)	1600	(田)	大乘起信論疏	法藏述	5
	1846					大乘起信論義記	唐 法藏撰	5
	1853					大乘玄論	隋 吉藏撰	5
	1851					大乘義章	隋 慧遠撰	20
						大川普濟禪師語錄	(門人) 元愷 編	1
	0270	0435	(染)	0436	(染)	大法鼓經	劉宋 求那跋陀羅譯	2
	1340	0417	(使可)	0418	(使可)	大法炬陀羅尼經	隋 闍那崛多譯	20
						大梵天王問佛決疑經		2
						大梵天王問佛決疑經		1
	0156	0426	(墨)	0427	(墨)	大方便佛報恩經	失譯	7
						大方禪師語錄		1
	1339	0416	(信)	0417	(信)	大方等陀羅尼經	北涼 法眾譯	4
	0944B					大佛頂大陀羅尼		1
	0946					大佛頂廣聚陀羅尼經		4
	0944A					大佛頂如來放光悉怛多[金*本]怛囉陀羅尼	唐 不空譯	1
	0947					大佛頂如來放光悉怛多般怛羅大神力都攝一切咒王陀羅尼經大威德最勝金輪三昧咒品		1
	0945	0441	(羔)	0442	(羔)	大佛頂如來密因修證了義諸菩薩萬行首楞嚴經	唐 般剌蜜帝譯	10
		1616	(綿邈)	1610	(綿邈)	大佛頂首楞嚴經會解	般刺密帝譯　彌伽釋迦譯語　房融筆受　惟則會解	20
						大佛灌頂經	唐 般刺密帝譯	1
						大佛名經	姚秦 鳩摩羅什共僧肇譯	18
	1331	0163	(恭)	0163	(恭)	佛說灌頂經	東晉 帛尸梨蜜多羅譯	12
						大光明藏	宋 寶曇述	3
	1392	0794	(忠)	0795	(忠)	大寒林聖難拏陀羅尼經	宋 法天譯	1
	1287					大黑天神法	唐 神愷記	1
	1048	0788	(忠)	0789	(忠)	佛說大護明大陀羅尼經	宋 法天譯	1
	0547					大花嚴長者問佛那羅延力經	唐 般若共利言譯	1
	1697					大慧度經宗要	新羅 元曉撰	1
						大慧普覺禪師年譜	宋 祖詠編，宗演重定	1
						大慧普覺禪師普說		1
	1998A	1524	(說感武)			大慧普覺禪師語錄	宋 蘊聞編	30
	1998B					大慧普覺禪師宗門武庫	宋 道謙編	1
	1252a					佛說大吉祥天女十二名號經	唐 不空譯	1
	1252b	0952	(興)	0953	(興)	佛說大吉祥天女十二名號經	唐 不空譯	1
	1253	0953	(興)	0954	(興)	大吉祥天女十二契一百八名無垢大乘經	唐 不空譯	1
	1381	0901	(深)	0902	(深)	佛說大吉祥陀羅尼經	宋 法賢譯	1
	1335	0468	(行)	0469	(行)	大吉義神咒經	元魏 曇曜譯	4
	0012	0932	(薄)	0933	(薄)	大集法門經	宋 施護譯	2
	0424	0966	(清)	0967	(清)	大集會正法經	宋 施護譯	5
	0397	0057	(位-國)	0057	(位-國)	大方等大集經	北涼 曇無讖譯	60
	0416	0071	(罪)	0071	(罪)	大方等大集經賢護分	隋 闍那崛多譯	5
	0496	0739	(當)	0740	(當)	佛說大迦葉本經	西晉 竺法護譯	1
	0310-s23					大迦葉經	東魏 月婆首那譯	2
	0352	0799	(忠)	0800	(忠)	佛說大迦葉問大寶積正法經	宋 施護譯	5
	0008	0987	(斯)	0988	(斯)	大堅固婆羅門緣起經	宋 施護等譯	2
	1415	0836	(盡)	0837	(盡)	大金剛妙高山樓閣陀羅尼	宋 施護譯	1
	1401	0862	(臨)	0863	(臨)	佛說大金剛香陀羅尼經	宋 施護譯	1
	0988	0306	(過)	0307	(過)	孔雀王咒經	姚秦 鳩摩羅什譯	1
	0817	0179	(毀)	0180	(毀)	佛說大淨法門經	西晉 竺法護譯	1
				1641	(幾)	大覺普濟能仁琇國師語錄	行岳編	7
	0983A	1391	(杜)	1392	(杜)	佛說大孔雀明王畫像壇場儀軌	唐 不空譯	1
	0986	0304	(過)	0305	(過)	大金色孔雀王咒經	失譯	1
	0987	0305	(過)	0306	(過)	佛說大金色孔雀王咒經	失譯	1
	0985	0301	(知)	0302	(知)	佛說大孔雀咒王經	唐 義淨譯	3
	0243	1028	(澄)	1029	(澄)	大樂金剛不空真實三麼耶經	唐 不空譯	1
	1003	1399	(槁)	1400	(槁)	大樂金剛不空真實三昧耶經般若波羅蜜多理趣釋	唐 不空譯	2
	1119	1378	(杜)	1379	(杜)	大樂金剛薩埵修行成就儀軌	唐 不空譯	1
						大輪金剛陀羅尼	唐 地婆訶羅譯	1
	1231					大輪金剛修行悉地成就及供養法		1
	1230					佛說大輪金剛總持陀羅尼經		1
	0965					大妙金剛大甘露軍拏利焰鬘熾盛佛頂經	唐 達磨栖那譯	1
	0225	0008	(潛)	0008	(潛)	大明度經	吳 支謙譯	6
		1649	(史)	1620	(務)	大明仁孝皇后夢感佛說第一希有大功德經	明 徐皇后述	2
		1613	(昆-石)	1621	(茲-俶)	大明三藏法數	一如等集註	40
		1654				大明三藏聖教目錄	明 雙徑山僧衆編	3
		1608	(主)	1623	(畝)	大明太宗文皇帝御製序讚文	明 成祖撰　明太宗御製	1
	1257	0838	(盡)	0839	(盡)	佛說大摩里支菩薩經	宋 天息災譯	7
	1796					大毘盧遮那成佛經疏	唐 一行記	20
	0848	0525	(賢)	0526	(賢)	大毘盧遮那成佛神變加持經	唐 善無畏．一行譯	7
	0852a,0852b					大毘盧遮那成佛神變加持經蓮華胎藏悲生曼荼羅廣大成就儀軌供養方便會	唐 法全撰	2
	0853					大毘盧遮那成佛神變加持經蓮華胎藏菩提幢標幟普通真言藏廣大成就瑜伽	唐 法全集	3
	0856	1387	(杜)	1388	(杜)	大毘盧遮那成佛神變加持經略示七支念誦隨行法	唐 不空譯	1
	0859					供養儀式		1
	0849					大毘盧遮那佛說要略念誦經	唐 菩提金剛譯	1
	0981					大毘盧遮那佛眼修行儀軌	唐 一行記	1
	0863					大毘盧遮那經阿闍梨真實智品中阿闍梨住阿字觀門	唐 惟謹述	1
	1797					大毘盧遮那經供養次第法疏	唐 不可思議撰	2
	0851					大毘盧遮那經廣大儀軌	唐 善無畏譯	3
	0858					大毘盧遮那略要速疾門五支念誦法		1
	2081-j1					大毘盧遮那神變加持經大教相承傳法次第記	唐 海雲記	1
						大品經義疏	胡 吉藏撰	9
	1696					大品經遊意	隋 吉藏撰	1
	0310-s12					大菩薩藏經	唐 玄奘譯	20
						大普甯寺大藏經目錄	元 如瑩編	4
	1367	0470	(行)	0471	(行)	佛說大普賢陀羅尼經	失譯	1
	1368	0471	(行)	0472	(行)	佛說大七寶陀羅尼經	失譯	1
	2144					大秦景教流行中國碑頌	唐 景淨述	1
	0860					大日經持誦次第儀軌		1
	0857	1396	(杜)	1397	(杜)	大日經略攝念誦隨行法	唐 不空譯	1
						大日經義釋	唐 一行述記	14
						大日經義釋演密鈔	遼 覺苑撰	10
	0864A					大日如來劍印		1
						佛說大如意寶珠輪牛王守護神咒經	阿謨伽三藏譯	1
	0272	0174	(豈)	0175	(豈)	大薩遮尼乾子所說經	元魏 菩提留支譯	10
	0019	0845	(盡)	0846	(盡)	大三摩惹經	宋 法天譯	1
	1156B					宗叡僧正於唐國師所口受		1
	1156A					大隨求即得大陀羅尼明王懺悔法		1
						大隨求陀羅尼	宋 慈賢譯	1
	2146	1601	(宗)	1513	(尹)	眾經目錄	隋 法經等撰	7
	1438	1155	(外)	1156	(外)	大沙門百一羯磨法	失譯人名今附宋錄	1
	0310-s22					大神變會	唐 菩提流志譯	2
	0052	0927	(薄)	0928	(薄)	大生義經	宋 施護譯	1
	0980					大勝金剛佛頂念誦儀軌	唐 金剛智譯	1
	1266	1395	(杜)	1396	(杜)	大聖天歡喜雙身毘那夜迦法	唐 不空譯	1
	1270					大聖歡喜雙身大自在天毘那夜迦王歸依念誦供養法	唐 善無畏譯	1
	1274					大聖歡喜雙身毘那夜迦天形像品儀軌	唐 憬瑟撰	1
	1176	1389	(杜)	1390	(杜)	曼殊室利童子菩薩五字瑜伽法	唐 不空譯	1
	1268					大使咒法經	唐 菩提留支譯	1
	0625	0158	(五)	0158	(五)	大樹緊那羅王所問經	姚秦 鳩摩羅什譯	4
	2149	1475	(侈富)	1528	(阜微)	大唐內典錄	唐 道宣撰	10
	2087	1495	(孰)	1530	(旦)	大唐西域記	唐 玄奘譯．辯機撰	12
	2066	1483	(尹)	1536	(說)	大唐西域求法高僧傳	唐 義淨撰	2
	2871					大通方廣懺悔滅罪莊嚴成佛經		3
	0956	0536	(念)	0537	(念)	大陀羅尼末法中一字心咒經	唐 寶思惟譯	1
						大王觀世音經	失譯(疑僞經)	1
	0964	1003	(之)	1004	(之)	佛說大威德金輪佛頂熾盛光如來消除一切災難陀羅尼經	失譯	1
	1341	0418	(覆器)	0419	(覆器)	大威德陀羅尼經	隋 闍那崛多譯	20
	0834	0206	(盧)	0207	(貞)	大威燈光仙人問疑經	隋 闍那崛多等譯	1
	1225	1390	(杜)	1391	(杜)	大威怒烏芻澀麼儀軌經	唐 不空譯	1
						大笑禪師語錄		1
						大休禪師語錄		1
	1146	1410	(槁)	1411	(槁)	大虛空藏菩薩念誦法	唐 不空譯	1
	0404					大集大虛空藏菩薩所問經	唐 不空譯	8
	1260	1384	(杜)	1385	(杜)	大藥叉女歡喜母并愛子成就法	唐 不空譯	1
	0177	0522	(維)	0523	(維)	大意經	劉宋 求那跋陀羅譯	1
	0723	1341	(墳)	1342	(墳)	分別業報略經	大勇菩薩撰　劉宋 僧伽跋摩譯	1
	0216	0712	(孝)	0713	(孝)	大魚事經	東晉 竺曇無蘭譯	1
	0387	0239	(男)	0240	(男)	大方等無想經	北涼 曇無讖譯	6
	0990					大雲經祈雨壇法	唐 不空譯	1
	0991	0183	(毀)	0184	(毀)	大雲輪請雨經	隋 那連提耶舍譯	2
	0989	0964	(清)	0965	(清)	大雲輪請雨經	唐 不空譯	2
	0993	0182	(毀)	0183	(毀)	大雲經請雨品第六十四	北周 闍那耶舍譯	1
	0992	0181	(毀)	0182	(毀)	大方等大雲經請雨品第六十四	北周 闍那耶舍譯	1
	0388					大雲無想經	姚秦 竺佛念譯	1
						大藏經綱目指要錄	宋 惟白撰	8
						安吉州思溪法寶資福禪寺大藏經目錄	宋 惟白撰	2
						大藏目錄(麗藏目錄)	宋 高麗僧衆同編	3
		1603	(岱)	1608	(庭)	大藏聖教法寶標目	元 王古撰	10
						大藏一覽集		11
	0594	0831	(盡)	0832	(盡)	佛說大自在天子因地經	宋 施護譯	1
	1669	1291	(疑)	1292	(疑)	大宗地玄文本論	馬鳴菩薩造　陳 真諦譯	20
						大宗地玄文本論略註	清 楊文會略註	4
	1577	1235	(靜)	1236	(靜)	大丈夫論	提婆羅菩薩造　北涼 道泰譯	2
	0045	0898	(深)	0899	(深)	大正句王經	宋 法賢譯	2
	1509	1162	(傅-叔)	1163	(傅-叔)	大智度論	龍樹菩薩造　後秦 鳩摩羅什譯	100
						大智度論疏	南北朝 慧影抄撰	7
						大智律師禮讚文	宋 則安述	1
	1743					皇帝降誕日於麟德殿講大方廣佛華嚴經玄義一部	唐 靜居撰	1
	0818	0180	(毀)	0181	(毀)	大莊嚴法門經	隋 那連提耶舍譯	2
	0187	0155	(四大)	0155	(四大)	方廣大莊嚴經	唐 地婆訶羅譯	12
	0201	1175	(慈隱)	1176	(慈隱)	大莊嚴論經	馬鳴菩薩造　後秦 鳩摩羅什譯	15
						呆菴普莊禪師語錄	(門人) 慧啟．智粵．智勝．德琇．曇頓．道哲 等編	8
						丹霞子淳禪師語錄	(嗣法小師) 慶預 校勘	2
						澹歸禪師語錄		1
						澹崖原禪師語錄		1
	0395	0463	(景)	0464	(景)	佛說當來變經	西晉 竺法護譯	1
						道德經順硃		1
	0607	1318	(明)	1319	(明)	道地經	僧伽羅剎造　後漢 安世高譯	1
						道具賦	宋 元照撰	1
	0816	0144	(方)	0144	(方)	佛說道神足無極變化經	西晉 安法欽譯	4
	0224	0005	(淡)	0005	(淡)	道行般若經	後漢 支婁迦讖譯	10
						道餘錄		1
	2107					道宣律師感通錄	唐 道宣撰	1
	0709	0275	(良)	0276	(良)	佛說稻[卄/干]經	闕譯	1
	0712					佛說大乘稻[卄/干]經	失譯	1
						德風禪師語錄		1
	0545	0227	(潔)	0228	(潔)	佛說德護長者經	隋 那連提耶舍譯	2
	0785	0686	(敬)	0687	(敬)	得道梯橙錫杖經	失譯	1
	0339	0041	(裳)	0041	(裳)	得無垢女經	元魏 瞿曇般若流支譯	1
						得依釋序文緣起	日本 慧堅撰	1
						得遇龍華修證懺儀	明 如惺撰	4
	0703	0715	(孝)	0716	(孝)	燈指因緣經	姚秦 鳩摩羅什譯	1
	0381	0124	(化)	0124	(化)	等集眾德三昧經	西晉 竺法護譯	3
	0288	0107	(率)	0107	(率)	等目菩薩所問三昧經	西晉 竺法護譯	3
	1201					底哩三昧耶不動尊聖者念誦祕密法	唐 不空譯	3
	1200	1057	(言)	1058	(言)	底哩三昧耶不動尊威怒王使者念誦法	唐 不空譯	1
						地持論義記	隋 慧遠述	10
						地藏本願經綸貫	清 靈[亢-几+桀]撰	1
						地藏本願經科文	清 岳玄撰	1
						地藏本願經科註	清 靈[亢-几+桀]撰	6
	0412	0997	(斯)	0998	(斯)	地藏菩薩本願經	唐 實叉難陀譯	2
						地藏菩薩懺法	清 闕名	3
						讚禮地藏菩薩懺願儀	明 智旭述	1
						佛說地藏菩薩發心因緣十王經	唐 藏川述	1
	0413	1449	(隸)	1450	(隸)	百千頌大集經地藏菩薩請問法身讚	唐 不空譯	1
						地藏菩薩像靈驗記	宋 常謹集	1
	1158					地藏菩薩儀軌	唐 輸婆迦羅譯	1
	1159B					佛說地藏菩薩陀羅尼經		1
	0411	0060	(陶)	0060	(陶)	大乘大集地藏十輪經	唐 玄奘譯	10
	0249	0859	(臨)	0860	(臨)	佛說帝釋般若波羅蜜多心經	宋 施護譯	1
	0015	0918	(深)	0919	(深)	帝釋所問經	宋 法賢譯	1
	0940	1385	(杜)	1386	(杜)	佛說帝釋巖祕密成就儀軌	宋 施護譯	1
	0826	0761	(當)	0762	(當)	弟子死復生經	劉宋 沮渠京聲譯	1
	0833	0205	(貞)	0206	(貞)	第一義法勝經	元魏 瞿曇般若流支譯	1
	0959					頂輪王大曼荼羅灌頂儀軌	唐 [(工*刀)/言]弘集	1
	0165	1005	(之)	1006	(之)	頂生王因緣經	宋 施護等譯	6
	0039	0598	(善)	0599	(善)	頂生王故事經	西晉 法炬譯	1
	0477	0141	(萬)	0141	(萬)	佛說大方等頂王經	西晉 竺法護譯	1
	0478	0140	(萬)	0140	(萬)	大乘頂王經	梁 月婆首那譯	1
		1644-t1	(素)	1591	(郡)	定慧相資歌	宋 延壽撰	1
	1354	0361	(罔)	0362	(罔)	東方最勝燈王如來經	隋 闍那崛多等譯	1
	1353					東方最勝燈王陀羅尼經	隋 闍那崛多譯	1
						東國僧尼錄		1
						東海若解	唐 柳子厚著　清 實賢解	1
						東林十八高賢傳		1
						東岩禪師語錄		1
	2183					東域傳燈目錄	日本 永超集	1
	1986B					瑞州洞山良价禪師語錄	明 語風圓信．郭凝之編	1
	1986A					筠州洞山悟本禪師語錄	日本 慧印校	1
						洞上祖憲錄	清 智湘翁氏輯	16
	0280	0098	(壹)	0098	(壹)	佛說兜沙經	後漢 支婁迦讖譯	1
				1658	(祗)	兜率龜鏡集	清 弘贊輯	3
	0078	0606	(善)	0607	(善)	兜調經	失譯	1
	1089					都表如意摩尼轉輪聖王次第念誦祕密最要略法	唐 解脫師子譯	1
	0903	1444	(隸)	1445	(隸)	都部陀羅尼目	唐 不空譯	1
						毒峰禪師語錄		1
						獨朗禪師語錄		1
	0808	0228	(潔)	0229	(潔)	佛說犢子經	吳 支謙譯	1
	0292	0100	(壹)	0100	(壹)	度世品經	西晉 竺法護譯	6
	0358	0052	(養)	0052	(推)	度一切諸佛境界智嚴經	梁 僧伽婆羅等譯	1
	0302	0081	(殷)	0081	(殷)	度諸佛境界智光嚴經	失譯	1
	2012A	1646	(素)	1567	(沙)	黃檗山斷際禪師傳心法要	唐 裴休集	1
						斷橋妙倫禪師語錄	(侍者) 文寶．善靖 編	2
						佛說斷溫經		1
						斷愚禪師語錄		1
	2091					燉煌錄		1
						頓悟入道要門論	唐 慧海撰	1
						多利心菩薩念誦法	南天竺 跋折羅菩提集撰	1
	0740	0772	(當)	0773	(當)	佛說頞多和多耆經	失譯	1
	0746	0672	(璧)	0673	(璧)	餓鬼報應經	失譯	1
						耳庵禪師語錄		1
						爾瞻禪師語錄		1
						二部僧授戒儀式	清 書玉述	2
	1854					二諦義	隋 吉藏撰	3
						二林唱和詩	清 彭紹升集	1
						二十八藥叉大將名號	唐 不空譯抄之	1
						二十八夜叉大軍王名號	梁 僧伽婆羅譯抄之	1
	1576	1300	(星)	1301	(星)	大乘二十頌論	龍樹菩薩造　宋 施護譯	1
						二隱禪師語錄		1
	0327	0034	(衣)	0034	(衣)	發覺淨心經	隋 闍那崛多譯	2
						發菩提心戒	遼 志仙記	1
	1659	1210	(沛)	1211	(沛)	發菩提心經論	天親菩薩造　後秦 鳩摩羅什譯	2
	0838	0928	(薄)	0929	(薄)	佛說發菩提心破諸魔經	宋 施護譯	2
						發趣論	範寄東據日譯本重譯	
	0310-s25					發勝志樂會	唐 菩提流志譯	2
						法寶壇經贊	宋 契嵩述	1
						法昌倚遇禪師語錄	(小師) 宗密 錄	1
	0819	0449	(羊)	0450	(羊)	佛說法常住經	失譯	1
	0763	1009	(之)	1010	(之)	佛說法乘義決定經	宋 金總持等譯	3
						法幢遠禪師語錄		1
	0611	1354	(聚)	1355	(聚)	法觀經	西晉 竺法護譯	1
	0034	0668	(璧)	0669	(璧)	法海經	西晉 法炬譯	1
						註法華本[這-言+亦]十不二門	宋 宗翌述	1
						大部妙玄格言	宋 善月述	2
	1926	1539	(土)	1475	(轂)	法華經安樂行義	陳 慧思說	1
						法華經持驗記	清 周克復纂	2
						法華經大成	清 大義集	10
						法華經大成科	清 際慶排錄	1
						法華經大成音義	清 淨昇集	1
						法華經大窾	明 通潤箋	8
						法華經大意	唐 湛然述	1
						法華經大意	明 無相說	3
						法華經合論	宋 慧洪造　張商英撰	7
						法華經會義	明 智旭述	16
						法華經擊節	明 德清述	1
						法華經精解評林	明 焦竑纂	2
						法華經句解	宋 聞達解	8
						法華經科拾並科	清 普德立科，智一拾遺	8
						法華經科拾懸談卷首	清 佛閑立科、智一拾遺	1
						法華經科註	宋 守倫註　明 法濟參訂	10
						法華經科註	元 徐行善科註	8
						法華經科註	明 一如集註	7
						法華經綸貫	明 智旭述	1
						法華經論述記		1
						法華經疏	宋 竺道生撰	2
						法華經入疏	宋 道威入注	12
						法華經三大部補注	宋 從義撰	14
						法華三大部科文	唐 湛然撰	16
						法華經三大部讀教記	宋 法照撰	20
						法華經釋籤緣起序指明	清 靈耀述	1
						法華統略	胡 吉藏撰	6
						法華經疏義纘	唐 智度述	6
				1664	(寵-極)	法華經授手	清 智祥集	10
						法華經通義	明 德清述	7
						法華經為為章	唐 窺基撰	1
						法華經文句纂要	清 道霈纂要	7
						法華經文句輔正記	唐 道暹述	10
						法華經文句格言	宋 善月述	3
	1719	1529	(晉楚更)	1492	(輕策功)	法華文句記	唐 湛然述	10
						法華經文句記箋難	宋 有嚴箋	4
						法華經顯應錄	宋 宗曉編	2
	1720					法華玄論	隋 吉藏撰	10
						法華經玄籤備撿	宋 有嚴注	4
						法華經玄籤證釋	清 智銓述	10
						法華經玄義輯略	明 傳燈錄	1
						法華經玄義節要	明 智旭節	2
	1723					妙法蓮華經玄贊	唐 窺基撰	10
						法華經玄贊決擇記	唐 崇俊撰　法清集疏	2
						法華經玄贊攝釋	唐 智周撰	4
						法華經玄贊釋		1
						法華經玄贊要集	唐 栖復集	31
	1724					法華玄贊義決	唐 慧沼撰	1
						法華經演義並科	清 一松講錄，廣和編定	21
						法華經要解並科	宋 戒環解	8
	1715					法華經義記	梁 法雲撰	8
	1721					法華義疏	隋 吉藏撰	12
						法華經意語	明 圓澄說、明海重訂	1
	1722					法華遊意	隋 吉藏造	1
						法華經知音	明 如愚著	7
						法華經指掌疏	清 通理述	7
						法華經指掌疏科文	清 通理排	1
						法華經指掌疏事義	清 通理述	1
						法華經指掌疏懸示	清 通理述	1
	2068					法華傳記	唐 僧詳撰	10
						法華經卓解	清 徐昌治著	7
						法華靈驗傳	明 了圓錄	2
						法華龍女成佛權實義	宋 源清述	1
	1818					法華論疏	隋 吉藏撰	3
	1001					法華曼荼羅威儀形色法經	唐 不空譯	1
	1943					略法華三昧補助儀		1
	1941	1502	(輔)	1477	(轂)	法華三昧懺儀	隋 智顗撰	1
	0269	0131	(草)	0131	(草)	佛說法華三昧經	宋 智嚴譯	1
	1942	1503	(輔)	1550	(寔)	法華三昧行事運想補助儀	唐 湛然撰	1
	1292					法華十羅剎法	唐 不空譯	1
						法華十妙不二門示珠指	宋 源清述	2
						法華題目鈔	日本 日蓮撰	1
						法華五百問論	唐 湛然述	3
						法華玄記十不二門顯妙	宋 處謙述	1
	1717	1527	(多士)	1490-in	(祿-車)	法華玄義釋籤	唐 湛然述	20
	1725					法華宗要	新羅 元曉撰	1
	0761	0421	(難)	0422	(難)	佛說法集經	元魏 菩提流支譯	6
	0764	0806	(則)	0807	(則)	佛說法集名數經	宋 施護譯	1
	0213	1431	(隸)	1432	(隸)	法集要頌經	法救集　宋 天息災譯	4
						法界安立圖	明 仁潮錄	6
	1925	1564	(刑)	1483	(振)	法界次第初門	隋 智顗撰	3
						法界觀披雲集	宋 道通述	1
	0310-s08					法界體性無分別經	梁 曼陀羅仙譯	2
	1887B					法界圖記叢髓錄		2
	1626	1250	(逸)	1251	(逸)	大乘法界無差別論	堅慧菩薩造　唐 提雲般若等譯	1
	1627	1310	(通)	1311	(通)	大乘法界無差別論	堅慧菩薩造　唐 提雲般若譯	1
	1838					大乘法界無差別論疏	唐 法藏撰	1
						大乘法界無差別論疏領要鈔	宋 普觀述	2
						大乘法界無差別論疏領要鈔科	宋 普觀錄	1
						法界宗蓮花章	清 續法集	1
						法界宗五祖略記	清 續法輯	1
	0322	0030	(服)	0030	(服)	法鏡經	後漢 安玄譯	1
	0210	1357	(群)	1358	(群)	法句經	法救撰　吳 維祇難等譯	2
	0211	1345	(亦)	1346	(亦)	法句譬喻經	晉世 法炬共法立譯	4
						法瀾禪師語錄		1
	2051					唐護法沙門法琳別傳	唐 彥琮撰	3
	0631	1093	(初)	1094	(初)	佛說法律三昧經	吳 支謙譯	1
	2124					法門名義集	唐 李師政撰	1
						法門鋤宄	清 淨符著	1
	0396	0465	(景)	0466	(景)	佛說法滅盡經	失譯	1
	0766	0915	(深)	0916	(深)	佛說法身經	宋 法賢譯	1
	1551	1286	(納)	1287	(納)	阿毘曇心論經	法勝論　優波扇多釋　高齊 那連提耶舍譯	6
	0792	0684	(敬)	0685	(敬)	佛說法受塵經	後漢 安世高譯	1
						法璽禪師語錄		1
	2085	1488	(微)	1463	(書)	高僧法顯傳	東晉 法顯記	1
	2180					法相宗章疏	日本 平祚錄	1
	2181					注進法相宗章疏	日本 藏俊撰	1
						法性經	失譯	1
	1995					法演禪師語錄	宋 才良等編	3
	0104	0926	(薄)	0927	(薄)	佛說法印經	宋 施護譯	1
	1861					大乘法苑義林章	唐 窺基撰	7
						大乘法苑義林章補闕	唐 慧沼撰	3
						大乘法苑義林章決擇記	唐 智周撰	4
	2323					大乘法苑義林章師子吼鈔	日本 基辨撰	22
						法苑義林西玩記	唐 窺基撰	6
	2122	1474	(高-祿)	1532	(營-綺)	法苑珠林	唐 道世撰	100
	2054					唐大薦福寺故寺主翻經大德法藏和尚傳	新羅 崔致遠撰	1
	1935	1576	(起)	1578	(馳)	法智遺編觀心二百問	宋 繼忠集	1
	2030	1458	(漆)	1459	(漆)	大阿羅漢難提蜜多羅所說法住記	唐 玄奘譯	1
						法柱棟禪師語錄		1
	2130					翻梵語		10
	2131	1632	(貢新)	1599	(塞雞)	翻譯名義集	宋 法雲編	7
	1063	0315-t1	(能)	0316-t1	(能)	番大悲神咒		1
		0168-t1	(惟)	0169	(惟)	番字藥師七佛本願功德經	唐 義淨譯	1
	0521	0754	(當)	0755	(當)	佛說梵摩難國王經	失譯	1
	0076	0603	(善)	0604	(善)	梵摩渝經	吳 支謙譯	1
	0567	0337	(莫)	0338	(莫)	佛說梵志女首意經	西晉 竺法護譯	1
	2089-s04					梵僧指空禪師傳考		
	1311					梵天火羅九曜	唐 一行修述	1
	0910					梵天擇地法	唐 不空傳	1
	1484	1081	(安)	1082	(安)	梵網經	後秦 鳩摩羅什譯	2
						梵網經懺悔行法	明 智旭述	1
	1815					梵網經古[這-言+亦]記	新羅 太賢集	2
						梵網經合註	明 智旭註　道昉訂	7
						梵網經記	唐 傳奧述	2
	1907					菩薩戒本持犯要記	新羅 元曉述	1
						菩薩戒本箋要	明 智旭箋	1
						梵網經菩薩戒本私記	新羅 元曉造	1
	1813					梵網經菩薩戒本疏	唐 法藏撰	6
						梵網經菩薩戒本疏	唐 知周撰	5
	1814					菩薩戒本疏	新羅 義寂述	3
						梵網經菩薩戒本述記	唐 勝莊撰	4
	1906					菩薩戒本宗要	新羅 大賢撰	1
						梵網經菩薩戒初津	清 書玉述	8
						菩薩戒羯磨文釋	明 智旭釋	1
						梵網經菩薩戒經義疏	隋 智凱說　唐 灌頂記	2
						梵網經菩薩戒略疏	明 弘贊述	8
						梵網經菩薩戒疏	唐 法銑撰	4
						菩薩戒疏隨見錄	明 今釋造	1
						梵網經菩薩戒注	宋 慧因註	3
						梵網經順硃	清 德玉順硃	2
						梵網經玄義	明 智旭述　道昉訂	1
				1644	(勞)	梵網經直解	明 寂光直解	10
						梵網經直解事義		1
	0021	0549	(福)	0550	(福)	梵網六十二見經	吳 支謙譯	1
	1812					天台菩薩戒疏	唐 明曠刪補	3
						梵網菩薩戒經疏註	宋 與咸(入疏箋經加註釋疏)	8
						梵網菩薩戒經義疏發隱	明 袾宏發隱	5
						梵網菩薩戒經義疏發隱事義	明 袾宏述	1
						梵網菩薩戒經義疏發隱問辯	明 袾宏述	1
	2133A					梵語千字文	唐 義淨撰	1
	2133B					梵語千字文	唐 義淨撰	1
	2135					梵語雜名	唐 禮言集	1
	0020	0587	(善)	0588	(善)	佛開解梵志阿[颱-台+(犮-乂+又)]經	吳 支謙譯	1
	0071	0592	(善)	0593	(善)	梵志頞波羅延問種尊經	東晉 竺曇無蘭譯	1
	0051	0566	(緣)	0567	(緣)	梵志計水淨經	失譯	1
	1467a	1106	(初)	1107	(初)	佛說犯戒罪報輕重經	後漢 安世高譯	1
	1467b					佛說犯戒罪報輕重經		1
	0310-s38					方便經	東晉 竺難提譯	3
	1632	1249	(逸)	1250	(逸)	方便心論	後魏 吉迦夜譯	1
	1940	1565	(刑)			方等三昧行法	隋 智顗說	1
						方融禪師語錄		1
						方山文寶禪師語錄	(嗣法) 先[者*見]．祖燈 等錄　(法孫) 機雲 編	1
	0629	0178	(毀)	0179	(毀)	佛說放[金*本]經	闕譯	1
	0221	0002	(菜重芥)	0002	(菜重芥)	放光般若經	西晉 無羅叉譯	20
	0123	0622	(善)	0623	(善)	佛說放牛經	後秦 鳩摩羅什譯	1
						費隱禪師語錄		1
	0084	0924	(薄)	0925	(薄)	分別布施經	宋 施護譯	1
	1507	1282	(笙)	1283	(笙)	分別功德論	失譯附後漢錄	5
	0738	0692	(敬)	0693	(敬)	佛說分別經	西晉 竺法護譯	1
	0081	0777	(竭)	0778	(竭)	分別善惡報應經	宋 天息災譯	2
	0729	0680	(敬)	0681	(敬)	佛說分別善惡所起經	後漢 安世高譯	1
	0717	0136	(賴)	0136	(賴)	分別緣起初勝法門經	唐 玄奘譯	2
	0718	0925	(薄)	0926	(薄)	佛說分別緣生經	宋 法天譯	1
	1992					汾陽無德禪師語錄	宋 楚圓集	3
	0421	0079	(發)	0079	(發)	奮迅王問經	元魏 瞿曇般若流支譯	2
	1482	1101	(初)	1102	(初)	佛阿毘曇經出家相品	陳 真諦譯	2
	0005	0547	(福)	0548	(福)	佛般泥洹經	西晉 白法祖譯	2
	0190	0675	(父-與)	0676	(父-與)	佛本行集經	隋 闍那崛多譯	60
	0193	1315	(達)	1316	(達)	佛本行經	宋 釋寶雲譯	7
	0389	0118	(食)	0118	(食)	佛垂般涅槃略說教誡經	姚秦 鳩摩羅什譯	1
	0541	0738	(當)	0739	(當)	佛說佛大僧大經	劉宋 沮渠京聲譯	1
	0680	0497	(行)	0498	(行)	佛說佛地經	唐 玄奘譯	1
	1530	1187	(節)	1188	(節)	佛地經論	親光菩薩等造　唐 玄奘譯	7
	0976				(之)	佛頂大白傘蓋陀羅尼經	元 沙囉巴譯	1
	1025	0784	(忠)	0785	(忠)	佛頂放無垢光明入普門觀察一切如來心陀羅尼經	宋 施護譯	2
						佛頂心觀世音菩薩大陀羅尼經	失譯人名	2
						佛頂觀世音菩薩救難經	失譯人名	1
						佛頂輪王一百名贊	宋 施護譯	1
						佛頂心觀世音菩薩大陀羅尼經	失譯人名	2
	0969	0347	(莫)	0348	(莫)	佛頂最勝陀羅尼經	唐 地婆訶羅譯	1
	0974B					佛頂尊勝陀羅尼		1
	0974F					佛頂尊勝陀羅尼別法	唐 若那譯	1
	0974C					加句靈驗佛頂尊勝陀羅尼記	唐 武徹述	1
	0967	0344	(莫)	0344	(莫)	佛頂尊勝陀羅尼經	唐 佛陀波利譯	1
	0968	0343	(莫)	0345	(莫)	佛頂尊勝陀羅尼經	唐 杜行顗譯	1
	0971	0345	(莫)	0346	(莫)	佛說佛頂尊勝陀羅尼經	唐 義淨譯	1
						佛頂尊勝陀羅尼經	唐 不空譯	1
	1803					佛頂尊勝陀羅尼經教跡義記	唐 法崇述	2
						佛頂尊勝陀羅尼經釋	清 續法釋	1
	0972	1413	(槁)	1414	(槁)	佛頂尊勝陀羅尼念誦儀軌法	唐 不空譯	1
	0974E					佛頂尊勝陀羅尼真言		1
	0974D					佛頂尊勝陀羅尼注義	唐 不空譯	1
	0906					佛頂尊勝心破地獄轉業障出三界祕密三身佛果三種悉地真言儀軌	唐 善無畏譯	1
	0907					佛頂尊勝心破地獄轉業障出三界祕密陀羅尼	唐 善無畏譯	1
						佛法金湯編	明 心泰編	16
						佛賦	宋太宗 趙炅撰	2
						佛古禪師語錄		
	0438	0962	(清)	0963	(清)	佛說大乘大方廣佛冠經	宋 法護等譯	2
						佛果擊節錄	宋 重顯拈古　克勤擊節	2
						佛果克勤禪師心要	(嗣法) 子文 編	4
	0303	0087	(邇)	0087	(邇)	佛華嚴入如來德智不思議境界經	隋 闍那崛多譯	2
	1681	1450	(漆)	1451	(漆)	佛吉祥德讚	寂友尊者造　宋 施護譯	3
	0390	0120	(食)	0119	(食)	佛臨涅槃記法住經	唐 玄奘譯	1
	0392	0119	(食)	0120	(食)	佛滅度後棺斂葬送經	失譯	1
						佛敏禪師語錄		1
	0440	0399	(己長)	0400	(己長)	佛說佛名經	元魏 菩提流支譯	12
	0441					佛說佛名經		30
	0145	0646	(慶)	0647	(慶)	佛母般泥洹經	劉宋 慧簡譯	1
	1152	1029	(澄)	1030	(澄)	佛說佛母般若波羅蜜多大明觀想儀軌	宋 施護譯	1
	1518	1301	(星)	1302	(星)	佛母般若波羅蜜多圓集要義論	大域龍菩薩造　宋 施護等譯	1
	1517	1302	(星)	1303	(星)	佛母般若波羅蜜多圓集要義釋論	三寶尊菩薩造　大域龍菩薩造本論　宋 施護等譯	4
	0229	0858	(臨)	0859	(臨)	佛說佛母寶德藏般若波羅蜜經	宋 法賢譯	3
	0228	0921	(履薄)	0922	(履薄)	佛說佛母出生三法藏般若波羅蜜多經	宋 施護譯	25
	0982	0302	(知)	0303	(知)	佛母大孔雀明王經	唐 不空譯	3
						佛母孔雀尊經科式		1
	0394	1324	(既)	1325	(既)	佛入涅槃密[這-言+亦]金剛力士哀戀經	失譯	1
	1678	1060	(言)	1061	(言)	佛三身讚	西土賢聖撰　宋 法賢譯	1
	0192	1343	(典)	1344	(典)	佛所行讚	馬鳴菩薩造　北涼 曇無讖譯	5
	0815	0149	(身)	0149	(身)	佛昇忉利天為母說法經	西晉 竺法護譯	3
	0781					佛說佛十力經	宋 施護等譯	1
	2029	1325	(既)	1326	(既)	佛使比丘迦旃延說法沒盡偈百二十章	失譯	1
	0499	0700	(敬)	0701	(敬)	佛為阿支羅迦葉自化作苦經	失譯	1
	0599	0452	(景)	0453	(景)	佛為海龍王說法印經	唐 義淨譯	1
	0075	0602	(善)	0603	(善)	佛為黃竹園老婆羅門說學經	失譯	1
	0310-s14					佛爲難陀說出家入胎經	唐 義淨譯	2
	0502	0742	(當)	0743	(當)	佛為年少比丘說正事經	西晉 法炬譯	1
	0601	0834	(盡)	0835	(盡)	佛為娑伽羅龍王所說大乘經	宋 施護譯	1
	0593	0245	(才)	0246	(才)	佛為勝光天子說王法經	唐 義淨譯	1
	0080	0734	(當)	0735	(當)	佛為首迦長者說業報差別經	隋 瞿曇法智譯	1
	0524	1000	(之)	1001	(之)	佛為優填王說王法政論經	唐 不空譯	1
	0920					佛心經	唐 菩提流志譯	2
	1610	1212	(匪)	1213	(匪)	佛性論	天親菩薩造　陳 真諦譯	4
	1679	1061	(言)	1062	(言)	佛一百八名讚	宋 法天譯	1
	0793	1319	(明)	1320	(明)	佛說佛醫經	吳 竺律炎共支越譯	1
	1820	1589	(迹)	1604	(野)	佛遺教經論疏節要	宋 淨源節要　明 袾宏補註	1
	0350	0053	(推)	0053	(推)	佛說遺日摩尼寶經	後漢 支婁迦讖譯	1
	0621	0446	(羊)	0447	(羊)	佛說佛印三昧經	後漢 安世高譯	1
	0832	0386	(短)	0387	(短)	佛語經	元魏 菩提流支譯	1
						佛冤禪師語錄		1
	0653	1089	(篤)	1090	(篤)	佛藏經	姚秦 鳩摩羅什譯	3
						佛祖綱目	明 朱時恩著	41
	2036	1629	(畝-黍)	1613	(杳-於)	佛祖歷代通載	元 念常集	22
	2035	1653	(城-碣)			佛祖統紀	宋 志磐撰	54
						佛祖三經指南	明 道霈述	3
						佛祖心燈		1
						佛祖宗派世譜		1
						佛祖正傳古今捷錄	清 果性集	1
	0795	1326	(既)	1327	(既)	佛治身經	失譯	1
	1900					佛制比丘六物圖	宋 元照撰	1
						佛制六物圖辯訛	宋 妙生述	1
	0065	0567	(緣)	0568	(緣)	伏婬經	西晉 法炬譯	1
	1671					福蓋正行所集經	龍樹菩薩集　宋 日稱等譯	12
	0173	0947	(夙)	0948	(夙)	福力太子因緣經	宋 施護等譯	4
	2170					福州溫州台州求得經律論疏記外書等目錄	日本 圓珍撰	1
						浮石禪師語錄		
	2115-j1~j3	1522	(漢)	1598	(紫)	輔教編	宋 釋契嵩撰	3
	2732					梁朝傅大士頌金剛經		1
	0684	0756	(當)	0757	(當)	佛說父母恩難報經	後漢 安世高譯	1
	2887					父母恩重經		1
	0320					父子合集經	宋 日稱等譯	20
	2058	1332	(集)	1333	(集)	付法藏因緣傳	元魏 吉迦夜共曇曜譯	6
	0310-s17					富樓那問經	姚秦 鳩摩羅什譯	3
						復宗集	宋 與咸述	1
	0563	0231	(潔)	0232	(潔)	佛說腹中女聽經	北涼 曇無讖譯	1
	0571	0716	(孝)	0717	(孝)	佛說婦人遇辜經	乞伏秦 聖堅譯	1
	1316	0535	(念)	0536	(念)	佛說甘露經陀羅尼咒	唐 實叉難陀譯	1
	1211	1405	(槁)	1406	(槁)	甘露軍荼利菩薩供養念誦成就儀軌	唐 不空譯	1
	1317				(念)	甘露陀羅尼咒	唐 實叉難陀譯	1
		1611	(城)			感應歌曲		1
						高峰龍泉院因師集賢語錄	元 如瑛編	15
						高峰原妙禪師禪要	(侍者) 持正 錄　(參學) 洪喬祖 編	1
						高峰原妙禪師語錄	(參學門人) 編	1
						高麗國新雕大藏校正別錄		30
						武林西湖高僧事略	宋 元敬、元複同述	1
						續武林西湖高僧事略	明 袾宏輯	1
						高僧摘要	清 徐昌治編輯	4
	2059	1482	(伊尹)	1468	(俠槐)	高僧傳	梁 慧皎撰	14
	2060	1485	(佐-衡)	1469	(卿-八)	續高僧傳	唐 道宣撰	30
	2061	1487	(宅曲阜)	1470	(縣家給)	宋高僧傳	宋 贊寧等撰	30
	2062			1471	(千)	大明高僧傳	明 如惺撰	8
	2065					海東高僧傳	高麗 覺訓撰	2
	2898					高王觀世音經		1
						高王觀音經註釋	清 周上智 錄出	1
	2162					根本大和尚真跡策子等目錄		1
	1458	1121	(尊卑)	1122	(尊卑)	根本薩婆多部律攝	尊者勝友造　唐 義淨譯	14
	1453	1125	(和)	1126	(和)	根本說一切有部百一羯磨	唐 義淨譯	10
	1455	1143	(隨)	1144	(隨)	根本說一切有部苾芻尼戒經	唐 義淨譯	1
	1443	1118	(貴賤)	1119	(貴賤)	根本說一切有部苾芻尼毘奈耶	唐 義淨譯	20
	1905	1131	(夫)	1132-t1	(夫)	根本說一切有部苾芻習學略法	元 拔合思巴集	1
	1904	1131	(夫)	1132	(夫)	根本說一切有部出家授近圓羯磨儀範	元 拔合思巴集	1
	1454	1104	(初)	1105	(初)	根本說一切有部戒經	唐 義淨譯	1
	1452-s2	1128	(睦)	1129	(睦)	根本說一切有部目得迦	唐 義淨譯	5
	1452-s1	1127	(睦)	1128	(睦)	根本說一切有部尼陀那	唐 義淨譯	5
	1442	1112	(竟-仕)	1113	(竟-仕)	根本說一切有部毘奈耶	唐 義淨譯	50
	1445					根本說一切有部毘奈耶安居事	唐 義淨譯	1
	1444					根本說一切有部毘奈耶出家事	唐 義淨譯	4
	1449					根本說一切有部毘奈耶羯恥那衣事	唐 義淨譯	1
	1456	1134	(唱)	1135	(唱)	根本說一切有部毘奈耶尼陀那目得迦攝頌	唐 義淨譯	1
	1447					根本說一切有部毘奈耶皮革事	唐 義淨譯	2
	1450	1117	(樂殊)	1118	(樂殊)	根本說一切有部毘奈耶破僧事	唐 義淨譯	20
	1459	1137	(婦)	1138	(婦)	根本說一切有部毘奈耶頌	尊者毘舍佉造　唐 義淨譯	3
	1446					根本說一切有部毘奈耶隨意事	唐 義淨譯	1
	1448					根本說一切有部毘奈耶藥事	唐 義淨譯	18
	1451	1115	(以-去)	1116	(以-去)	根本說一切有部毘奈耶雜事	唐 義淨譯	40
	1457	1135	(唱)	1136	(唱)	根本說一切有部略毘奈耶雜事攝頌	唐 義淨譯	1
	0310-s34					功德寶華敷菩薩會	唐 菩提流志譯	1
						功德天法	唐 阿難律木叉迦葉等譯	1
	1295					供養護世八天法	唐 法全集	1
	1297					供養十二大威德天報恩品	唐 不空譯	1
						供諸天科儀	清 弘贊集	1
	0310-s43					古大寶積經	失譯(附秦錄)	1
	2151	1479	(輕)			古今譯經圖紀	唐 靖邁撰	4
	2152	1480	(輕)			續古今譯經圖紀	唐 智昇撰	1
	0044	0557	(緣)	0558	(緣)	古來世時經	失譯	1
						古林清茂禪師拾遺偈頌	日本 海壽 編次	2
						古林清茂禪師語錄	(小師) 元浩．清欲．應槐 編	5
						盛京奉天般若古林禪師語錄	清 智說、正繼等錄	6
						古梅列禪師語錄		
						古庭禪師語錄		1
						古雪禪師語錄		1
						古尊宿禪師語錄		1
		1651	(密-士)			古尊宿語錄	宋 賾藏主集	48
						古尊宿語錄目錄	日本 道忠編	1
						續古尊宿語要	宋 師明集	6
						古尊宿語要目錄	日本 道忠編	1
						續古尊宿語要目錄	日本 道忠編	1
	1892					關中創立戒壇圖經	唐 道宣撰	1
	0649	0419	(器)	0420	(器)	觀察諸法行經	隋 闍那崛多譯	4
	0643	0425	(量)	0426	(量)	佛說觀佛三昧海經	東晉 佛陀跋陀羅譯	10
						觀河集節鈔	清 彭際清著、弟子節鈔	1
						觀楞伽經記	明 德清筆記	8
	0452	0199	(貞)	0200	(貞)	佛說觀彌勒菩薩上生兜率天經	宋 沮渠京聲譯	1
	0453	0203	(貞)	0201	(貞)	佛說彌勒下生經	西晉 竺法護譯	1
	1772					觀彌勒上生兜率天經[(夫*夫)/貝]	唐 窺基撰	2
	1959					觀念阿彌陀佛相海三昧功德法門	唐 善導集記	1
	0277	0389	(短)	0390	(短)	佛說觀普賢菩薩行法經	劉宋 曇無蜜多譯	1
	1624	1166	(投)	1167	(投)	觀所緣緣論	陳那菩薩造　唐 玄奘譯	1
						觀所緣緣論會釋	明 明昱會釋	1
	1625	1167	(投)	1168	(投)	觀所緣論釋	護法菩薩造　唐 義淨譯	1
						觀所緣緣論釋記	明 明昱錄記	1
						觀所緣緣論釋直解	唐 智旭解	1
						觀所緣緣論直解	明 智旭解	1
	0371	0390	(短)	0391	(短)	觀世音菩薩授記經	宋 曇無竭譯	1
						觀世音菩薩救苦經		1
						觀世音菩薩救難神驗		2
	1082	0316	(能)	0317	(能)	觀世音菩薩祕密藏如意輪陀羅尼神咒經	唐 實叉難陀譯	1
	0262-p25-h1		(草)		(草)	觀世音菩薩普門品經序	明 朱棣撰	1
	1083	0317	(能)	0318	(能)	觀世音菩薩如意摩尼陀羅尼經	唐 寶思惟譯	1
	1113A-t1					觀世音菩薩施食	高麗 指空譯	1
						觀世音菩薩往生淨土本緣經	失譯 附西晉錄	1
						觀世音普門品經疏	隋 智顗說	10
						觀濤禪師語錄		1
	0365	0193	(貞)	0194	(貞)	佛說觀無量壽佛經	宋 [彊-弓]良耶舍譯	1
						觀無量壽佛經融心解	宋 知禮撰	1
	1750	1551	(約)		(刻)	觀無量壽佛經疏	隋 智顗說	1
	1753			1502	(刻)	觀無量壽佛經疏	唐 善導集記	4
	1751	1552	(約)	1503	(刻)	觀無量壽佛經疏妙宗鈔	宋 知禮述	6
						觀無量壽佛經圖頌	明 傳燈述	1
	1754					觀無量壽佛經義疏	宋 元照述	3
						觀無量壽佛經約論	清 彭際清述	1
						觀無量壽經扶新論	宋 戒度述	1
						觀無量壽經疏妙宗鈔科	宋 知禮排定　明 真覺重排	1
	1752					觀無量壽經義疏	隋 吉藏撰	1
	1749					觀無量壽經義疏	隋 慧遠撰	1
						觀無量壽經義疏正觀記	宋 戒度述	3
						觀無量壽經直指疏	清 續法集	2
						觀無量壽經直指疏	清 灌頂撰	1
	0259	0822	(則)	0823	(則)	佛說觀想佛母般若波羅蜜多菩薩經	宋 天息災譯	1
	0939	1043	(止)	1044	(止)	佛說大乘觀想曼拏羅淨諸惡趣經	宋 法賢譯	2
	2692					觀心本尊抄	日本 日蓮撰	1
	1920					觀心論	隋 智顗述	1
	1921	1567	(刑)	1505	(磻)	觀心論疏	隋 灌頂撰	5
						觀心誦經法記	隋 智顗說　唐 湛然述	1
						觀心食法	隋 智顗述	1
						觀心玄樞	宋 延壽撰	1
	0409	0066	(吊)	0066	(吊)	觀虛空藏菩薩經	劉宋 曇摩蜜多譯	1
	1161	0300	(知)	0301	(知)	佛說觀藥王藥上二菩薩經	劉宋 [彊-弓]良耶舍譯	1
						觀音慈林集	清 弘贊輯	3
						觀音經		1
						觀音經持驗記	清 周克復集	2
						觀音經普門品膚說	清 靈耀說	1
						觀音經普門品重頌	宋 遵式述	1
	1727	1548	(遵)	1486	(纓)	觀音玄義記	宋 知禮述	4
						觀音經玄義記科	明代失撰人名	1
						觀音經玄義記條個	聖行述	1
	1729	1550	(遵約)	1482	(振)	觀音義疏記	宋 知禮述	4
						觀音經義疏記科	明代失撰人名	1
						觀音經義疏記條個	明代失撰人名	1
	1726	1547	(遵)	1485	(纓)	觀音玄義	隋 智顗說．灌頂記	2
	1728	1549	(遵)	1481	(振)	觀音義疏	隋 智顗說．灌頂記	2
	1030					觀自在大悲成就瑜伽蓮華部念誦法門	唐 不空譯	1
						觀自在多羅菩薩經曼荼羅品	唐 不空譯	1
	1102	1406	(槁)	1407	(槁)	金剛頂經多羅菩薩念誦法	唐 不空譯	1
	1264a					觀自在菩薩化身蘘麌哩曳童女銷伏毒害陀羅尼經	唐 不空譯	1
	1087	0533	(念)	0534	(念)	觀自在如意輪菩薩瑜伽法要	唐 金剛智譯	1
	1115					觀自在菩薩阿麼[齒*來]法		1
	1103a					觀自在菩薩隨心咒經	唐 智通譯	1
	1103b	0320	(能)	0321	(能)	觀自在菩薩怛[口*縛]多唎隨心陀羅尼經	唐 智通譯	1
	1042					觀自在菩薩大悲智印周遍法界利益眾生薰真如法	唐 不空譯	1
	1117	0904	(深)	0905	(深)	佛說觀自在菩薩母陀羅尼經	宋 法賢譯	1
	1085	1386	(杜)	1387	(杜)	觀自在菩薩如意輪念誦儀軌	唐 不空譯	1
	1086	1394	(杜)	1395	(杜)	觀自在菩薩如意輪瑜伽	唐 不空譯	1
	1952	1513	(輔)	1571	(馳)	觀自在菩薩如意輪咒課法	宋 仁岳撰	1
	1081	0318	(能)	0319	(能)	佛說觀自在菩薩如意心陀羅尼咒經	唐 義淨譯	1
				1656	(其)	觀自在菩薩如意心陀羅尼經略疏	清 續法述	2
	1037	0974	(斯)	0975	(斯)	觀自在菩薩說普賢陀羅尼經	唐 不空譯	1
	1041					觀自在菩薩心真言一印念誦法	唐 不空譯	1
	1623	1221	(匪)	1222	(匪)	觀總相論頌	陳那菩薩造　唐 義淨譯	1
	1331-j10					灌頂神策		1
	0218	0944	(夙)	0945	(夙)	灌頂王喻經	宋 施護等譯	1
						灌頂章句拔除過罪生死得度經	東晉 帛尸黎蜜多羅譯	1
	0695	0286	(知)	0287	(知)	佛說灌洗佛形像經	西晉 法炬譯	1
	0696	0287	(知)	0288	(知)	佛說摩訶剎頭經	西晉 聖堅譯	1
	0549	0933	(夙)	0934	(夙)	佛說光明童子因緣經	宋 施護譯	4
	0222	0004	(河)	0004	(河)	光讚經	西晉 竺法護譯	10
	1570	1181	(造)	1182	(造)	廣百論本	聖天菩薩造　唐 玄奘譯	1
	1571	1190	(廉)	1191	(廉)	大乘廣百論釋論	聖天菩薩本　護法菩薩釋　唐 玄奘譯	10
	0310-s49					廣博仙人會	唐 菩提流志譯	1
	0268	0154	(發)	0154	(發)	佛說廣博嚴淨不退轉輪經	宋 智嚴譯	6
	1006	0530	(念)	0531	(念)	廣大寶樓閣善住祕密陀羅尼經	唐 菩提流志譯	3
	1676	1368	(英)	1369	(英)	廣大發願頌	龍樹菩薩造　宋 施護等譯	1
	1116	0837	(盡)	0838	(盡)	廣大蓮華莊嚴曼拏羅滅一切罪陀羅尼經	宋 施護譯	1
	1113B					大慈大悲救苦觀世音自在王菩薩廣大圓滿無礙自在青頸大悲心陀羅尼	唐 不空譯	1
	2103	1473	(家-兵)	1473	(高-輦)	廣弘明集	唐 道宣撰	30
						廣品曆章	玄逸撰	30
	1664	1293	(疑)	1294	(疑)	廣釋菩提心論	蓮華戒菩薩造　宋 施護譯	4
	1613	1168	(投)	1169	(投)	大乘廣五蘊論	安慧菩薩造　唐 地婆訶羅譯	1
	0097	0582	(緣)	0583	(緣)	廣義法門經	陳 真諦譯	1
						歸戒要集	清 弘贊輯	3
						歸元直指集	明 宗本集	2
	0734	0670	(壁)	0671	(壁)	佛說鬼問目連經	後漢 安世高譯	1
	1262	0753	(當)	0754	(當)	佛說鬼子母經	失譯	1
	1934	1562	(弊)			國清百錄	隋 灌頂纂	4
	0148	0627	(善)	0628	(善)	國王不梨先泥十夢經	東晉 竺曇無蘭譯	1
	0180	0464	(景)	0465	(景)	過去世佛分衛經	西晉 竺法護譯	1
	0189	0661	(尺)	0662	(尺)	過去現在因果經	劉宋 求那跋陀羅譯	4
	0446a					過去莊嚴劫千佛名經	闕譯	1
	0446b	0400	(長)	0401	(長)	過去莊嚴劫千佛名經	失譯	1
	0035	0667	(壁)	0668	(壁)	海八德經	後秦 鳩摩羅什譯	1
	0397-p05					海慧菩薩品	北涼 曇無譯	1
	0598	0451	(景)	0452	(景)	佛說海龍王經	西晉 竺法護譯	4
	0400	0970	(似)	0971	(似)	佛說海意菩薩所問淨印法門經	宋 惟淨等譯	18
	1889					海印三昧論	新羅 明皛述	1
						海印昭如禪師語錄	(門人) 行純．道彰．從心 集	1
						憨山大師年譜		1
				1634	(黜-素)	憨山老人夢遊集	(侍者) 福善 日錄　(門人) 通炯 編輯	52
						憨休禪師敲空遺響		1
						憨休禪師語錄		1
						憨予暹禪師語錄		1
						寒松禪師語錄		1
						寒山詩		1
	1261	1441	(隸)	1442	(隸)	訶利帝母真言經	唐 不空譯	1
	0538	0714	(孝)	0715	(孝)	佛說呵雕阿那鋡經	東晉 竺曇無蘭譯	1
	0664	0126	(被)	0126	(被)	合部金光明經	隋 寶貴合	8
	1074					何耶揭唎婆觀世音菩薩受法壇		1
	1073					何耶揭唎婆像法		1
						何一禪師語錄		1
						鶴峰禪師語錄		1
	2611					黑谷上人語燈錄	日本 源空撰．了惠道光輯	15
	0583	0698	(敬)	0699	(敬)	佛說黑氏梵志經	吳 支謙譯	1
	0310-s31					恒河上優婆夷會	唐 菩提流志譯	1
	0033	0594	(善)	0595	(善)	恒水經	西晉 法炬譯	1
						恒水流樹經	失譯	1
						恒秀禪師語錄		1
						衡山禪師語錄		1
						橫川行珙禪師語錄	(門人) 本光 等編	2
	1251					吽迦陀野儀軌	唐 金剛智譯	3
	2001					宏智禪師廣錄	宋 集成等編	9
						弘戒法儀	明 法藏輯	2
				1643	(中庸)	弘覺忞禪師語錄	顯權等編	20
	2102	1471	(八縣)	1472	(千兵)	弘明集	梁 僧祐撰	14
	2067					弘贊法華傳	唐 惠詳撰	10
						虎丘紹隆禪師語錄	(參學) 嗣端 等編	1
						護法錄		1
	2114	1494	(旦)	1603	(野)	護法論	宋 張商英述	1
	0069	0923	(薄)	0924	(薄)	護國經	宋 法賢譯	1
	0310-s18					護國菩薩經	隋 闍那崛多譯	2
	0321	0867	(臨)	0868	(臨)	佛說護國尊者所問大乘經	宋 施護譯	4
	0748	0748	(當)	0749	(當)	佛說護淨經	失譯	1
	1139	0366	(罔)	0367	(罔)	護命法門神咒經	唐 菩提流志譯	1
	1901	1500	(桓)	1543	(俊)	護命放生軌儀法	唐 義淨撰	1
	1028A	0483	(行)	0484	(行)	佛說護諸童子陀羅尼經	元魏 菩提流支譯	1
	1359	0851	(命)	0852	(命)	佛說花積樓閣陀羅尼經	宋 施護譯	1
	1356	0332	(能)	0333	(能)	佛說華積陀羅尼神咒經	吳 支謙譯	1
	1358	0334	(能)	0335	(能)	佛說花聚陀羅尼咒經	失譯	1
	0657	0420	(欲)	0421	(欲)	佛說華手經	姚秦 鳩摩羅什譯	10
						華嚴懺儀		42
						華嚴經持驗記	清 周克復纂	1
						華嚴大意	明 善堅撰	1
						華嚴道場起止大略		1
	1878					華嚴發菩提心章	唐 法藏述	1
						註華嚴法界觀科文	唐 宗密述	1
						註華嚴法界觀科文	唐 宗豫述	1
	1884	1588	(迹)	1566	(沙)	註華嚴法界觀門	唐 宗密註	1
	1885	1648	(史)			註華嚴經題法界觀門頌	宋 本嵩述．琮湛註	2
	1883	1590	(百)	1522	(宅)	華嚴法界玄鏡	唐 澄觀述	2
						華嚴感應緣起傳	清 弘璧輯	1
	1879a					華嚴經關脈義記	唐 法藏撰	1
	1879b					華嚴關脈義記	唐 法藏述	1
						華嚴還源觀科	宋 淨源刊正	1
	1881					華嚴經金師子章註	唐 法藏撰．宋 承遷註	1
	1880	1594	(百)	1521	(宅)	金師子章雲間類解	唐 法藏撰．宋 淨源述	1
	0278	0083	(湯-垂)	0083	(湯-垂)	大方廣佛華嚴經	東晉 佛馱跋陀羅譯	60
	0279	0084	(拱-臣)	0084	(拱-臣)	大方廣佛華嚴經	唐 實叉難陀譯	80
						華嚴經寶雲品		1
	0300	0092	(壹)	0092	(壹)	大方廣佛華嚴經不思議佛境界分	唐 提雲般若譯	1
	1740					大方廣佛華嚴經中卷卷大意略敘	唐 李通玄造	1
						華嚴經感應略記	明 袾宏輯錄	1
	2074					大方廣佛華嚴經感應傳	唐 惠英撰．胡幽貞纂	1
						華嚴經綱目貫攝	清 永光錄集	1
						華嚴綱要	唐 澄觀疏義　明 德清提挈	80
						華嚴經海印道場懺儀	唐 一行慧覺依經錄　宋 普瑞補註　明 讀徹參閱　明 木增訂正　明 正止治定	42
						華嚴經海印道場九會請佛儀		1
						華嚴經合論簡要	明 李贄簡要	4
						注華嚴經合論纂要	明 方澤纂	3
						華嚴經會本大鈔		80
	1741					略釋新華嚴經修行次第決疑論	唐 李通玄撰	4
						華嚴經綸貫	宋 復[共/(電-雨)]述	1
						華嚴經論	後魏 靈辨造	1
	1739			1545	(乂-士)	新華嚴經論	唐 李通玄撰	40
	1737					大華嚴經略策	唐 澄觀述	1
	1732					大方廣佛華嚴經搜玄分齊通智方軌	唐 智儼述	5
						續華嚴經略疏刊定記	唐 慧苑述	15
	1872					華嚴策林	唐 法藏述	1
	1874	1584	(迹)	1519	(宅)	華嚴經明法品內立三寶章	唐 法藏述	2
	1870					華嚴經內章門等雜孔目章	唐 智儼集	4
						華嚴經普賢觀行法門	唐 法藏撰	1
	0293	0085	(伏-遐)	0085	(伏-遐)	大方廣佛華嚴經	唐 般若譯	40
						華嚴經普賢行願品疏科	宋 遵式治定	1
	1738					新譯華嚴經七處九會頌釋章	唐 澄觀述	1
						華嚴經清涼疏	唐 澄觀造	40
						華嚴經清涼疏科	唐 澄觀造	10
				1558	(用)	華嚴普賢行願品別行疏鈔會本	唐 澄觀別行疏、宗密隨疏鈔	10
	1020					大方廣佛花嚴經入法界品頓證毘盧遮那法身字輪瑜伽儀軌	唐 不空譯	1
	1019	1442	(隸)	1443	(隸)	大方廣佛華嚴經入法界品四十二字觀門	唐 不空譯	1
						華嚴經入法界品十八問答	唐 澄觀述	1
						華嚴經三十九品大意	清 永光敬錄	1
						華嚴經隨品贊	聖文神武睿孝皇帝禦制	10
	1736	1582	(沙-禹)	1557	(困-牧)	大方廣佛華嚴經隨疏演義鈔	唐 澄觀述	90
	1888			1546	(士)	解迷顯智成悲十明論	唐 李通玄撰	1
	1735	1581	(用-威)	1557	(困-牧)	大方廣佛華嚴經疏	唐 澄觀撰	60
		1631	(稷稅熟)	1555	(寧晉楚)	華嚴懸談會本	澄觀撰述	30
						華嚴經疏科文		10
						華嚴經疏論纂要	唐 澄觀疏　唐 李通玄論　唐 道沛纂要	120
						華嚴經疏注	唐 澄觀述　宋 淨源錄疏注經	120
	1733					華嚴經探玄記	唐 法藏述	20
						華嚴經談玄抉擇	遼 鮮演述	6
						華嚴經吞海集	宋 道通述	3
	1734					花嚴經文義綱目	唐 法藏撰	1
						華嚴經文義記	唐 靈祐集記	1
						華嚴經文義要決問答	新羅 表員集	4
	1873					華嚴經問答	唐 法藏撰	2
	1021					華嚴經心陀羅尼	唐 實叉難陀譯	1
						華嚴經行願品疏	唐 澄觀述	10
						華嚴經行願品疏科	唐 宗密撰集	1
	0306	0090	(壹)	0090	(壹)	大方廣佛花嚴經修慈分	唐 提雲般若等譯	1
	0295	0097	(壹)	0097	(壹)	大方廣佛華嚴經入法界品	唐 地婆訶羅譯	1
						華嚴經要解	宋 戒環集	1
	1875					華嚴經義海百門	唐 法藏述	1
	2128-j21~j23	1598	(弁)			新譯大方廣佛華嚴經音義		2
	1731					華嚴遊意	隋 吉藏撰	1
	1742					大方廣佛華嚴經願行觀門骨目	唐 湛然撰	2
	1871	1587	(迹)	1495	(勒)	華嚴經旨歸	唐 法藏述	1
	2073					華嚴經傳記	唐 法藏集	5
						華嚴法相槃節	宋 道通述	1
						華嚴鏡燈章	清 續法集	1
						華嚴念佛三昧論	清 彭際清述	1
						華嚴普賢行願修證儀	宋 淨源集	2
						華嚴清涼國師禮讚文	宋 智肱 述	1
						華嚴融會一乘義章明宗記	宋 師會述	1
						華嚴妄盡還源觀疏鈔補解	宋 淨源述	1
	1867					華嚴五教止觀	隋 杜順說	1
	1869					華嚴五十要問答	唐 智儼集	2
						華嚴心要法門註	唐 澄觀撰、宗密註	1
		1614	(鉅-庭)	1556	(更-魏)	華嚴懸談會玄記	元 普瑞集	40
	1890					華嚴一乘成佛妙義	新羅 見登之集	1
	1887A					華嚴一乘法界圖	新羅 義湘撰	1
	1866	1583	(迹)	1518	(宅)	華嚴一乘教義分齊章	唐 法藏述	4
						華嚴一乘教義分齊章焚薪	宋 師會錄	2
						華嚴一乘教義分齊章復古記	宋 師會述、善熹述	6
						華嚴一乘教義分齊章記	宋 師會、壽靈、凝然述	5
						華嚴一乘教義分齊章科	宋 師會述	1
						華嚴一乘教義分齊章義苑疏	宋 道亭述	10
						一乘決疑論	清 彭際清述	1
	1868					華嚴一乘十玄門	隋 杜順說　唐 智儼撰	1
	1877					華嚴遊心法界記	唐 法藏撰	1
	1886	1586	(迹)		(軍)	原人論	唐 宗密述	1
						華嚴原人論發微錄	宋 淨源述	3
		1625	(茲)	1560	(軍)	華嚴原人論解	元 圓覺述	3
						華嚴原人論合解	元 圓覺解　明 揚嘉祚刪合	2
	2177					華嚴宗章疏并因明錄	日本 圓超錄	1
						化珠保命真經		1
						淮海原肇禪師語錄	(侍者門人) 實仁．宗文．法奇．守愿．行佑．了元．善之．淨證．法從．紹熏．普璋．文煥．淨伏．慧行．文謙．正因．法恩．德紀．可能．持志．覺孫．惟康．宗和．如止．有智．慧雲．若舟 編	1
	1417					佛說壞相金剛陀羅尼經	元 沙囉巴譯	1
						環溪惟一禪師語錄	(參學) 覺此 編	2
						還初禪師語錄		1
	0891	1055	(思)	1056	(思)	佛說幻化網大瑜伽教十忿怒明王大明觀想儀軌經	宋 法賢譯	1
	1378a					佛說玄師[颱-台+(犮-乂+又)]陀所說神咒經	東晉 曇無蘭譯	1
	1378b	0474	(行)	0475	(行)	幻師[颱-台+(犮-乂+又)]陀神咒經	東晉 曇無蘭譯	1
	0324	0032	(衣)	0032	(衣)	佛說幻士仁賢經	西晉 竺法護譯	1
				1637	(史)	幻有傳禪師語錄	圓悟．圓修等編	10
						幻住庵清規	元 明本著	1
						幻住明禪師語錄		1
						皇明名僧輯略	明 袾宏輯	1
						黃檗複問		1
	1993					黃龍慧南禪師語錄	宋 惠泉集	1
	1993-t1					黃龍慧南禪師語錄續補	日本 東睃集	1
						暉洲和尚語錄		1
	0998					佛說迴向輪經	唐 尸羅達摩譯	1
	1631	1243	(逸)	1244	(逸)	迴諍論	龍樹菩薩造　後魏 毘目智仙共瞿曇流支譯	1
						慧覺禪師語錄		1
		1597	(郡秦并)			一切經音義		25
						慧林宗本禪師別錄	(嗣法) 慧辯 錄	1
	0345	0048	(推)	0048	(推)	慧上菩薩問大善權經	西晉 竺法護譯	2
	0632	0251	(才)	0252	(才)	佛說慧印三昧經	吳 支謙譯	1
	2057					大唐青龍寺三朝供奉大德行狀		1
	2168A					惠運禪師將來教法目錄	日本 惠運撰	1
	2168B					惠運律師書目錄	日本 惠運撰	1
						晦臺元鏡禪師語錄	(嗣法) 道盛 集	1
						晦岳禪師語錄		1
	1229	0961	(清)	0962	(清)	穢跡金剛禁百變法經	唐 阿質達霰譯	1
	1228	0960	(清)	0961	(清)	穢跡金剛說神通大滿陀羅尼法術靈要門	唐 阿質達霰譯	1
	0913					火[合*牛]供養儀軌	唐 善無畏	1
	0914					火吽軌別錄		1
	1637	1298	(星)	1299	(星)	集大乘相論	覺吉祥智菩薩造　宋 施護譯	2
	2104	1463	(壁)	1525	(曲)	集古今佛道論衡	唐 道宣撰	4
	1636	1290	(轉疑)	1291	(轉疑)	大乘集菩薩學論	法稱菩薩造　宋 法護等譯	25
	2108	1472	(縣)	1494	(勒)	集沙門不應拜俗等事	唐 彥悰纂錄	6
	2106	1476	(富)	1529	(微)	集神州三寶感通錄	唐 道宣撰	3
						集文字碑		1
	0382	0125	(化)	0125	(化)	集一切福德三昧經	姚秦 鳩摩羅什譯	3
	1638	1294	(星)	1295	(星)	集諸法寶最上義論	善寂菩薩造　宋 施護譯	2
	1982	1497	(桓)	1551	(寔)	集諸經禮懺儀	唐 智昇撰	2
						即非禪師全錄		
						即念禪師語錄		1
						即休契了禪師拾遺集	日本 及藏主 集錄	1
	0935					極樂願文	清 達喇嘛嘎卜楚薩木丹達爾吉譯	1
	0130	0931	(薄)	0932	(薄)	佛說給孤長者女得度因緣經	宋 施護譯	3
						濟顛道濟禪師語錄	宋 沈孟柈敘述	1
	0274	0247	(才)	0248	(才)	佛說濟諸方等學經	西晉 竺法護譯	1
						繼燈錄	明 元賢輯	6
						繼起禪師語錄		1
	2089-s03					繼業西域行程	宋 范成大撰	1
						繼作聖教序		1
						季總禪師語錄		1
						寂光禪師語錄		1
	1490	1083	(定)	1084	(定)	寂調音所問經	宋 法海譯	1
	0648	0517	(維)	0518	(維)	寂照神變三摩地經	唐 玄奘譯	1
	0022	0588	(善)	0589	(善)	寂志果經	東晉 竺曇無蘭譯	1
	2028	1363	(英)	1364	(英)	迦丁比丘說當來變經	失譯	1
	1278					迦樓羅及諸天密言經	唐 般若力譯	1
	0393	1322	(既)	1323	(既)	迦葉赴佛般涅槃經	東晉 竺曇無蘭譯	1
	2027	1355	(聚)	1356	(聚)	迦葉結經	後漢 安世高譯	1
	1469	1105	(初)	1106	(初)	佛說迦葉禁戒經	宋 沮渠京聲譯	1
	1691	0877	(臨)	0878	(臨)	迦葉仙人說醫女人經	宋 法賢譯	1
	1241					伽馱金剛真言		1
	0465	0234	(男)	0235	(男)	伽耶山頂經	元魏 菩提流支譯	1
	0467	0236	(男)	0237	(男)	大乘伽耶山頂經	唐 菩提流志譯	1
						嘉泰普燈錄	宋 正受編	33
	0574	0520	(維)	0521	(維)	佛說堅固女經	隋 那連提耶舍譯	1
	1286					堅牢地天儀軌	唐 善無畏譯	1
	0733	0726	(當)	0727	(當)	佛說堅意經	後漢 安世高譯	1
						御製揀魔辨異錄	清 世宗皇帝製	8
	0094	0580	(緣)	0581	(緣)	箭喻經	失譯	1
	0514	0243	(才)	0244	(才)	佛說諫王經	劉宋 沮渠京聲譯	1
						薦福承古禪師語錄	(門人) 文智 編	1
						劍關子益禪師語錄	(侍者) 善珙．德修．慧澄．銳彰．心寧．慧恭 編	1
	0285	0106	(率)	0106	(率)	漸備一切智德經	西晉 竺法護譯	5
						見如元謐禪師語錄	(門人) 道璞 集	1
						見聞錄	明 智旭隨筆	1
	0796	0711	(孝)	0712	(孝)	佛說見正經	東晉 竺曇無蘭譯	1
	0912					建立曼荼羅護摩儀軌	唐 法全傳	1
	0911					建立曼荼羅及揀擇地法	唐 慧琳集	1
						建中靖國續燈錄及目錄	宋 惟白集	33
						建州弘釋錄	明 元賢集	2
						健拏標訶一乘修行者秘密義記	唐 法藏述大香山隱士輯	1
	0506	0690	(敬)	0691	(敬)	犍陀國王經	後漢 安世高譯	1
	1683	1075	(言)	1076	(言)	揵稚梵[言*((夫*夫)/貝)]	宋 法賢譯	1
	1210					降三世忿怒明王念誦儀軌	唐 不空譯	1
						角虎集	清 濟能纂輯	2
	0759	0801	(則)	0802	(則)	佛說較量壽命經	宋 天息災譯	1
	0290	0875	(臨)	0876	(臨)	佛說較量一切佛剎功德經	宋 法賢譯	1
	0787	0291	(知)	0292	(知)	曼殊室利咒藏中校量數珠功德經	唐 義淨譯	1
	0788	0290	(知)	0291	(知)	佛說校量數珠功德經	唐 寶思惟譯	1
		1628	(穡-南)	1666	(辱近恥)	重訂教乘法數	明 圓[江-工+靜]集	30
						議中興教觀	宋 法登述	1
						教觀撮要論	宋	2
	1939					教觀綱宗	明 智旭述	1
						教觀綱宗釋義	明 智旭述	1
						教機時國鈔	日本 日蓮撰	1
	1897					教誡新學比丘行護律儀	唐 道宣述	1
						教外別傳	明 黎眉等編	16
						教行信證	日本 親鸞撰	6
						增修教苑清規	元 自慶編述	2
	0595	0800	(則)	0801	(則)	佛說嗟[革*蔑]曩法天子受三歸依獲免惡道經	宋 法天譯	1
	1433	1140	(婦)	1141	(婦)	羯磨	曹魏 曇諦譯	1
						羯磨經序解	宋 則安述	1
						羯磨儀式	清 書玉編	2
						解惑篇		
	0677	0152	(髮)	0152	(發)	佛說解節經	陳 真諦譯	1
	1620	1247	(逸)	1248	(逸)	解捲論	陳那菩薩造　陳 真諦譯	1
	0676	0242	(效)	0243	(效)	解深密經	唐 玄奘譯	5
						解深密經疏	唐 圓測撰	9
	1648	1285	(階納)	1286	(階納)	解脫道論	優波底沙造　梁 僧伽婆羅譯	12
	1460	1102	(初)	1103	(初)	解脫戒經	元魏 般若流支譯	1
	0063	0917	(深)	0918	(深)	解夏經	宋 法賢譯	1
	0804	0855	(命)	0856	(命)	佛說解憂經	宋 法天譯	1
	0116	0583	(緣)	0584	(緣)	佛說戒德香經	東晉 竺曇無蘭譯	1
	1497	0871	(臨)	0872	(臨)	佛說大乘戒經	宋 施護譯	1
						戒殺四十八問	清 周思仁述	1
	0117	0905	(興)	0906	(深)	佛說戒香經	宋 法賢譯	1
	1477	1107	(初)	1108	(初)	佛說戒消災經	吳 支謙譯	1
	1464	1124	(上)	1125	(上)	鼻奈耶	姚秦 竺佛念譯	10
						介庵禪師語錄		1
						介石智朋禪師語錄	(參學侍者) 正賢．宗坦．延輝．淨球．智瑾．志諶．祖誾 編	1
						介爲禪師語錄	正賢等編	1
	2019B					誡初心學人文	高麗 知訥撰	1
	0235	0010a	(羽)	0010a	(羽)	金剛般若波羅蜜經	後秦 鳩摩羅什譯	1
	0236a	0010b	(羽)	0010b	(羽)	金剛般若波羅蜜經	元魏 菩提流支譯	1
	0236b					金剛般若波羅蜜經	元魏 菩提流支譯	1
	0237	0010c	(羽)	0010c	(羽)	金剛般若波羅蜜經	陳 真諦譯	1
						金剛般若波羅蜜經講義	江妙煦著	5
	1511	1161	(受)	1162	(受)	金剛般若波羅蜜經論	天親菩薩造　元魏 菩提流支譯	3
	1510a					金剛般若論	無著菩薩造　隋 達磨笈多譯	2
	1510b	1160	(受)	1161	(受)	金剛般若波羅蜜經論	無著菩薩造　隋 達磨笈多譯	3
	1515	1184	(弗)	1185	(弗)	金剛般若波羅蜜經破取著不壞假名論	功德施菩薩造　唐 地婆訶羅等譯	2
	1698	1542	(會)	1497	(勒)	金剛般若經疏	隋 智顗說	1
	2733					御注金剛般若波羅蜜經宣演	唐 道氤撰	2
						金剛般若波羅蜜經御注並序		1
	1703	1607	(主)	1619	(務)	金剛般若波羅蜜經註解	明 宗[江-工+防]．如[王*巳]同註	1
						金剛般若經集驗記	唐 孟獻忠撰	3
	1816					金剛般若論會釋	唐 窺基撰	3
	1932	1575	(起)	1554	(寔)	金剛錍	唐 湛然述	1
						金剛錍科	宋 淨岳科	1
						金剛錍科	宋 智圓集	1
						金剛錍論私記	唐 明曠記　日本 辯才會	2
						金剛錍論釋文	宋 時舉釋　明 海眼會	3
						金剛錍論義	宋 可觀述	1
						金剛錍論義解	宋 善月述	1
						金剛錍顯性錄	宋 智圓集	4
						金剛不空真實三昧耶經		1
	1416	0995	(斯)	0996	(斯)	金剛摧碎陀羅尼	宋 慈賢譯	1
	1345	0367	(罔)	0368	(罔)	金剛場陀羅尼經	隋 闍那崛多譯	1
	0886	0938	(夙)	0939	(夙)	佛說金剛場莊嚴般若波羅蜜多教中一分	宋 施護譯	1
	1172	1438	(隸)	1439	(隸)	金剛頂超勝三界經說文殊五字真言勝相	唐 不空譯	1
	1040					金剛頂降三世大儀軌法王教中觀自在菩薩心真言一切如來蓮華大曼荼羅品	唐 不空譯	1
	1798					金剛頂經大瑜伽祕密心地法門義訣	唐 不空撰	1
	0931	1423	(鍾)	1424	(鍾)	金剛頂經觀自在王如來修行法	唐 不空譯	1
	1173	0532	(念)	0533	(念)	金剛頂經曼殊室利菩薩五字心陀羅尼品	唐 金剛智譯	1
	0877					金剛頂經毘盧遮那一百八尊法身契印	唐 善無畏．一行譯	1
	0874	1347	(亦)	1348	(亦)	金剛頂一切如來真實攝大乘現證大教王經	唐 不空譯	2
	0958					金剛頂經一字頂輪王儀軌音義	唐 不空譯	1
	0957					金剛頂一字頂輪王瑜伽一切時處念誦成佛儀軌	唐 不空譯	1
	0932	1422	(鍾)	1423	(鍾)	金剛頂經瑜伽觀自在王如來修行法	唐 金剛智譯	1
	1171	1439	(隸)	1440	(隸)	金剛頂經瑜伽文殊師利菩薩法	唐 不空譯	1
	0873	1428	(鍾)	1429	(鍾)	金剛頂蓮華部心念誦儀軌	唐 不空譯	1
						金剛頂菩提心論略記	唐 遍滿撰	1
	1121					金剛頂普賢瑜伽大教王經大樂不空金剛薩埵一切時方成就儀		1
	1120A					金剛頂勝初瑜伽經中略出大樂金剛薩埵念誦儀	唐 不空譯	1
	1123	1402	(槁)	1403	(槁)	金剛頂勝初瑜伽普賢菩薩念誦法	唐 不空譯	1
	0865	1014	(流)	1015	(流)	金剛頂一切如來真實攝大乘現證大教王經	唐 不空譯	3
	0908	1435	(隸)	1436	(隸)	金剛頂瑜伽護摩儀軌	唐 不空譯	1
	0909					金剛頂瑜伽護摩儀軌	唐 不空譯	1
	1209	1381	(杜)	1382	(杜)	金剛頂瑜伽降三世成就極深密門	唐 不空譯	1
	1125	1392,1403	(杜,槁)	1393,1404	(杜,槁)	金剛頂瑜伽金剛薩埵五祕密修行念誦儀軌	唐 不空譯	1
	0869	1440	(隸)	1441	(隸)	金剛頂經瑜伽十八會指歸	唐 不空譯	1
	1175	1420	(鍾)	1421	(鍾)	金剛頂經瑜伽文殊師利菩薩供養儀軌	唐 不空譯	1
	0241	1027	(澄)	1028	(澄)	金剛頂瑜伽理趣般若經	唐 金剛智譯	1
	0871					金剛頂瑜伽略述三十七尊心要	唐 不空說	1
	1155					金剛頂瑜伽最勝祕密成佛隨求即得神變加持成就陀羅尼儀軌	唐 不空譯	1
	0789	1030	(澄)	1031	(澄)	金剛頂瑜伽念珠經	唐 不空譯	1
	1056	1375	(英)	1376	(英)	金剛頂瑜伽千手千眼觀自在菩薩修行儀軌經	唐 不空譯	2
	1112					金剛頂瑜伽青頸大悲王觀自在念誦儀軌	唐 金剛智譯	1
	0872					金剛頂瑜伽三十七尊出生義	唐 不空譯	1
	0878					金剛頂經金剛界大道場毘盧遮那如來自受用身內證智眷屬法身異名佛最上乘祕密三摩地禮懺文	唐 不空譯	1
	1122	1382	(杜)	1383	(杜)	金剛頂瑜伽他化自在天理趣會普賢修行念誦儀軌	唐 不空譯	1
	0876	1419	(鍾)	1420	(鍾)	金剛頂瑜伽修習毘盧遮那三摩地法	唐 金剛智譯	1
	1665	1311	(通)	1312	(通)	金剛頂瑜伽中發阿耨多羅三藐三菩提心論	唐 不空譯	1
	0866	0529	(念)	0530	(念)	金剛頂瑜伽中略出念誦經	唐 金剛智譯	4
	0867	1033	(取)	1034	(取)	金剛峰樓閣一切瑜伽瑜祇經	唐 金剛智譯	2
	1027a					金剛光焰止風雨陀羅尼經	唐 菩提流志譯	1
	1027b	0524	(維)	0525	(維)	金剛光焰止風雨陀羅尼經	唐 菩提流志譯	1
						金剛乩釋	清 溥仁乩釋　子真乩訂	1
	1130	0082	(殷)	0082	(殷)	大乘金剛髻珠菩薩修行分	唐 菩提流志譯	1
	2081-j2					金剛界大教王師資相承傳法次第記	唐 海雲集	1
						金剛經筆記	明 如觀註	1
						金剛經[鎞-囟+(奐-大)]	明 廣伸述	2
						金剛經補註	明 韓巖集解　程衷懋補註	2
						金剛經部旨	清 靈耀撰	2
						金剛經采微	宋 曇應述	2
						金剛經采微科	宋 曇應排	1
						金剛經采微餘釋	宋 曇應述	1
						金剛經持驗記	清 周克復纂	2
						金剛經大意	清 王起隆述	1
						金剛經訂義	清 俞樾著	1
						金剛經法眼註疏	清 性起述	2
						金剛經法眼懸判疏鈔	清 性起述	9
						金剛經感應分類輯要	清 王澤泩編集	1
						金剛經感應傳		1
						金剛經觀心釋	明 智旭述	1
						金剛經會解	宋 善月述	2
						金剛經會解了義	清 徐昌治纂	1
						金剛經彙纂	清 孫念劬纂	2
						金剛經集解	宋 楊圭編	4
						金剛經偈	清 通理會	1
						金剛經偈釋	明 曾鳳儀釋	2
						金剛經解義	唐 慧能解義	2
						金剛經解義	清 徐槐廷述	2
						金剛經鳩異	唐 段成式撰	1
						金剛經決疑	明 德清撰	1
						金剛經科儀	清 建基錄	1
						銷釋金剛經科儀會要註解	宋 宗鏡述　明 覺連重集	9
						金剛經靈驗傳	日本 淨慧集	3
	1704					金剛般若波羅蜜經略疏	唐 智儼述	2
						金剛經略疏	明 元賢述	1
						金剛經略談	明 觀衡撰	1
	1701	1622	(農)	1568	(漠)	金剛般若經疏論纂要	唐 宗密述　宋 子璿治定	2
						金剛經破空論	明 智旭造論	1
						金剛經淺解	清 翁春．王錫琯 解釋	1
						金剛經如是解	清 無是道人註解	1
						金剛經如是經義	清 行敏述	2
						金剛經闡說	清 存吾闡說	2
						金剛經釋	明 真可撰	1
						金剛經石注	清 石成金撰集	1
						金剛經受持感應錄		2
						金剛疏科釋	元 徐行善科	1
						金剛經統論	明 林兆恩撰	1
						金剛經心印疏	清 溥畹述	2
						金剛新眼疏經偈合釋	清 通理述	2
						金剛經新異錄	明 王起隆輯著	1
						金剛經演古	清 寂燄述	1
	1699					金剛般若疏	隋 吉藏撰	4
						金剛經易解	清 謝承謨註釋	2
						金剛經音釋直解	明 圓杲解註	1
						金剛經郢說	清 徐發詮次	1
	1700					金剛般若經[(夫*夫)/貝]述	唐 窺基撰	2
						金剛經宗通	明 曾鳳儀宗通	7
	1702	1623	(農)	1569	(漠)	金剛經纂要刊定記	宋 子璿錄	7
						金剛經正解	清 龔穊綵註	2
						金剛經正眼	明 大韻筆記	1
						金剛經直說	清 [這-言+亦]刪鷲著	1
						金剛經註	東晉 僧肇注	1
						金剛經註	宋 道川頌並著語	3
						金剛經注	清 俞樾註	2
						金剛經註講	清 行敏述	2
						金剛經註解	明 洪蓮編	4
						金剛經注解	清 孚佑帝君註解	1
						金剛經註解鐵鋑[金*舀]	明 屠根註	2
						金剛經註疏	唐 慧淨註	3
						金剛經註正訛	清 仲之屏彙纂	1
						金剛經義	宋 可觀注	1
						金剛經四十二分說	宋 張無盡述	1
	1227	1042	(止)	1043	(止)	大威力烏樞瑟摩明王經	唐 阿質達霰譯	3
	1033	1041	(止)	1042	(止)	金剛恐怖集會方廣軌儀觀自在菩薩三世最勝心明王經	唐 不空譯	1
						金剛禮	遼 通理集	1
	1138a					金剛祕密善門陀羅尼咒經	失譯	1
	1138b	0365	(罔)	0366	(罔)	金剛祕密善門陀羅尼經	失譯	1
	0864B					胎藏金剛教法名號	唐 義操集	2
	0238	0012	(翔)	0012	(翔)	金剛能斷般若波羅蜜經	隋 笈多譯	1
	1272	1053	(思)	1054	(思)	金剛薩埵說頻那夜迦天成就儀軌經	宋 法賢譯	4
						金剛三昧	清 淨挺著	1
	0644	0408	(信)	0409	(信)	佛說金剛三昧本性清淨不壞不滅經	失譯	1
	0273	0424	(難)	0425	(難)	金剛三昧經	失譯	1
	1730					金剛三昧經論	新羅 元曉述	3
						金剛三昧經通宗記	清 [言*(上/小)]震述	12
						金剛三昧經注解	明 圓澄註	4
	1344	0368	(罔)	0369	(罔)	金剛上味陀羅尼經	元魏 佛陀扇多譯	1
	1199	1424	(鍾)	1425	(鍾)	金剛手光明灌頂經最勝立印聖無動尊大威怒王念誦儀軌法品	唐 不空譯	1
	1129	1025	(淵)	1026	(淵)	佛說金剛手菩薩降伏一切部多大教王經	宋 法天譯	3
	1134B					金剛壽命陀羅尼經	唐 不空譯	1
	1134A					金剛壽命陀羅尼經法	唐 不空譯	1
	1133	1383	(杜)	1384	(杜)	金剛壽命陀羅尼念誦法	唐 不空譯	1
	1224					金剛童子持念經		1
	1132	1401	(槁)	1402	(槁)	金剛王菩薩祕密念誦儀軌	唐 不空譯	1
	1512					金剛仙論	世親菩薩造　金剛仙論師釋　元魏 菩提流支譯	10
	1170	1052	(思)	1053	(思)	佛說金剛香菩薩大明成就儀軌經	宋 施護譯	3
	1220					金剛藥叉瞋怒王息災大威神驗念誦儀軌	唐 金剛智譯	1
	1642	1295	(星)	1296	(星)	金剛針論	法稱菩薩造　宋 法天譯	1
						金光明懺法補助儀	宋 遵式集 明 智旭重治	1
	1945	1504	(輔)	1573	(馳)	金光明懺法補助儀	宋 遵式集	1
	0663	0123	(化)	0123	(化)	金光明經	北涼 曇無讖譯	4
						金光明經懺悔滅罪經傳	北涼 曇無讖譯	1
						金光明經科註	明 受汰集	4
						金光明經神咒		1
	1787					金光明經疏	隋 吉藏撰	1
	1785	1544	(盟)	1506	(磻)	金光明經文句	隋 智顗說　灌頂錄	6
						金光明經文句科	明 明得排定	1
	1786	1545	(盟何)	1507	(溪)	金光明經文句記	宋 知禮述	6
	1786-in					金光明經文句文句記	隋 智顗說　唐 灌頂錄　宋 知禮述　明 明得會	8
						金光明經文句新記	宋 從義撰	7
	1783	1540	(會)	1500	(碑)	金光明經玄義	隋 智顗說　灌頂錄	2
						金光明經玄義科	明 明得排定	1
	1784	1541	(會)	1501	(碑)	金光明經玄義拾遺記	宋 知禮述	6
						金光明經玄義順正記	宋 從義撰	3
						金光明經照解	宋 宗曉述	2
	1946	1508	(輔)	1577	(馳)	金光明最勝懺儀	宋 知禮集	1
	0665	0122	(場)	0122	(場)	金光明最勝王經	唐 義淨譯	10
						金光明最勝王經大辯才天女品	唐 義淨譯	1
						金光明最勝王經如意寶珠品	唐 義淨譯	1
	1788					金光明最勝王經疏	唐 慧沼撰	6
	0548					佛說金光王童子經	宋 法賢譯	1
	1289					佛說金毘羅童子威德經	唐 不空譯	1
	2137	1292	(疑)	1293	(疑)	金七十論	陳 真諦譯	3
	1269					佛說金色迦那[金*本]底陀羅尼經	唐 金剛智譯	1
	0550					金色童子因緣經	宋 惟淨等譯	12
	0162	0385	(短)	0386	(短)	金色王經	東魏 瞿曇般若流支譯	1
	1414	0935	(夙)	0936	(夙)	佛說金身陀羅尼經	宋 施護譯	1
						金胎兩界師資相承	唐 海雲集	1
						胎金兩界血脈	唐 造玄增補	1
	0546	0783	(力)	0784	(力)	佛說金耀童子經	宋 天息災譯	1
						金園集	宋 遵式述　慧觀重編	3
						錦江禪燈	清 通醉輯	20
						錦江禪燈目錄	清 通醉輯	1
	0798	0685	(敬)	0686	(敬)	佛說進學經	劉宋 沮渠京聲譯	1
				1669	(見機)	御錄經海一滴	清 世宗御錄	20
						經律戒相布薩軌儀	明 如馨纂要	1
	2121	1465	(經-相)	1465	(經-相)	經律異相	梁 寶唱等集	50
	2076	1516	(合濟弱)	1584	(譽丹青)	景德傳燈錄	宋 道原纂	30
	2143					景教三威蒙度讚		1
						景祐法寶錄	宋 呂夷簡編修	21
						景祐天竺字源	宋 惟淨等撰	7
				1592	(郡)	警世	宋 延壽撰	1
						淨慈慧暉禪師語錄	(弟子) 明總 下語寄言、了廣 編	6
						淨慈要語	明 元賢述	2
						淨度三昧經		1
	0512	0727	(當)	0728	(當)	佛說淨飯王般涅槃經	劉宋 沮渠京聲譯	1
	0929					淨[王*留]璃淨土摽		1
	1780					淨名玄論	隋 吉藏造	8
						淨土必求	清 古崑集	1
						淨土晨鐘	清 周克復纂	10
						淨土承恩集	清 芳慧編	1
						淨土紺珠	清 德真輯	1
	1972					淨土或問	元 天如則著	1
						淨土極信錄	清 戒香述	1
						淨土簡要錄	明 道衍編	1
						淨土警語	清 行策著	1
	1971	1579	(起)	1605-t1	(野)	淨土境觀要門	元 懷則述	1
						淨土救生船詩	清 寬量集	1
						淨土決	明 李贄集	1
	1963					淨土論	唐 迦才撰	3
						淨土全書	清 俞行敏重輯	2
						淨土三論		1
						答四十八問	明 袾宏著	1
						淨土隨學	清 古崑編	2
						淨土神珠	清 古崑集	1
	1975					淨土生無生論	明 傳燈撰	1
						淨土生無生論會集	清 達默集	1
						淨土生無生論親聞記	明 受教記	2
						淨土生無生論註	明 正寂註	1
						淨土聖賢錄	清 彭希涑述	9
						淨土聖賢錄續編	清 胡[王*延]述	4
						淨土十要	明 成時(評點節要)	10
	1961	1566	(刑)	1480	(轂)	淨土十疑論	隋 智顗說	1
	2071					淨土往生傳	宋 戒珠敘	3
	1983					淨土五會念佛略法事儀讚	唐 法照述	2
	1977					淨土疑辨	明 袾宏撰	1
						淨土資糧全集	明 袾宏校正　莊廣還輯	8
						淨土證心集	清 卍蓮述	3
						淨土旨訣	清 道霑撰	1
						淨土指歸集	明 大佑集	2
	1893					淨心戒觀法	唐 道宣撰	2
						淨心誡觀法發真鈔	宋 允堪述　日本 慧光合	6
						淨信深堂初集		1
	0310-s40					淨信童女會	唐 菩提流志譯	1
						淨業痛策	清 照瑩集	1
	1494	1088	(篤)	1089	(篤)	佛說淨業障經	失譯	1
						淨業知津	清 悟開述	1
	0755	0937	(夙)	0938	(夙)	佛說淨意優婆塞所問經	宋 施護譯	1
						徑石滴乳集	清 真在編　機雲重續	5
						徑中徑又徑	清 張師誠著	4
	1611	1229	(性)	1230	(性)	究竟一乘寶性論	後魏 勒那摩提譯	4
						究心錄		1
	0150B	0759	(當)	0760	(當)	九橫經	後漢 安世高譯	1
	0933					九品往生阿彌陀三摩地集陀羅尼經	唐 不空譯	1
	0181a					九色鹿經	吳 支謙譯	1
	0181b	0213	(潔)	0214	(潔)	佛說九色鹿經	吳 支謙譯	1
	0715	0896	(臨)	0897	(臨)	佛說舊城喻經	宋 法賢譯	1
	0206	1351	(聚)	1352	(聚)	舊雜譬喻經	吳 康僧會譯	2
	1313	0978	(斯)	0979	(斯)	佛說救拔焰口餓鬼陀羅尼經	唐 不空譯	1
	1108B					救度佛母二十一種禮讚經		1
	1108A-h1					救度佛母贊		1
						救護生命經		1
	1314	0534	(念)	0535	(念)	佛說救面然餓鬼陀羅尼神咒經	唐 實叉難陀譯	1
						居士分燈錄	明 朱時恩輯	2
						居士傳	清 彭際清述	56
	0543	0988	(斯)	0989	(斯)	佛說巨力長者所問大乘經	宋 智吉祥等譯	3
	1208					俱力迦羅龍王儀軌	唐 金剛智譯	1
	1206					佛說俱利伽羅大龍勝外道伏陀羅尼經		1
						俱舍論法宗原	唐 普光撰	1
	1821					俱舍論記	唐 普光述	30
	1823-j30					俱舍論頌疏	失名者補作	1
						俱舍論頌疏記	唐 遁麟述	29
	1823					俱舍論頌疏論本	唐 圓暉述	30
						俱舍論頌疏序記	唐 法盈修	1
						俱舍論頌疏義鈔	唐 慧暉述	6
	1561					俱舍論實義疏	尊者安惠造	5
						俱舍論疏	唐 神泰述	7
	1822					俱舍論疏	唐 法寶撰	30
	1385	0878	(臨)	0879	(臨)	佛說俱枳羅陀羅尼經	宋 法賢譯	1
	0325	0033	(衣)	0033	(衣)	佛說決定毘尼經	西晉 燉煌三藏譯	1
	0762	0922	(薄)	0923	(薄)	佛說決定義經	宋 法賢譯	1
	1584	1228	(性)	1229	(性)	決定藏論	梁 真諦譯	3
	0811	0237	(男)	0238	(男)	佛說決定總持經	西晉 竺法護譯	1
						覺浪禪師語錄		1
						絕岸可湘禪師語錄	(嗣法門人) 妙恩．正從．自永．守靜．慈證．宗永 等編	1
						絕餘編		1
						開福道寧禪師語錄	(嗣法小師) 善果 集	2
	0260					佛說開覺自性般若波羅蜜多經	宋 惟淨等譯	4
						開蒙偶談		1
						開目鉢	日本 身延山沙門目蓮撰	2
	2169					開元寺求得經疏記等目錄	日本 圓珍撰	1
						開元釋教廣品曆章		30
	2154	1477	(車駕肥)	1538	(感武丁)	開元釋教錄	唐 智昇撰	20
	2155	1478	(輕)	1539	(俊)	開元釋教錄略出	唐 智昇撰	4
						慨古錄	明 圓澄著	1
						看命一掌金	唐 一行著	1
						新修科分六學僧傳	元 曇噩述	30
	1927	1573	(起)	1552	(寔)	十不二門	唐 湛然述	1
					(馳)	科香華運想偈	宋 知禮集	1
	0983B					孔雀經真言等梵本		1
	0984	0303	(過)	0304	(過)	孔雀王咒經	梁 僧伽婆羅譯	2
	0806					佛說枯樹經		1
						枯崖漫錄	宋 圓悟錄	3
	0053	0573	(緣)	0574	(緣)	苦陰經	失譯	1
	0055	0574	(緣)	0575	(緣)	苦陰因事經	西晉 法炬譯	1
	0068	0589	(善)	0590	(善)	賴吒和羅經	吳 支謙譯	1
	0170	0513	(維)	0514	(維)	德光太子經	西晉 竺法護譯	1
						蘭盆獻供儀	宋 元照重集	1
						懶石禪師語錄		1
	0561	0220	(潔)	0221	(潔)	佛說老母經	失譯	1
	0560	0221	(潔)	0222	(潔)	佛說老母女六英經	劉宋 求那跋陀羅譯	1
	0559	0219	(潔)	0220	(潔)	佛說老女人經	吳 支謙譯	1
	2139					老子化胡經		2
	1969A					樂邦文類	宋 宗曉編	5
	1969B					樂邦遺稿	宋 宗曉編	2
	0056	0561	(緣)	0562	(緣)	樂想經	西晉 竺法護譯	1
	0566	0210	(潔)	0211	(潔)	樂瓔珞莊嚴方便品經	姚秦 曇摩耶舍譯	1
	0670	0170	(惟)	0171	(惟)	楞伽阿跋多羅寶經	劉宋 求那跋陀羅譯	4
						楞伽阿跋多羅寶經會譯	明 員珂會譯	4
	1789	1605	(主)	1617	(務)	楞伽阿跋多羅寶經註解	明 宗[江-工+防]．如[王*巳]同註	4
						楞伽補遺	明 德清撰	1
						楞伽經參訂疏	明 廣莫參訂	8
						楞伽經合轍	明 通潤述	8
						楞伽經集註	宋 正受集記	4
						楞伽經精解評林	明 焦竑纂	1
						楞伽經疏		1
						楞伽經通義	宋 善月述	6
	1588	1231	(靜)	1232	(靜)	唯識論	天親菩薩造　後魏 瞿曇般若流支譯	1
						楞伽經心印	清 函[曰/正]疏	8
						楞伽經玄義	明 智旭撰述	1
						楞伽經義疏	明 智旭疏義	9
						楞伽經宗通	明 曾鳳儀宗通	8
						楞伽經纂	宋 楊彥國纂	4
						楞伽經註	唐 智嚴註	2
						楞嚴法喜禪師語錄		1
						楞嚴經寶鏡疏	清 溥畹述	10
						楞嚴經寶鏡疏科文	清 溥畹撰	1
						楞嚴經寶鏡疏懸談	清 溥畹述	1
						楞嚴經觀心定解	清 靈耀述	10
						楞嚴經觀心定解大綱	清 靈耀述	1
						楞嚴經觀心定解科	清 靈耀述	1
						楞嚴經貫攝	清 劉道開纂述	10
						楞嚴經合論	宋 德洪造論　正受會合	10
						楞嚴經合轍	明 通潤述	10
						楞嚴經會譯		4
						楞嚴經集註	宋 思坦集註	10
						楞嚴經擊節	明 大韶撰	1
						楞嚴經箋	宋 惟愍科可度箋	20
						楞嚴經講錄	明 乘[ㄓ/日]講錄	10
						楞嚴經截流	明 傳如述	2
						楞嚴經精解評林	明 焦竑纂	3
						楞嚴經略疏	明 元賢述	10
						楞嚴經秘錄	明 一松 說、靈述 記	10
						楞嚴經摸象記	明 袾宏述	1
						楞嚴經如說	明 鍾惺撰	10
						楞嚴經勢至圓通章解	清 行策撰	1
						楞嚴經勢至圓通章科解	明 正相解	1
				1655	(其)	楞嚴經勢至圓通章疏鈔	清 續法集	2
				1653	(色-勉)	楞嚴經疏解蒙鈔	明 錢謙益鈔	28
						楞嚴經述旨	明 陸西星述	10
						楞嚴經說約	明 陸西星述	1
						楞嚴經通議	明 德清述	10
						楞嚴經通議略科	明 德清排訂	1
						楞嚴經文句	明 智旭撰述　道昉參訂	10
						楞嚴經問答	清 淨挺著	1
						楞嚴經百問	明 真覺述	1
						楞嚴經序指味疏	清 諦閑述	1
						楞嚴經釋題	宋 宗印述	1
						楞嚴經懸鏡	明 德清述	1
						楞嚴經懸談	明 觀衡撰	1
						楞嚴經玄義	明 傳燈述	4
						楞嚴經玄義	明 智旭撰述　道昉參訂	2
						楞嚴經熏聞記	宋 仁岳述	5
						楞嚴經要解	宋 戒環解	20
						楞嚴經臆說	明 圓澄註	1
		1580	(翦頗牧)	1587	(州禹迹)	首楞嚴經義海	般刺蜜諦譯經　彌伽釋伽譯語　唐 房融筆授　唐 懷迪證譯　宋 子璿集義疏注經並科　宋 曉月標指要義　宋 仁岳集解　宋 咸輝排經入注	30
						楞嚴經義疏釋要鈔	宋 懷遠錄	6
	1799					首楞嚴義疏注經	宋 子璿集	10
						楞嚴經義疏注經科	宋 子璿述	1
						楞嚴經圓通疏	元 惟則會解　明 傳燈疏	10
						楞嚴經圓通疏前茅	明 傳燈述	2
						楞嚴經宗通	明 曾鳳儀宗通	10
						楞嚴經纂註	明 真界纂註	10
						楞嚴經正見	清 濟時述	10
						楞嚴經正脈		12
				1631	(黍-熟)	楞嚴經正[月*永]疏	明 真鑑述	10
						楞嚴經正[月*永]疏科	明 真鑑作	1
						楞嚴經正[月*永]疏懸示	明 真鑑述	1
						楞嚴經證疏廣解	明 凌弘憲點釋	10
						楞嚴經直解	明 廣莫直解	10
						楞嚴經直指	明 函[曰/正]疏	10
						楞嚴經直指科文		1
						楞嚴經指掌疏	清 通理述	10
						楞嚴經指掌疏事義		1
						楞嚴經指掌疏懸示	清 通理述	1
	0487	0516	(維)	0517	(維)	離垢慧菩薩所問禮佛法經	唐 那提譯	1
	0338	0038	(衣)	0038	(衣)	佛說離垢施女經	西晉 竺法護譯	1
	0047	0559	(緣)	0560	(緣)	離睡經	西晉 竺法護譯	1
	0829	0217	(潔)	0218	(潔)	大乘離文字普光明藏經	唐 地婆訶羅譯	1
						禮地藏經改懺		
	1944	1510	(輔)	1580	(馳)	禮法華經儀式	失譯撰集人名	1
						禮佛儀式	清 弘贊編	1
						禮念彌陀道場懺法	元 王子成集	10
						禮舍利塔儀式	清 弘贊編	1
	1839					理門論述記	唐 神泰撰	1
	0261	0998	(馨)	0999	(馨)	大乘理趣六波羅蜜多經	唐 般若譯	10
	1644	1289	(弁)	1290	(弁)	佛說立世阿毘曇論	陳 真諦譯	10
						立正安國論	日本 日蓮撰	1
						立正觀鈔	日本 日蓮撰	1
						歷朝釋氏資鑑	元 熙仲集	12
						釋氏通鑑	宋 本覺編集	12
	2075					曆代法寶記		1
	2034	1496	(營桓)	1509	(伊)	歷代三寶紀	隋 費長房撰	15
	0135	0618	(善)	0619	(善)	佛說力士移山經	西晉 竺法護譯	1
	0647	0404	(信)	0405	(信)	力莊嚴三昧經	隋 那連提耶舍譯	3
						聯燈會要	宋 悟明集	30
						蓮邦詩選	明 廣貴輯	1
						蓮邦消息	清 妙空子述	1
						蓮峰禪師語錄		
	0875					蓮華部心念誦儀軌	失譯	1
	0386	0460	(景)	0461	(景)	蓮華面經	隋 那連提耶舍譯	2
						御製蓮華心輪廻文偈頌		25
	1411	0821	(則)	0822	(則)	佛說蓮華眼陀羅尼經	宋 施護譯	1
						蓮修必讀	清 觀如輯	1
						蓮修起信錄	清 程兆鸞錄存	6
						蓮月禪師語錄		1
	1973	1643	(素)	1606	(野)	廬山蓮宗寶鑑	元 普度編	10
						蓮宗必讀	清 古崑集	1
						俍亭禪師語錄		1
	2094					梁京寺記		1
	2081					兩部大法相承師資付法記	唐 海雲記	2
						兩部金剛名號	唐 義操集	1
	1895					量處輕重儀	唐 道宣緝	2
	1325	0733	(當)	0734	(當)	佛說療痔病經	唐 義淨譯	1
						了菴清欲禪師語錄	(參學) 一志．元皓．可興．文康．祖運．志道．祖杲．得度．文煥．克明．宗成．宗胤．起宗．汝現．元寶．慧朗．景毅．大圓．海壽．祖灊 等編	9
	0708	0276	(良)	0277	(良)	了本生死經	吳 支謙譯	1
						了堂惟一禪師語錄	(門人) 宗義．有端．思齊．思靜．妙淨．無我．文暐．雲澹．思謙．普莊．宗遠．思廉．文度．文朗 等編	4
	0247	0985	(斯)	0986	(斯)	佛說了義般若波羅蜜多經	宋 施護譯	1
						列祖提綱錄	清 行悅集	42
	1985					鎮州臨濟慧照禪師語錄	唐 慧然集	1
						臨濟宗旨	宋 慧洪撰	1
						林間錄	宋 慧洪集	2
						林間錄後集	宋 慧洪集	1
						林泉老人評唱投子青和尚頌古空谷集	宋 義青頌古　元 從倫評唱	6
						林泉老人評唱丹霞淳禪師頌古[虎-儿+丘]堂集	宋 子淳頌古　元 從倫評唱	6
						林我禪師語錄		1
						林野禪師語錄		1
						靈峰蕅益大師宗論		1
						靈機禪師語錄		1
						靈樹禪師雲喦集(附頌古)		1
	2164					靈巖寺和尚請來法門道具等目錄	日本 圓行撰	1
						靈隱文禪師語錄		1
	0577	0521	(維)	0522	(維)	佛說大乘流轉諸有經	唐 義淨譯	1
	0513	0666	(璧)	0667	(璧)	佛說琉璃王經	西晉 竺法護譯	1
						六道集	清 弘贊輯	5
	0725	0815	(則)	0816	(則)	佛說六道伽陀經	宋 法天譯	1
	0152	0139	(萬)	0139	(萬)	六度集經	吳 康僧會譯	8
						六即義	唐 行滿述	1
					(藝)	六離合釋法式		1
	1607	1222	(匪)	1223	(匪)	六門教授習定論	無著本　世親釋　唐 義淨譯	1
	1360	0488	(行)	0489	(行)	六門陀羅尼經	唐 玄奘譯	1
	1361					六門陀羅尼經論	世親菩薩造	1
	1361-t1					六門陀羅尼經論廣釋	唐 智威造	
	1917					六妙法門	隋 智顗說	1
	0491	1329	(既)	1330	(既)	六菩薩亦當誦持經	失譯	1
	1908					大乘六情懺悔	新羅 元曉撰	1
	0726					六趣輪迴經	馬鳴菩薩集　宋 日稱等譯	1
	1575	1299	(星)	1300	(星)	六十頌如理論	龍樹菩薩造　宋 施護譯	1
						新修科分六學僧傳	元 曇噩述	30
	1046	0472	(行)	0473	(行)	六字大陀羅尼咒經	失譯	1
	1180	0326	(能)	0327	(能)	六字神咒經	唐 菩提流志譯	1
	1045a					佛說六字神咒王經	失譯	1
	1045b	0336	(能)	0337	(能)	六字神咒王經	失譯	1
	1044	0335	(能)	0336	(能)	佛說六字咒王經	失譯	1
	2008	1517	(扶)	1547	(寔)	六祖大師法寶壇經	元 宗寶編	1
						六祖大師法寶壇經		1
	2008-t1					六祖大師緣起外記	唐 法海記集	1
						六祖壇經	宋 惠昕述	2
						龍光禪師雞肋集		1
						龍門清遠禪師語錄	善悟編	8
	0557	0292	(知)	0293	(知)	佛說龍施女經	吳 支謙譯	1
	0558	0293	(知)	0294	(知)	佛說龍施菩薩本起經	西晉 竺法護譯	1
	1970					龍舒增廣淨土文	宋 王日休撰	12
	1674	1433	(隸)	1434	(隸)	龍樹菩薩勸誡王頌	唐 義淨譯	1
	1672	1456	(漆)	1457	(漆)	龍樹菩薩為禪陀迦王說法要偈	宋 求那跋摩譯	1
	2047a					龍樹菩薩傳	姚秦 鳩摩羅什譯	1
	2047b	1453	(漆)	1454	(漆)	龍樹菩薩傳	姚秦 鳩摩羅什譯	1
	1420					龍樹五明論		2
	0597	0702	(敬)	0703	(敬)	龍王兄弟經	吳 支謙譯	1
						龍源介清禪師語錄	(侍者) 士洵．德高．懷珠 編	1
						隆興編年通論	宋 祖琇撰	29
	0704	0785	(忠)	0786	(忠)	佛說樓閣正法甘露鼓經	宋 天息災譯	1
	0023	0546	(福)	0547	(福)	大樓炭經	西晉 法立共法炬譯	6
	0057	0562	(緣)	0563	(緣)	漏分布經	後漢 安世高譯	1
	0539	0751	(當)	0752	(當)	盧至長者因緣經	失譯	1
	2095					廬山記	宋 陳舜俞撰	5
	0182a					鹿母經	西晉 竺法護譯	1
	0182b	0511	(維)	0512	(維)	佛說鹿母經	西晉 竺法護譯	1
	2175					錄外經等目錄		1
						侶岩禪師語錄		
	1461	1133	(唱)	1134	(唱)	律二十二明了論	弗陀多羅多造　陳 真諦譯	1
	1898					律相感通傳	唐 道宣撰	1
						律學發軔	明 元賢述	3
						律要後集	明 智旭集	1
						律苑事規	元 省悟編述　嗣良參訂	10
						律宗會元	宋 守一集	3
						律宗問答	日本 俊芿問　宋 了然．智瑞．妙音 答	2
						律宗新學名句	宋 惟顯編	3
	2182					律宗章疏	日本 榮穩錄	1
	0799	0732	(當)	0733	(當)	佛說略教誡經	唐 義淨譯	1
	1817	1224	(虧)	1225	(虧)	略明般若末後一頌[言*((夫*夫)/貝)]述	唐 義淨述	1
						略授三歸五八戒並菩薩戒	唐 澄照讚	1
	0870	1425	(鍾)	1426	(鍾)	略述金剛頂瑜伽分別聖位修證法門	唐 不空譯	1
	0038	0983	(斯)	0984	(斯)	輪王七寶經	宋 施護譯	1
	0747a					佛說罪福報應經	劉宋 求那跋陀羅譯	1
	0747b	0736	(當)	0737	(當)	佛說輪轉五道罪福報應經	劉宋 求那跋陀羅譯	1
						螺溪振祖集	宋 元悟編	1
						羅湖野錄	宋 曉瑩集	2
	0294	0102	(體)	0102	(體)	佛說羅摩伽經	西秦 聖堅譯	3
	0500	0741	(當)	0742	(當)	羅云忍辱經	西晉 法炬譯	1
	1330	0876	(臨)	0877	(臨)	囉[口*縛]拏說救療小兒疾病經	宋 法賢譯	1
	1390	0888	(臨)	0889	(臨)	佛說洛叉陀羅尼經	宋 法賢譯	1
	2092					洛陽伽藍記	元魏 楊衒之撰	5
	1166					馬鳴菩薩大神力無比驗法念誦軌儀	唐 金剛智譯	1
						馬鳴菩薩成就悉地念誦	唐 不空譯	1
	2046	1452	(漆)	1453	(漆)	馬鳴菩薩傳	後秦 鳩摩羅什譯	1
	1072B					馬頭觀音心陀羅尼		1
	0115	0657	(慶)	0658	(慶)	佛說馬有八態譬人經	後漢 支曜譯	1
	0114	0656	(慶)	0657	(慶)	佛說馬有三相經	後漢 支曜譯	1
						馬祖道一禪師廣錄		1
	0732	0677	(敬)	0678	(敬)	佛說罵意經	後漢 安世高譯	1
	0108	0651	(慶)	0652	(慶)	佛說滿願子經	失譯	1
	1101	1044	(止)	1045	(止)	佛說大方廣曼殊室利經	唐 不空譯	1
	1215	1415	(槁)	1416	(槁)	大乘方廣曼殊室利菩薩華嚴本教閻曼德迦忿怒王真言大威德儀軌品	唐 不空譯	1
	1196	1068,1379	(言)	1069,1380	(言,杜)	曼殊室利菩薩吉祥伽陀	宋 法賢譯	1
	1182	0329	(能)	0330	(能)	曼殊室利菩薩咒藏中一字咒王經	唐 義淨譯	1
	1216	1416	(槁)	1417	(槁)	大方廣曼殊室利童真菩薩華嚴本教讚閻曼德迦忿怒王真言阿毘遮嚕迦儀軌品	唐 不空譯	1
	1219					曼殊室利焰曼德迦萬愛祕術如意法	唐 一行撰	1
	0739	0631	(慶)	0632	(慶)	佛說慢法經	西晉 法炬譯	1
						梅溪度禪師語錄		
	0456	0204	(貞)	0205	(貞)	佛說彌勒大成佛經	姚秦 鳩摩羅什譯	1
						彌勒成佛經	西晉 竺法護譯	1
	1774-s3					彌勒成佛經疏	唐 憬興撰	1
	1771					彌勒經遊意	隋 吉藏撰	1
	0457	0201	(貞)	0202	(貞)	佛說彌勒來時經	失譯	1
	1144					佛說彌勒菩薩發願王偈	清 工布查布譯	1
	0349	0051	(推)	0051	(推)	彌勒菩薩所問本願經	西晉 竺法護譯	1
	0310-s42					彌勒菩薩所問經	唐 菩提流志譯	1
	1525	1195	(顛)	1196	(顛)	彌勒菩薩所問經論	後魏 菩提流支譯	9
	0310-s41					彌勒菩薩問八法會	北魏 菩提流支譯	1
						彌勒上生經瑞應鈔	宋 守千集	2
						彌勒上生經瑞應鈔科	宋 守千集	1
	1774-s1					彌勒上生經疏	唐 憬興撰	1
						彌勒上生經述贊		1
	1773					彌勒上生經宗要	新羅 元曉撰	1
	0455	0202	(貞)	0204	(貞)	佛說彌勒下生成佛經	唐 義淨譯	1
						彌勒下生成佛經疏	唐 窺基撰	1
	0454	0200	(貞)	0203	(貞)	佛說彌勒下生成佛經	後秦 鳩摩羅什譯	1
	1774-s2					彌勒下生經疏	唐 憬興撰	1
						彌勒下生經述贊		1
	1421	1116	(而益詠)	1117	(而益詠)	彌沙塞部和醯五分律	劉宋 佛陀什共竺道生等譯	30
	1422a					彌沙塞五分戒本	劉宋 佛陀什等譯	1
	1424	1147	(隨)	1148	(隨)	彌沙塞羯磨本	唐 愛同錄	1
	1999					密菴和尚語錄	宋 崇岳．了悟等編	1
	0310-s03					密迹金剛力士經	西晉 竺法護譯	7
						密迹力士大權神王經	唐 阿質達霰共無能勝譯	1
	1688	1376	(杜)	1377	(杜)	密跡力士大權神王經偈頌	元 管主八撰	1
						密行禪師語錄		
	0681	0439	(染)	0440	(染)	大乘密嚴經	唐 地婆訶羅譯	3
	0682	0965	(清)	0966	(清)	大乘密嚴經	唐 不空譯	3
						大乘密嚴經疏	唐 法藏撰	4
						密印禪師語錄		1
				1640	(庶)	密雲悟禪師語錄	道忞上進	10
						密藏遺稿		1
	1956	1470	(封)	1594	(郡)	密咒圓因往生集	夏 智廣等集	1
						蜜多心經真言		1
	1366	0903	(興)	0904	(深)	佛說祕密八名陀羅尼經	宋 法賢譯	1
	2425					祕密漫荼羅十住心論	日本 空海撰	10
	0883	1023	(淵)	1024	(淵)	佛說祕密三昧大教王經	宋 施護等譯	4
	0884	1020	(不)	1021	(不)	佛說祕密相經	宋 施護等譯	3
						秘密要術法	唐 阿謨伽譯	1
						御製祕藏詮		20
	1159A					[峚-大+(企-止)][囗@告]大道心驅策法		1
	0896	0816	(則)	0817	(則)	妙臂菩薩所問經	宋 法天譯	4
	1364	0357	(莫)	0358	(莫)	妙臂印幢陀羅尼經	唐 實叉難陀譯	1
	0841	0272	(良)	0273	(良)	說妙法決定業障經	唐 智嚴譯	1
	0262	0130	(草)	0130	(草)	妙法蓮華經	姚秦 鳩摩羅什譯	7
	0264	0135	(賴)	0135	(賴)	添品妙法蓮華經	隋 闍那崛多共笈多譯	7
	0262-p25	0133	(草)	0133	(草)	妙法蓮華經觀世音菩薩普門品經	姚秦 鳩摩羅什譯長行　隋 闍那笈譯重頌	1
	1520	1226	(虧)	1227	(虧)	妙法蓮華經論優波提舍	婆藪般豆菩薩造　元魏 勒那摩提共僧朗譯	1
						妙法蓮華三昧秘密三摩耶經	唐 不空譯	1
	1718	1528	(寔寧)	1491	(車駕)	妙法蓮華經文句	隋 智顗說	10
						妙法蓮花經文句科	唐 湛然述	6
	1716	1526	(密勿)	1490-in	(祿-車)	妙法蓮華經玄義	隋 智顗說	10
						妙法蓮花經玄贊疏	唐 窺基撰	10
		1615	(曠遠)	1609	(曠遠)	妙法蓮華經要解	戒環解	20
	1519	1225	(虧)	1226	(虧)	妙法蓮華經憂波提舍	大乘論師婆藪槃豆釋　後魏 菩提流支共曇林等譯	2
	0722	0798	(忠)	0799	(忠)	妙法聖念處經	宋 法天譯	8
	1194	1437	(隸)	1438	(隸)	妙吉祥平等觀門大教王經略出護摩儀	宋 慈賢譯	1
	1192	1035	(取)	1036	(取)	妙吉祥平等祕密最上觀門大教王經	宋 慈賢譯	5
	1193	1430	(鍾)	1431	(鍾)	妙吉祥平等瑜伽祕密觀身成佛儀軌	宋 慈賢譯	1
	1184					大聖妙吉祥菩薩祕密八字陀羅尼修行曼荼羅次第儀軌法	唐 菩提仙譯	1
	0473	0989	(斯)	0990	(斯)	佛說妙吉祥菩薩所問大乘法螺經	宋 法賢譯	1
	0966					大聖妙吉祥菩薩說除災教令法輪		1
	1186	0906	(深)	0907	(深)	佛說妙吉祥菩薩陀羅尼	宋 法賢譯	1
						大聖妙吉祥菩薩最勝威德秘密八字陀羅尼修行念誦儀軌次第法	義雲法金剛．菩提仙 同譯	1
	1242	1056	(言)	1057	(言)	佛說妙吉祥瑜伽大教金剛陪囉[口*縛]輪觀想成就儀軌經	宋 法賢譯	1
	1217	1034	(取)	1035	(取)	佛說妙吉祥最勝根本大教經	宋 法賢譯	3
						妙經文句私志記	唐 智雲撰	14
						妙經文句私志諸品要義	唐 智雲述	2
	1386	0880	(臨)	0881	(臨)	佛說妙色陀羅尼經	宋 法賢譯	1
	0163	0454	(景)	0455	(景)	妙色王因緣經	唐 義淨譯	1
	1399	0885	(臨)	0886	(臨)	佛說滅除五逆罪大陀羅尼經	宋 法賢譯	1
	0435	0510	(維)	0511	(維)	佛說滅十方冥經	西晉 竺法護譯	1
						敏樹禪師語錄		
	2082					冥報記	唐 唐臨撰	3
						冥報記輯書	日本 佐佐木憲德輯	7
						名公法喜志	明 夏樹芳輯	4
						名僧傳抄	梁 寶唱撰	1
				1642	(幾)	明道正覺森禪師語錄	超德等編	3
	0397-p17	0433	(絲)	0434	(絲)	明度五十校計經	後漢 安世高譯	2
	1954					明佛法根本碑	唐 智慧輪述	1
	1996	1519	(綺)	1585	(九)	明覺禪師語錄	宋 惟蓋竺編	6
				1652	(貌辨)	明覺聰禪師語錄	海屋編	20
	1996-t1			1585-t1	(九)	明州雪竇山資聖寺第六祖明覺大師塔銘	呂夏卿撰	
	0519	0767	(當)	0768	(當)	佛說摩達國王經	劉宋 沮渠京聲譯	1
	1300	0640	(慶)	0641	(慶)	摩登伽經	吳 竺律炎支謙共譯	2
	0552	0639	(慶)	0640	(慶)	佛說摩登女解形中六事經	失譯	1
	0551	0638	(慶)	0639	(慶)	佛說摩鄧女經	後漢 安世高譯	1
						摩訶阿彌陀經衷論	清 王耕心衷論	1
	0226	0007	(潛)	0007	(潛)	摩訶般若鈔經	前秦 曇摩蜱共竺佛念譯	5
	0250	0016	(翔)	0016	(翔)	摩訶般若波羅蜜大明咒經	姚秦 鳩摩羅什譯	1
	0223	0003	(薑海鹹)	0003	(薑海鹹)	摩訶般若波羅蜜經	後秦 鳩摩羅什譯	27
	1246					摩訶吠室囉末那野提婆喝囉闍陀羅尼儀軌	唐 般若斫羯囉譯	1
	0497	0718	(孝)	0719	(孝)	佛說摩訶迦葉度貧母經	劉宋 求那跋陀羅譯	1
	0383	0377	(彼)	0378	(彼)	摩訶摩耶經	蕭齊 曇景譯	2
	1271					摩訶毘盧遮那如來定惠均等入三昧耶身雙身大聖歡喜天菩薩修行祕密法儀軌	唐 不空譯	1
	1425	1113	(攝-存)	1114	(攝-存)	摩訶僧祇律	東晉 佛陀跋陀羅共法顯譯	40
	0351	0054	(推)	0054	(推)	佛說摩訶衍寶嚴經	失譯	1
	1911	1530	(霸趙)	1493	(茂實)	摩訶止觀	隋 智顗說	10
						摩訶止觀輔行補注	宋 從義述	4
						摩訶止觀輔行讀教記	宋 法照撰	6
						止觀輔行搜要記	唐 湛然述	10
						止觀輔行助覽	宋 有嚴注	4
						摩訶止觀貫義科	清 傳燈說、靈耀補定	2
						止觀記中異義	唐 道邃說乾淑集	1
						止觀科節		1
						摩訶止觀科文	唐 湛然述	5
						摩訶止觀義例科	宋 從義排	1
						摩訶止觀義例隨釋	宋 處元述	6
						摩訶止觀義例纂要	宋 從義撰	6
						摩訶止觀義顯	宋 遵式述	1
	1258					摩利支菩薩略念誦法	唐 不空譯	1
	1255b	0840	(盡)	0841	(盡)	佛說摩利支天經	唐 不空譯	1
	1255a				(盡)	佛說摩利支天菩薩陀羅尼經	唐 不空譯	1
	1256	0841	(盡)	0842	(盡)	佛說摩利支天陀羅尼咒經	失譯	1
	1259					摩利支天一印法		1
	2141A					摩尼光佛教法儀略	唐 拂多誕譯	1
	2140					摩尼教下部讚		1
	1393	0481	(行)	0482	(行)	佛說摩尼羅亶經	東晉 曇無蘭譯	1
	1280					摩醯首羅大自在天王神通化生伎藝天女念誦法		1
	1279					摩醯首羅天法要		1
	0589	0512	(維)	0513	(維)	佛說魔逆經	西晉 竺法護譯	1
	0066	0568	(緣)	0569	(緣)	魔嬈亂經	失譯	1
	1254	0839	(盡)	0840	(盡)	末利支提婆華鬘經	唐 不空譯	1
	0517	0766	(當)	0767	(當)	佛說末羅王經	劉宋 沮渠京聲譯	1
	0786	0749	(當)	0750	(當)	佛說木[木*患]子經	失譯	1
						木槵經	唐 不空譯	1
						木人剩稿		
	1468	0811	(則)	0812	(則)	佛說目連所問經	宋 法天譯	1
	1483a					佛說目連問戒律中五百輕重事	失譯	1
	1483b	1142	(隨)	1143	(隨)	佛說目連問戒律中五百輕重事	失譯	2
						佛說目連五百問戒律中輕重事經釋	明 永海述	2
						佛說目連五百問經略解	明 性祗述	2
						牧牛頌		1
						牧雲禪師語錄		1
	1007	0531	(念)	0532	(念)	牟梨曼陀羅咒經	失譯	1
						穆菴文康禪師語錄	(嗣法參學) 清逸．智辯．寶日 等編	1
	1281					那羅延天共阿修羅王[鬥@(豆*寸)]戰法	唐 寶思惟譯	1
	1670A					那先比丘經	失譯	2
	1670B	1350	(聚)	1351	(聚)	那先比丘經	失譯	3
	0554	0663	(尺)	0664	(尺)	佛說柰女耆婆經	後漢 安世高譯	1
	0553	0662	(尺)	0663	(尺)	佛說[木*奈]女祇域因緣經	後漢 安世高譯	1
						南朝寺考	清 劉世衍撰	1
	2125	1484	(尹)	1537	(說)	南海寄歸內法傳	唐 義淨撰	4
						南明禪師語錄		1
						南山律在家備覽	善夢輯	
						南山祖師禮讚文	宋 智圓述	1
						南山祖師禮讚文	宋 仁岳述	1
						南山祖師禮讚文	宋 允堪述	1
						南石文琇禪師語錄	(門人) 宗謐．妙門．復初．廷璨．良玓 等編	4
	2089-s06					南天竺婆羅門僧正碑	日本 修榮撰	
						南嶽單傳記	清 弘儲表	1
	1933	1568	(起)			南嶽思大禪師立誓願文	陳 慧思撰	1
	2097					南嶽總勝集	宋 陳田夫撰	3
	2007					南宗頓教最上大乘摩訶般若波羅蜜經六祖惠能大師於韶州大梵寺施法壇經	唐 法海集	1
	1312					難[仁-二+爾]計濕[口*縛]囉天說支輪經	宋 法賢譯	1
	0113	0655	(慶)	0656	(慶)	佛說難提釋經	西晉 法炬譯	1
						內紹禪師語錄		1
	0610	1353	(聚)	1354	(聚)	佛說內身觀章句經	失譯	1
	0807	0381	(短)	0382	(短)	佛說內藏百寶經	後漢 支婁迦讖譯	1
						內證血脈鈔	日本 日蓮撰	1
	0220-k9	0011a	(翔)	0011a	(翔)	能斷金剛般若波羅蜜經	唐 玄奘譯	1
	0239	0011b	(翔)	0011b	(翔)	佛說能斷金剛般若波羅蜜多經	唐 義淨譯	1
	1514	1200	(顛)	1201	(顛)	能斷金剛般若波羅蜜多經論頌	無著菩薩造　唐 義淨譯	1
						能斷金剛般若波羅蜜經論頌	唐 不空譯	2
	1513	1223	(虧)	1224	(虧)	能斷金剛般若波羅蜜多經論釋	無著菩薩造頌　世親菩薩釋　唐 義淨譯	3
	1324	0976	(斯)	0977	(斯)	能淨一切眼疾病陀羅尼經	唐 不空譯	1
	1863					能顯中邊慧日論	唐 慧沼撰	4
	1810	1110	(榮)	1111	(榮)	尼羯磨	唐 懷素集	3
	0011	0945	(夙)	0946	(夙)	尼拘陀梵志經	宋 施護等譯	2
	1643					尼乾子問無我義經	馬鳴菩薩集　宋 日稱譯	1
	0086	0570	(緣)	0571	(緣)	泥犁經	東晉 竺曇無蘭譯	1
						擬寒山詩		
						拈八方珠玉集	宋 祖慶重編	3
						念佛百問	清 悟開著	1
						念佛超脫輪迴捷徑經		1
						念佛警策	清 彭際清纂	2
	1966					念佛鏡	唐 道鏡．善道 共集	2
						起一心精進念佛七期規式	清 行策定	1
						念佛起緣彌陀觀偈直解	清 張淵述	1
						念佛三昧	清 瑞聖歎註	1
	1967					念佛三昧寶王論	唐 飛錫撰	3
	0904					念誦結護法普通諸部	唐 金剛智述	1
	1528	1199	(顛)	1200	(顛)	涅槃經本有今無偈論	天親菩薩造　陳 真諦譯	1
						涅槃經會疏	隋 灌頂撰　唐 湛然再治　日本 本純分會	36
						涅槃經會疏條箇		3
						涅槃經如意珠偈解旨	天親菩薩造　陳 真諦譯	1
						涅槃經疏私記	唐 行滿集	12
						涅槃經疏私記	唐 道暹述	9
						涅槃經疏三德指歸	宋 智圓述	20
						涅槃經玄義文句	隋 灌頂撰　唐 道暹撰	2
	1768					涅槃經遊意	隋 吉藏撰	1
						涅槃經治定疏科	宋 智圓排定	10
	1766	1538	(土)	1516	(衡)	涅槃玄義發源機要	宋 智圓述	4
	1769					涅槃宗要	新羅 元曉撰	1
						耨雲禪師語錄		1
						耦益三頌		1
						龐居士語錄	唐 于[由*頁]編集	3
						蓬折箴	宋 妙蓮撰	1
						蓬折直辨	宋 妙蓮撰	1
	0310-s07					披甲莊嚴會	唐 菩提流志譯	5
	1114	0813	(則)	0814	(則)	毘俱胝菩薩一百八名經	宋 法天譯	1
	0861					毘盧遮那五字真言修習儀軌	唐 不空譯	1
	1273					毘那夜迦[言*我]那[金*本]底瑜伽悉地品祕要	唐 含光記	1
	0898					佛說毘奈耶經		1
				1647	(音察)	毗尼關要	清 德基輯	16
				1647-j20	(察)	毗尼關要事義	清 德基輯	1
	1463	1132	(唱)	1133	(唱)	毘尼母經	失譯	8
						毗尼日用錄	明 性祇述	1
						毗尼日用切要	清 讀體彙集	1
						毗尼日用切要香乳記	清 書玉箋記	2
						重治毗尼事義集要	明 智旭輯繹	18
						毗尼討要	唐 玄惲纂	6
				1646	(敕聆)	毗尼作持續釋	唐 道宣撰集　清 讀體續釋	15
						毗尼珍敬錄	明 廣承輯錄　智旭會補	2
				1645	(謙謹)	毗尼止持會集	清 讀體集	16
	0003	0844	(盡)	0845	(盡)	毘婆尸佛經	宋 法天譯	2
	1244	0968	(清)	0969	(清)	毘沙門天王經	唐 不空譯	1
	1245	0843	(盡)	0844	(盡)	佛說毘沙門天王經	宋 法天譯	1
	1249					毘沙門儀軌	唐 不空譯	1
	0354	0056	(推)	0056	(推)	毘耶娑問經	元魏 瞿曇般若流支譯	2
	0217	0730	(當)	0731	(當)	譬喻經	唐 義淨譯	1
	0422	0074	(周)	0074	(周)	大集譬喻王經	隋 闍那崛多譯	2
	1650	1254	(逸)	1255	(逸)	辟支佛因緣論	失譯	2
						闢妄救略說	明 圓悟著　真啟編	10
	0797a					佛說貧窮老公經	劉宋 慧簡譯	1
	0797b	0687	(敬)	0688	(敬)	佛說貧窮老公經	劉宋 慧簡譯	1
						頻吉禪師語錄		
	0133	0614	(善)	0615	(善)	頻毘娑羅王詣佛供養經	西晉 法炬譯	1
	0041	0894	(臨)	0895	(臨)	頻婆娑羅王經	劉宋 法賢譯	1
						平石如砥禪師語錄	(嗣法門人) 文才．子昶．了因．彌安．元勗．師楷．文斌．汝均．處林．雲岑 等編	1
						評復古記	宋 希迪錄	1
						評金剛錍	宋 善熹述	1
	0511	0665	(璧)	0666	(璧)	佛說蓱沙王五願經	吳 支謙譯	1
	0131	0612	(善)	0613	(善)	佛說婆羅門避死經	後漢 安世高譯	1
	0091	0577	(緣)	0578	(緣)	婆羅門子命終愛念不離經	後漢 安世高譯	1
	2049	1455	(漆)	1456	(漆)	婆藪槃豆法師傳	陳 真諦譯	1
						破菴祖先禪師語錄	(參學) 圓照 等編	1
						破峰禪師語錄		
						破山禪師語錄		
	2109	1492	(微)	1524	(曲)	破邪論	唐 法琳撰	2
	1574	1297	(星)	1298	(星)	大乘破有論	龍樹菩薩造　宋 施護譯	1
	0188	0504	(維)	0505	(維)	異出菩薩本起經	西晉 聶道真譯	1
	0160	1304	(右)	1305	(右)	菩薩本生鬘論	宋 紹德慧詢等譯	16
	0155	0427	(墨)	0428	(墨)	菩薩本行經	失譯	3
	0281	0096	(壹)	0096	(壹)	佛說菩薩本業經	吳 支謙譯	1
	0153	1349	(聚)	1350	(聚)	菩薩本緣經	吳 支謙譯	3
	0384	0428	(悲)	0429	(悲)	菩薩從兜術天降神母胎說廣普經	姚秦 竺佛念譯	7
	0532	0372	(彼)	0373	(彼)	私呵昧經	吳 支謙譯	1
	1581	1080	(安)	1081	(安)	菩薩地持經	北涼 曇無讖譯	10
	0615	1408	(槁)	1409	(槁)	菩薩訶色欲法經	姚秦 鳩摩羅什譯	1
	1501	1092	(篤)	1093	(篤)	菩薩戒本	彌勒菩薩說　唐 玄奘譯	1
	1500	1090	(篤)	1091	(篤)	菩薩戒本	慈氏菩薩說　北涼 曇無讖譯	1
	1499	1091	(篤)	1092	(篤)	菩薩戒羯磨文	彌勒菩薩說　唐 玄奘譯	1
	1811	1546	(何)	1508	(伊)	菩薩戒義疏	隋 智顗說　灌頂記	2
						菩薩名經		10
	1487	1076	(言)	1077	(言)	佛說菩薩內戒經	宋 求那跋摩譯	1
	0778	0430	(悲)	0431	(悲)	佛說菩薩內習六波羅蜜經	後漢 嚴佛調譯	1
	0414	0067	(弔)	0067	(弔)	菩薩念佛三昧經	劉宋 功德直譯	5
	0415	0068	(民)	0068	(民)	大方等大集經菩薩念佛三昧分	隋 達磨笈多譯	10
						菩薩請問經		
						菩薩三昧經		
						菩薩所說經		1
	0174	0211	(潔)	0212	(潔)	菩薩睒子經	失譯	1
	1582	1079	(辭)	1080	(辭)	菩薩善戒經	劉宋 求那跋摩譯	9
	1583	1079-j10	(辭)		(辭)	菩薩善戒經	劉宋 求那跋摩譯	1
	0533	0373	(彼)	0374	(彼)	菩薩生地經	吳 支謙譯	1
	0308	0099	(壹)	0099	(壹)	佛說大方廣菩薩十地經	元魏 吉迦夜譯	1
	0284	0105	(率)	0105	(率)	佛說菩薩十住經	東晉 祇多蜜譯	1
	0283	0104	(率)	0104	(率)	菩薩十住行道品	西晉 竺法護譯	1
	0528	0223	(潔)	0224	(潔)	佛說菩薩逝經	西晉 白法祖譯	1
	1502	1099	(初)	1100	(初)	菩薩受齋經	西晉 聶道真譯	1
	0310-s04					菩薩說夢經	西晉 竺法護譯	3
	0172	0431	(悲)	0432	(悲)	菩薩投身飴餓虎起塔因緣經	北涼 法盛譯	1
						菩薩陀羅尼經	失譯	1
	1504	1096	(初)	1097	(初)	菩薩五法懺悔文	失譯	1
	0271	0173	(養)	0174	(養)	佛說菩薩行方便境界神通變化經	劉宋 求那跋陀羅譯	3
	0812	0383	(短)	0384	(短)	菩薩行五十緣身經	西晉 竺法護譯	1
	0330	0384	(短)	0385	(短)	佛說菩薩修行經	西晉 白法祖譯	1
	0773	0262	(良)	0263	(良)	佛說菩薩修行四法經	唐 地婆訶羅譯	1
	1485	1086	(篤)	1087	(篤)	菩薩瓔珞本業經	姚秦 竺佛念譯	2
	0656	0440	(詩贊)	0441	(詩贊)	菩薩瓔珞經	姚秦 竺佛念譯	14
	1503	1077	(言)	1078	(言)	優婆塞五戒威儀經	宋 求那跋摩譯	1
	1491	1097	(初)	1098	(初)	菩薩藏經	梁 僧伽婆羅譯	1
	1191	1050	(若)	1051	(若)	大方廣菩薩藏文殊師利根本儀軌經	宋 天息災譯	20
	0316	0999	(如松)	1000	(如松)	佛說大乘菩薩藏正法經	宋 法護等譯	40
	0310-s16					菩薩見實經	高齊 那連提黎耶舍譯	16
	0950	1018	(不)	1019	(不)	菩提場所說一字頂輪王經	唐 不空譯	5
	1008	1019	(不)	1020	(不)	菩提場莊嚴陀羅尼經	唐 不空譯	1
	1663	0866	(臨)	0867	(臨)	菩提心觀釋	宋 法天譯	1
	1661	1296	(星)	1297	(星)	菩提心離相論	龍樹菩薩造　宋 施護譯	1
	1953					菩提心義	唐 潛真撰	1
	1662	1346	(亦)	1347	(亦)	菩提行經	龍樹菩薩集頌　宋 天息災譯	4
	1660	1174	(仁)	1175	(仁)	菩提資糧論	龍樹本　自在比丘釋　隋 達磨笈多譯	6
						普菴印肅禪師語錄		3
	1153	1036	(取)	1037	(取)	普遍光明清淨熾盛如意寶印心無能勝大明王大隨求陀羅尼經	唐 不空譯	2
	0252					普遍智藏般若波羅蜜多心經	唐 法月重譯	1
	0627	0177	(毀)	0178	(毀)	文殊支利普超三昧經	西晉 竺法護譯	3
	0522	0752	(當)	0753	(當)	普達王經	失譯	1
	0098	0581	(緣)	0582	(緣)	普法義經	後漢 安世高譯	1
						普覺宗杲禪師語錄	(參學) 法宏．道謙 編	2
	0315a					佛說普門品經	西晉 竺法護譯	1
	0315b	0027	(服)	0027	(服)	佛說普門品經	西晉 竺法護譯	1
						普明王經	失譯	
						普能嵩禪師淨土詩	清 德潤錄	1
						普勸僧俗發菩提心文	唐 綿州剌史裴休述	1
						普勸修行文		
	2580					普勸坐禪儀	日本 道元撰	1
						普陀列祖錄	清 通旭集	1
						普賢觀經義疏	宋 本如述、處咸續解　日本 亮潤分會	2
						普賢觀經義疏科		1
	1124	1434	(隸)	1435	(隸)	普賢金剛薩埵略瑜伽念誦儀軌	唐 不空譯	1
	1126	0847	(盡)	0848	(盡)	佛說普賢曼拏羅經	宋 施護譯	1
						普賢菩薩發願文	隋 智顗撰	1
	1127	0835	(盡)	0836	(盡)	佛說普賢菩薩陀羅尼經	宋 法天譯	1
	0297	1136	(唱)	1137	(唱)	普賢菩薩行願讚	唐 不空譯	1
	0298	0094	(壹)	0094	(壹)	大方廣普賢所說經	唐 實叉難陀譯	1
						普賢行願品		1
	0186	0156	(大)	0156	(大)	普曜經	西晉 竺法護譯	8
	2605					普照國師語錄	日本 隱元隆琦語、門人性[王*舀]等編	3
	2606					普照國師法語	日本 隱元隆琦語、門人性杲等編	2
						溥山禪師語錄		1
	0150A	0643	(慶)	0644	(慶)	七處三觀經	後漢 安世高譯	1
	0004	0621	(善)	0622	(善)	七佛父母姓字經	失譯	1
	0002	0854	(命)	0855	(命)	七佛經	宋 法天譯	1
	1332	0442	(羊)	0443	(羊)	七佛八菩薩所說大陀羅尼神咒經	失譯	4
	1682	1059	(言)	1060	(言)	七佛讚唄伽他	宋 法天譯	1
	1079					七俱胝獨部法	唐 善無畏譯	1
	1076	0341	(莫)	0342	(莫)	七俱胝佛母所說准提陀羅尼經	唐 不空譯	1
				1659	(祗)	七俱胝佛母所說準提陀羅尼經會釋	清 弘贊會釋	3
	1078					七佛俱胝佛母心大准提陀羅尼法	唐 善無畏譯	1
	1077	0339	(莫)	0340	(莫)	佛說七俱胝佛母心大准提陀羅尼經	唐 地婆訶羅譯	1
	1075	0340	(莫)	0341	(莫)	佛說七俱胝佛母准提大明陀羅尼經	唐 金剛智譯	1
						七俱胝準提陀羅尼念誦儀軌（尾題七俱胝佛母念誦儀軌）	唐 不空譯	1
	0556	0704	(敬)	0705	(敬)	佛說七女經	吳 支謙譯	1
	1091					七星如意輪祕密要經	唐 不空譯	1
	1308					七曜攘災決	唐 金俱吒撰	2
	1309					七曜星辰別行法	唐 一行撰	1
	0027	0552	(緣)	0553	(緣)	七知經	吳 支謙譯	1
						漆園指通		1
						其白禪師語錄		1
						奇然禪師語錄		1
	0949					奇特最勝金輪佛頂念誦儀軌法要		1
						祇園禪師語錄		1
						祇園正儀	宋 道楷撰	1
						啟信雜說	清 周思仁輯	1
						啓真禪師語錄		1
	0024	0545	(積)	0545	(積)	起世經	隋 闍那崛多等譯	10
	0025	0544	(惡)	0546	(惡)	起世因本經	隋 達摩笈多譯	10
	1847					大乘起信論義記別記	唐 法藏撰	1
	1845					大乘起信論別記	新羅 元曉撰	1
						起信論捷要	明 正遠註	2
	1850					大乘起信論裂網疏	明 智旭述	6
						起信論略疏	唐 法藏造疏　明 德清纂要	4
	1849					大乘起信論內義略探記	新羅 太賢作	1
	1844					起信論疏	新羅 元曉撰	2
	1844,1845					起信論疏記	新羅 元曉(疏並別記)	6
						起信論疏記會閱	清 續法輯	11
						起信論同異略集	唐 見登集	2
						起信論續疏	明 通潤述疏	2
						起信論一心二門大意	陳 智愷作	1
						起信論義疏	隋 曇延撰	2
	1843					大乘起信論義疏	隋 慧遠撰	2
						起信論纂註	明 真界纂註	2
						起信論直解	明 德清述	2
						起宗真禪師語錄		
	2681					器朴論	日本 託何述	3
	1213					千臂軍荼利梵字真言		1
	1177B					千[金*本]文殊一百八名讚		1
	0426	0506	(維)	0507	(維)	佛說千佛因緣經	後秦 鳩摩羅什譯	1
	1065					千光眼觀自在菩薩祕密法經	唐 三昧蘇[口*縛]羅譯	1
						千松筆記	明 大韶著	1
	1068					千手觀音造次第法儀軌	唐 善無畏譯	1
	1950	1509	(輔)	1579	(馳)	千手眼大悲心咒行法	宋 知禮集	1
	1064					千手千眼觀世音菩薩大悲心陀羅尼	唐 不空譯	1
	1062A					千手千眼觀世音菩薩大身咒本	唐 金剛智譯	1
	1060	0315	(能)	0316	(能)	千手千眼觀世音菩薩廣大圓滿無礙大悲心陀羅尼經	唐 伽梵達摩譯	1
	1058	0314	(能)	0315	(能)	千手千眼觀世音菩薩姥陀羅尼身經	唐 菩提流志譯	1
	1059					千手千眼觀世音菩薩治病合藥經	唐 伽梵達摩譯	1
						千手千眼觀自在菩薩大身咒經	唐 不空譯	1
						千手千眼觀自在菩薩根本真言釋	唐 不空譯	1
	1061					千手千眼觀自在菩薩廣大圓滿無礙大悲心陀羅尼咒本	唐 金剛智譯	1
						千岩禪師語錄		1
	1057a					千眼千臂觀世音菩薩陀羅尼神咒經	唐 智通譯	2
	1057b	0313	(能)	0314	(能)	千眼千臂觀世音菩薩陀羅尼神咒經	唐 智通譯	2
	1036	0850	(命)	0851	(命)	千轉大明陀羅尼經	宋 施護譯	1
	1035	0324	(能)	0325	(能)	千轉陀羅尼觀世音菩薩咒	唐 智通譯	1
						簽序指明		1
	0178	0265	(良)	0266	(良)	前世三轉經	西晉 法炬譯	1
						黔南會燈錄	清 如純輯	8
						喬松禪師語錄		1
						樵隱悟逸禪師語錄	(侍者) 正定 編	2
	0310-s28					勤受長者會	唐 菩提流志譯	1
	1111					青頸觀自在菩薩心陀羅尼經	唐 不空注	1
	0855					青龍寺軌記		1
	2171					青龍寺求法目錄	日本 圓珍撰	1
	1221					青色大金剛藥叉辟鬼魔法	唐 空[基-土+虫]述	1
						青州百問	元 一辯問、覺答	1
	0899					清淨法身毘盧遮那心地法門成就一切陀羅尼三種悉地		1
	1038	0489	(行)	0490	(行)	清淨觀世音普賢陀羅尼經	唐 智通譯	1
						清淨毘奈耶最上大乘經	宋 西夏三藏智吉祥等譯	3
	1489	1095	(初)	1096	(初)	清淨毘尼方廣經	後秦 鳩摩羅什譯	1
						清淨心經	唐 勿提犀魚譯	1
	0803					佛說清淨心經	宋 施護等譯	1
	2098					古清涼傳	唐 慧祥撰	2
	2099					廣清涼傳	宋 延一編	3
	2100					續清涼傳	宋 張商英述	2
						清珠集	清 治兆輯	1
	1689	1340	(墳)	1341	(墳)	請賓頭盧法	劉宋 慧簡譯	1
						請佛心陀羅尼	失譯	1
	1949	1507	(輔)	1576	(馳)	請觀世音菩薩消伏毒害陀羅尼三昧儀	宋 遵式集	1
	1043	0321	(能)	0322	(能)	請觀世音菩薩消伏毒害陀羅尼咒經	東晉 難提譯	1
	1800	1554	(法)	1510	(伊)	請觀音經疏	隋 智顗說　灌頂記	1
	1801	1555	(呂7)			請觀音經疏闡義鈔	宋 智圓述	4
						瓊樓吟稿節鈔	清 陶善著　弟子節鈔	1
						[橩-木]絕老人天奇直註天童覺和尚頌古	明 本瑞直註　性福編集	2
						[橩-木]絕老人天奇直註雪竇顯和尚頌古	明 本瑞直註、道霖．性福 編集	2
	0049	0564	(緣)	0565	(緣)	求欲經	西晉 法炬譯	1
	0060	0586	(緣)	0587	(緣)	瞿曇彌記果經	劉宋 慧簡譯	1
	1622	1220	(匪)	1221	(匪)	取因假設論	陳那菩薩造　唐 義淨譯	1
						詮源歌	宋太宗趙炅制	1
						權現金色迦那婆底九目天法	唐 菩提留支譯	1
	1862					勸發菩提心集	唐 慧沼撰	3
						勸發菩提心文	唐 裴休述	1
	1673	1432	(隸)	1433	(隸)	勸發諸王要偈	龍樹菩薩撰　宋 僧伽跋摩譯	1
						勸修淨土切要	清 真益願纂述	1
						佛說[去*ㄗ]溫黃神咒經		1
	0215	0758	(當)	0759	(當)	群牛譬經	西晉 法炬譯	1
	1264b	0955	(興)	0956	(興)	佛說穰麌梨童女經	唐 不空譯	1
	0014	0548	(福)	0549	(福)	人本欲生經	後漢 安世高譯	1
	1693					人本欲生經註	東晉 道安撰	1
						人天寶鑑	宋 曇秀輯	1
	2006					人天眼目	宋 智昭集	6
	0009	0895	(臨)	0896	(臨)	人仙經	宋 法賢譯	1
						仁壽慈聖發願文	宋 品夷簡參定注釋	3
	0995	1411	(槁)	1412	(槁)	仁王般若念誦法	唐 不空譯	1
	0996	1398	(杜)	1399	(杜)	仁王般若陀羅尼釋	唐 不空譯	1
	0246	0959	(溫)	0960	(溫)	仁王護國般若波羅蜜多經	唐 不空譯	2
	0994	1427	(鍾)	1428	(鍾)	仁王護國般若波羅蜜多經陀羅尼念誦儀軌	唐 不空譯	1
	0245	0014	(翔)	0014	(翔)	佛說仁王般若波羅蜜經	後秦 鳩摩羅什譯	2
	1706	1559	(韓)			仁王護國般若波羅蜜經疏神寶記	宋 善月述	4
	1705	1558	(韓)	1499	(碑)	仁王護國般若經疏	隋 智顗說　灌頂記	5
						仁王經合疏	隋 智顗說　灌頂記　明 道霈合	3
						仁王經科疏	明 真貴述	5
						仁王經科疏科文	明 真貴述	1
						仁王經科疏懸談	明 真貴述	1
	1707					仁王般若經疏	隋 吉藏撰	6
	1708					仁王經疏	唐 圓測撰	3
	1709					仁王護國般若波羅蜜多經疏	唐 良賁述	7
						仁王經疏	宋 淨源撰集	4
						仁王經疏法衡鈔	唐 遇榮集	6
						仁王念誦儀	唐 不空譯	1
	1160					日光菩薩月光菩薩陀羅尼		1
	0397-p13					日密分	北涼 曇無讖譯	1
	0333	0782	(力)	0783	(力)	佛說大乘日子王所問經	宋 法天譯	1
	0397-p14	0058	(有)	0058	(有)	大乘大方等日藏經	隋 那連提耶舍譯	10
	2680					融通圓門章	日本 融觀述	1
	0234	0013	(翔)	0013	(翔)	佛說濡首菩薩無上清淨分衛經	宋 翔公譯	2
	0372	0971	(似)	0972	(似)	佛說如幻三摩地無量印法門經	宋 施護等譯	3
	0342	0043	(裳)	0043	(裳)	佛說如幻三昧經	西晉 竺法護譯	2
	2002A					如淨和尚語錄	宋 文素編	2
	0301	0093	(壹)	0093	(壹)	大方廣如來不思議境界經	唐 實叉難陀譯	1
	0312	1037	(映)	1038	(映)	佛說如來不思議祕密大乘經	宋 法護譯	20
	0623	0278	(良)	0279	(良)	佛說如來獨證自誓三昧經	西晉 竺法護譯	1
	1334	0362	(罔)	0363	(罔)	如來方便善巧咒經	隋 闍那崛多譯	1
	0821	0438	(染)	0439	(染)	大方廣如來祕密藏經	失譯	2
	0835	0257	(良)	0258	(良)	如來師子吼經	元魏 佛陀扇多譯	1
	0515	0244	(才)	0245	(才)	如來示教勝軍王經	唐 玄奘譯	1
	0291	0088	(邇)	0088	(邇)	佛說如來興顯經	西晉 竺法護譯	4
	2877					如來在金棺囑累清淨莊嚴敬福經		1
	0666	0379	(彼)	0380	(彼)	大方等如來藏經	東晉 佛陀跋陀羅譯	1
	0667					大方廣如來藏經	唐 不空譯	1
	0633	0250	(才)	0251	(才)	佛說如來智印經	失譯	1
	0357	0240	(男)	0241	(男)	如來莊嚴智慧光明入一切佛境界經	元魏 曇摩流支譯	2
	1633	1244	(逸)	1245	(逸)	如實論	陳真 諦譯	1
	1404	0830	(則)	0831	(則)	佛說如意寶總持王經	宋 施護譯	1
	0961					如意寶珠轉輪祕密現身成佛金輪咒王經	唐 不空譯	1
	1090	1429	(鍾)	1430	(鍾)	佛說如意輪蓮華心如來修行觀門儀	宋 慈賢譯	1
	1088					如意輪菩薩觀門義注祕訣		1
	1080	0319	(能)	0320	(能)	如意輪陀羅尼經	唐 菩提流志譯	1
	1403	0823	(則)	0824	(則)	佛說如意摩尼陀羅尼經	宋 施護譯	1
					(其)	如意心咒經疏	失撰人名	2
						佛說如意[虎-儿+丘]空藏菩薩陀羅尼經	唐 菩提留支譯	1
	0809	0229	(潔)	0230	(潔)	佛說乳光佛經	西晉 竺法護譯	1
	1554	1283	(笙)	1284	(笙)	入阿毘達磨論	塞建陀羅造　唐 玄奘譯	2
	1634	1236	(靜)	1237	(靜)	入大乘論	堅意菩薩造　北涼 道泰等譯	2
	1864					大乘入道次第	唐 智周撰	1
	0646	0127	(被)	0127	(被)	入定不定印經	唐 義淨譯	1
						入對法論集勝義疏	彌多羅造　唐 玄奘譯	3
	0355	0047	(裳)	0047	(裳)	入法界體性經	隋 闍那崛多譯	1
	0671	0171	(鞠)	0172	(鞠)	入楞伽經	元魏 菩提流支譯	10
	0672	0172	(養)	0173	(養)	大乘入楞伽經	唐 實叉難陀譯	7
	1790					入楞伽心玄義	唐 法藏撰	1
	1791					注大乘入楞伽經	宋 寶臣述	10
	0304	0089	(壹)	0089	(壹)	大方廣入如來智德不思議經	唐 實叉難陀譯	1
	2165					日本國承和五年入唐求法目錄	日本 圓仁撰	1
	2172					日本比丘圓珍入唐求法目錄	日本 圓珍撰	1
	2167					入唐新求聖教目錄	日本 圓仁撰	1
	0654	0936	(夙)	0937	(夙)	佛說入無分別法門經	宋 施護譯	1
						入眾日用	宋 宗壽集	1
						入眾須知		1
	0359	1007	(之)	1008	(之)	佛說大乘入諸佛境界智光明莊嚴經	宋 法護等譯	5
	0897					蕤呬耶經	唐 不空譯	3
						瑞白禪師語錄		
						瑞應瀛山語錄		
						潤光澤禪師澡雪集		1
	0030	0864	(臨)	0865	(臨)	薩[金*本]多酥哩踰捺野經	宋 法賢譯	1
	0520	0412	(信)	0413	(信)	佛說薩羅國經	失譯	1
	1441	1126	(下)	1127	(下)	薩婆多部毘尼摩得勒伽	劉宋 僧伽跋摩譯	10
	1440	1129	(夫)	1130	(夫)	薩婆多毘尼毘婆沙	失譯	9
	1556					薩婆多宗五事論	唐 法成譯	1
	0265	0132	(草)	0132	(草)	薩曇分陀利經	失譯	1
						三巴掌禪師語錄	明 性養、性亮同編	1
	2084					三寶感應要略錄	宋 非濁集	3
						三寶贊注	明孝皇帝禦制　宋 呂夷簡等參定注釋	1
	1506	1263	(畫)	1264	(畫)	三法度論	東晉 僧伽提婆譯	3
						三峰禪師語錄		
						三峰元禪師語錄		
						三根坐禪說	日本 總持寺瑩山撰	1
	0072	0600	(善)	0601	(善)	三歸五戒慈心厭離功德經	失譯	1
						三觀義	隋 智顗撰	2
	2039-s2					三國遺事	朝鮮 一然撰	5
	2039-s1					三國遺事年表	朝鮮 一然撰	1
	0768	1337	(墳)	1338	(墳)	三慧經	失譯	1
	1493	1084	(定)	1085	(定)	大乘三聚懺悔經	隋 闍那崛多共笈多等譯	1
						三教出興頌註	宋 宗曉注	1
	2117	1635	(黜)			三教平心論	元 劉謐撰	2
	0446a-h1	0400-h1	(長)		(長)	三劫三千佛緣起	劉宋 畺良耶舍譯	1
	0311	0021	(乃)	0021	(乃)	大方廣三戒經	北涼 曇無讖譯	3
						三經解		
	1534	1188	(節)	1189	(節)	三具足經憂波提舍	元魏 毘目智仙譯	1
						三論略章		1
	2306					三論名教抄	日本 珍海撰	15
	1852					三論玄義	隋 吉藏撰	1
	1855					三論遊意義	隋 磧法師撰	1
	2179					三論宗章疏	日本 安遠錄	1
	0310-s01					三律儀會	唐 菩提流志譯	3
	0483	1098	(初)	1099	(初)	三曼陀跋陀羅菩薩經	西晉 聶道真譯	1
	0635	0432	(絲)	0433	(絲)	佛說弘道廣顯三昧經	西晉 竺法護譯	4
						三昧起念般若經	失譯	1
						三昧菩薩經	失譯	1
	1649	1264	(畫)	1265	(畫)	三彌底部論	失譯	3
	1774					三彌勒經疏	新羅 憬興撰	1
	0129	0611	(善)	0612	(善)	佛說三摩竭經	吳 竺律炎譯	1
	0767	0461	(景)	0462	(景)	佛說三品弟子經	吳 支謙譯	1
						三千有門頌略解	明 真覺略解、智旭較	1
						三山禪師語錄		16
	1677	1066	(言)	1067	(言)	三身梵讚	宋 法賢譯	1
						三聖詩集		1
	1882					三聖圓融觀門	唐 澄觀述	1
						三時繫念佛事	宋 延壽 述	1
						三時繫念儀範	宋 延壽 述	1
						三十七尊禮懺文	失譯	1
						三十五佛名	失譯	1
	0326	0973	(斯)	0974	(斯)	佛說三十五佛名禮懺文	唐 不空譯	1
	1617	1211	(沛)	1212	(沛)	三無性論	陳 真諦譯	2
						三宜禪師語錄		1
						三衣顯正圖	宋 妙生述	1
						三支比量義鈔	唐 玄奘立　宋 延壽造　明 明昱鈔	1
	0905					三種悉地破地獄轉業障出三界祕密陀羅尼法	唐 善無畏譯	1
	0110	0653	(慶)	0654	(慶)	佛說三轉法輪經	唐 義淨譯	1
						僧寶正續傳	宋 祖琇撰	7
						僧伽吒法義經	宋 金總持等譯	7
	0423	0444	(羊)	0445	(羊)	僧伽吒經	元魏 月婆首那譯	4
	0194	1344	(典)	1345	(典)	僧伽羅剎所集經	符秦 僧伽跋澄等譯	3
	2126					大宋僧史略	宋 贊寧撰	3
	0617	1365	(英)	1366	(英)	思惟略要法	姚秦 鳩摩羅什譯	1
	0586	0185	(傷)	0186	(傷)	思益梵天所問經	姚秦 鳩摩羅什譯	4
						思益梵天所問經簡註	明 圓澄註	4
						死心悟新禪師語錄		1
	2093					寺塔記	唐 段成式撰	1
	1505	1373	(英)	1374	(英)	四阿鋡暮抄解	婆素跋陀造　符秦 鳩摩羅佛提等譯	2
	0769	0462	(景)	0463	(景)	佛說四輩經	西晉 竺法護譯	1
	0770	0387	(短)	0388	(短)	佛說四不可得經	西晉 竺法護譯	1
	0032	0593	(善)	0594	(善)	四諦經	後漢 安世高譯	1
	1647	1253	(逸)	1254	(逸)	四諦論	婆藪跋摩造　陳 真諦譯	4
	0772	0261	(良)	0262	(良)	大乘四法經	唐 地婆訶羅譯	1
	0774	0515	(維)	0516	(維)	大乘四法經	唐 實叉難陀譯	1
	1535					大乘四法經釋		1
	1807					四分比丘戒本疏	唐 定賓撰	2
						四分比丘尼鈔	唐 道宣述	6
						四分比丘尼鈔科	宋 允堪述	1
	1434	1123	(卑)	1124	(卑)	四分比丘尼羯磨法	劉宋 求那跋摩譯	1
	1431	1149	(外)	1150	(外)	四分比丘尼戒本	後秦 佛陀耶舍譯	1
						四分比丘尼戒經	姚秦 佛陀耶舍譯	1
	1430	1148-j2	(外)	1149b	(外)	四分僧戒本	後秦 佛陀耶舍譯	1
	1429	1148	(外)	1149a	(外)	四分律比丘戒本	後秦 佛陀耶舍譯	1
						四分戒本如釋	明 弘贊繹	12
						釋四分戒本序	宋 道言述	1
						四分戒本緣起事義	明 廣莫輯錄	1
						四分戒本約義	明 元賢述	4
	1806					四分律比丘含注戒本	唐 道宣述	3
						四分律含注戒本隨講別錄	民國 弘一撰	1
						四分律含注戒本疏	唐 道宣撰	4
						四分律含注戒本疏發揮記	宋 允堪述	3
						釋四分律含注戒本疏科分	宋 元照錄	8
						四分律含注戒本疏行宗記	唐 道宣撰　宋 元照述　日本 即靜分會	21
						四分律開宗記	唐 懷素撰	20
						四分律名義標釋	明 弘贊輯	40
						四分律搜玄錄	唐 志鴻撰述	4
						四分律隨機羯磨疏正源記	宋 允堪述	8
	1808	1114	(存)	1115	(存)	四分律刪補隨機羯磨	唐 道宣集	2
						四分律刪補隨機羯磨疏	唐 道宣集	4
						四分律刪補隨機羯磨疏濟緣記	唐 道宣疏　宋 元照記　日本 禪能合會	22
						釋四分律刪補隨機羯磨疏科分	宋 元照錄	4
	1804					四分律刪繁補闕行事鈔	唐 道宣撰	3
						四分律刪繁補闕行事鈔科	宋 元照錄	
						四分律拾毗尼義鈔	唐 道宣撰	6
						四分律拾毗尼義鈔輔要記	宋 允堪述	6
						四分律拾毗尼義鈔科	宋 元照錄	1
						四分律疏	唐 法礪撰述	20
						四分律疏	唐 智首撰	20
						四分律疏飾宗義記	唐 定賓作	8
						四分律行事鈔簡正記	後唐 景霄纂	17
						四分律行事鈔科	宋 元照錄	12
						四分律行事鈔批	唐 大覺撰	28
	1805					四分律行事鈔資持記	宋 元照撰	3
						四分律行事鈔諸家記標目	宋 慧顯集　日本 戒月改錄	1
						資持記立題拾義	宋 道標出	1
						資持記序解並五例講義	宋 則安述	1
	1428	1111	(業-無)	1112	(業-無)	四分律	姚秦 佛陀耶舍共竺佛念等譯	60
						四分律藏大小持戒犍度略釋	明 智旭釋	1
	1809	1122	(卑)	1123	(卑)	僧羯磨	唐 懷素集	3
						新刪定四分僧戒本	唐 道宣刪定	1
						四分刪定比丘尼戒本	宋 元照重定	1
	1929	1561	(弊)	1511	(伊)	四教義	隋 智顗撰	12
						四教儀備釋	元 元粹述	2
						四教儀集解	宋 從義撰	3
						四教儀集註節義	清 靈耀節	1
						四教儀註彙補輔宏記	清 性權記	21
						大乘四論玄義	唐 均正撰	7
	1937					四明尊者教行錄	宋 宗曉編	7
						四明仁岳異說叢書	宋 繼忠集	7
	1936					四明十義書	宋 知禮撰	2
	0139	0625	(善)	0626	(善)	佛說四泥犁經	東晉 竺曇無蘭譯	1
	1918	1557	(法)	1487	(纓)	四念處	隋 智顗說	4
	0776	0990	(斯)	0991	(斯)	佛說四品法門經	宋 法賢譯	1
	0771	1409	(槁)	1410	(槁)	四品學法經	劉宋 求那跋陀羅譯	1
	0127	0584	(緣)	0585	(緣)	佛說四人出現世間經	劉宋 求那跋陀羅譯	1
	0784	0673	(璧)	0674	(璧)	四十二章經	後漢 迦葉摩騰共法蘭譯	1
						四十二章經解	明 智旭著	1
				1661	(植)	四十二章經疏鈔	清 續法述	5
	1794					註四十二章經	宋 真宗皇帝註	1
						四十二章經註	宋 守遂註　明 了童補註	1
	0590	0717	(孝)	0718	(孝)	佛說四天王經	宋 智嚴共寶雲譯	1
	0379	0117	(食)	0117	(食)	四童子三昧經	隋 闍那崛多譯	3
	0136	0619	(善)	0620	(善)	佛說四未曾有法經	西晉 竺法護譯	1
	0775	0868	(臨)	0869	(臨)	佛說四無所畏經	宋 施護譯	1
	0735	0694	(敬)	0695	(敬)	佛說四願經	吳 支謙譯	1
	0736	0740	(當)	0741	(當)	佛說四自侵經	西晉 竺法護譯	1
						松源崇嶽禪師語錄	(參學) 善開．光睦．普巖．師肇．道巖．了能 等錄	2
						嵩山禪師後錄		
						嵩山禪師語錄		
						頌古合響		
						頌古鈎距		
	0895a	0526	(賢)	0527	(賢)	蘇婆呼童子請問經	唐 輸波迦羅譯	3
	0895b					蘇婆呼童子請問經	唐 輸波迦羅譯	2
	0894a	1417	(鍾)	1418	(鍾)	蘇悉地羯羅供養法	唐 善無畏譯	3
	0894b					蘇悉地羯羅供養法	唐 善無畏譯	2
	0893a					蘇悉地羯羅經	唐 輸波迦羅譯	3
	0893b	0528	(克)	0529	(克)	蘇悉地羯羅經	唐 輸波迦羅譯	3
	0893c					蘇悉地羯羅經	唐 輸波迦羅譯	3
	1382	0908	(深)	0909	(深)	佛說宿命智陀羅尼	宋 法賢譯	1
	1383	0883	(臨)	0884	(臨)	佛說宿命智陀羅尼經	宋 法賢譯	1
	1304					宿曜儀軌	唐 一行撰	1
	1277	1388	(杜)	1389	(杜)	速疾立驗魔醯首羅天說阿尾奢法	唐 不空譯	1
	1154	0492	(行)	0493	(行)	佛說隨求即得大自在陀羅尼神咒經	唐 寶思惟譯	1
	1641	1272	(筵)	1273	(筵)	隨相論	德慧法師造　陳 真諦譯	1
	0505					佛說隨勇尊者經	宋 施護等譯	1
						隨緣集	清 靈耀著	4
						隨願往生集	遼 非濁集	20
						隨自意三昧	隋 慧思撰	1
	0652	1006	(之)	1007	(之)	佛說大乘隨轉宣說諸法經	宋 紹德等譯	3
	2147	1600	(尹)	1512	(尹)	眾經目錄	隋 彥琮撰	5
	0582	0755	(當)	0756	(當)	佛說孫多耶致經	吳 支謙譯	1
	0737	0707	(敬)	0708	(敬)	所欲致患經	西晉 竺法護譯	1
	0501	0743	(當)	0744	(當)	佛說沙曷比丘功德經	西晉 法炬譯	1
						沙門日用	清 弘贊編	2
						沙彌律儀毗尼日用合參	清 戒顯訂閱　濟岳彙箋	3
						沙彌律儀要略	明 祩宏輯	2
						沙彌律儀要略述義	清 書玉科釋	2
						沙彌律儀要略增註	清 弘贊註	2
	0750	0634	(慶)	0635	(慶)	沙彌羅經	失譯	1
	1474	1145	(隨)	1146	(隨)	沙彌尼戒經	失譯	1
	1475	1158	(受)	1159	(受)	沙彌尼離戒文	失譯	1
						沙彌尼律儀要略	清 讀體輯集	1
	1471	1139	(婦)	1140	(婦)	沙彌十戒法并威儀	失譯	1
						沙彌十戒威儀錄要	明 智旭重輯	1
	1473	0802	(則)	0803	(則)	佛說沙彌十戒儀則經	宋 施護譯	1
	1472	1157	(受)	1158	(受)	沙彌威儀	宋 求那跋摩譯	1
						沙彌學戒儀軌頌註	清 弘贊述並註	1
						山庵雜錄	明 無溫錄	2
				1649	(理)	山茨際禪師語錄	達尊．達謙等編次	4
						山鐸禪師語錄		
						山暉禪師語錄		
						山家義苑	宋 可觀述智增證	2
						山家緒餘集	宋 善月述	3
						刪定止觀	唐 梁肅述	3
	0175a					睒子經	西晉 聖堅譯	1
	0175b					佛說睒子經	乞伏秦 聖堅譯	1
	0175c	0212	(潔)	0213	(潔)	佛說睒子經	姚秦 聖堅譯	1
	0310-s26					善臂菩薩經	姚秦 鳩摩羅什譯	2
	0310-s35					善德天子會	唐 菩提流志譯	1
	2881					善惡因果經		1
	1137	0364	(罔)	0365	(罔)	佛說善法方便陀羅尼經	失譯	1
	1495	0270	(良)	0271	(良)	善恭敬經	隋 闍那崛多譯	1
						善慧大士語錄	唐 樓[(匕/示)*頁]錄	4
	0472	0786	(忠)	0787	(忠)	佛說大乘善見變化文殊師利問法經	宋 天息災譯	1
	1462	1119	(禮別)	1120	(禮別)	善見律毘婆沙	蕭齊 僧伽跋陀羅譯	18
	1380	0899	(深)	0900	(深)	佛說善樂長者經	宋 法賢譯	1
						善女人傳	清 彭際清述	2
	0346	0920	(深)	0921	(深)	佛說大方廣善巧方便經	宋 施護譯	4
						善權位禪師語錄		
	0479	0176	(敢)	0177	(敢)	善思童子經	隋 闍那崛多譯	2
	0017	0590	(善)	0591	(善)	善生子經	宋 支法度譯	1
	0310-s27					善順菩薩會	唐 菩提流志譯	1
	2055					玄宗朝翻經三藏善無畏贈鴻臚卿行狀	唐 李華撰	1
	1362	0495	(行)	0496	(行)	佛說善夜經	唐 義淨譯	1
						善一禪師語錄並續錄		
	0341	0044	(裳)	0044	(裳)	聖善住意天子所問經	元魏 毘目智仙共般若流支譯	3
	0310-s36					善住意天子所問經	隋 達磨笈多譯	4
	0591	0514	(維)	0515	(維)	商主天子所問經	隋 闍那崛多譯	1
	2009					少室六門		1
	2126-t1					紹興朝旨改正僧道班文字		
		1596	(百)			紹興重雕大藏音	宋 處觀集	3
	0711	0861	(臨)	0862	(臨)	大乘舍黎娑擔摩經	宋 施護譯	1
						舍利懺法	清 繼僧著	1
	1548	1260	(驚圖寫)	1261	(驚圖寫)	舍利弗阿毘曇論	姚秦 曇摩耶舍共曇摩崛多等譯	30
	1492	1100	(初)	1101	(初)	佛說舍利弗悔過經	後漢 安世高譯	1
	0137	0620	(善)	0621	(善)	舍利弗摩訶目連遊四衢經	後漢 康孟詳譯	1
	1016	0348	(莫)	0349	(莫)	舍利弗陀羅尼經	梁 僧伽婆羅譯	1
	1465	1146	(隨)	1147	(隨)	舍利弗問經	失譯	1
	1301	0641	(慶)	0642	(慶)	舍頭諫太子二十八宿經	西晉 竺法護譯	1
	1899					中天竺舍衛國祇洹寺圖經	唐 道宣撰	2
	0146	0626	(善)	0627	(善)	舍衛國王夢見十事經	失譯	1
	0147					佛說舍衛國王十夢經	失譯	1
	1592	1176b	(隱)	1177b	(隱)	攝大乘論	阿僧伽作　後魏 佛陀扇多譯	2
	1593	1176a	(隱)	1177a	(隱)	攝大乘論	無著菩薩造　陳 真諦譯	3
	1594	1240	(情)	1241	(情)	攝大乘論本	無著菩薩造　唐 玄奘譯	3
	0850					攝大毘盧遮那成佛神變加持經入蓮華胎藏海會悲生曼荼[打-丁+羅]廣大念誦儀軌供養方便會	唐 輸婆迦羅譯	3
	1067					攝無礙大悲心大陀羅尼經計一法中出無量義南方滿願補陀落海會五部諸尊等弘誓力方位及威儀形色執持三摩耶[巾*票]幟曼荼羅儀軌	唐 不空譯	1
	0825	0466	(景)	0467	(景)	佛說甚深大迴向經	失譯	1
	0675	0241	(效)	0242	(效)	深密解脫經	元魏 菩提流支譯	5
	1291					深沙大將儀軌	唐 不空譯	1
	0612	0721	(孝)	0722	(孝)	身觀經	西晉 竺法護譯	1
	0757	0948	(夙)	0949	(夙)	佛說身毛喜豎經	宋 惟淨等譯	3
	0535					佛說申日經	西晉 竺法護譯	1
	0536	0226	(潔)	0227	(潔)	申日兒本經	劉宋 求那跋陀羅譯	1
						神鼎(一揆)禪師語錄		
	2064	1612	(城)	1624	(畝)	神僧傳	明太宗御製	9
						(古今圖書集成)神異典二氏部彙考		2
						(古今圖書集成)神異典釋教部紀事		2
	0689	0256	(良)	0257	(良)	甚希有經	唐 玄奘譯	1
	0154	0664	(璧)	0665	(璧)	生經	西晉 竺法護譯	5
						省菴法師語錄	清 彭際清重訂	2
	0230	0993	(斯)	0994	(斯)	聖八千頌般若波羅蜜多一百八名真實圓義陀羅尼經	宋 施護等譯	1
	1284	1039	(止)	1040	(止)	佛說聖寶藏神儀軌經	宋 法天譯	2
	1165	0803	(則)	0804	(則)	聖持世陀羅尼經	宋 施護譯	1
	1371	0824	(則)	0825	(則)	佛說聖大總持王經	宋 施護譯	1
	1107	1073	(言)	1074	(言)	聖多羅菩薩梵讚	宋 施護譯	1
	1104	0900	(深)	0901	(深)	佛說聖多羅菩薩經	宋 法賢譯	1
	1105	0807	(則)	0808	(則)	聖多羅菩薩一百八名陀羅尼經	宋 法天譯	1
	0103	0647	(慶)	0648	(慶)	佛說聖法印經	西晉 竺法護譯	1
	0257	0929	(薄)	0930	(薄)	佛說聖佛母般若波羅蜜多經	宋 施護譯	1
	1516	1305	(右)	1306	(右)	聖佛母般若波羅蜜多九頌精義論	勝德赤衣菩薩造　宋 法護等譯	2
	0258	0791	(忠)	0792	(忠)	佛說聖佛母小字般若波羅蜜多經	宋 天息災譯	1
	1099	0981	(斯)	0982	(斯)	佛說聖觀自在菩薩不空王祕密心陀羅尼經	宋 施護等譯	1
	1055	1072	(言)	1073	(言)	佛說聖觀自在菩薩梵讚	宋 法賢譯	1
	1053	1070	(言)	1071	(言)	聖觀自在菩薩功德讚	宋 施護譯	1
						聖觀自在菩薩念誦儀軌經		
	1031	1407	(槁)	1408	(槁)	聖觀自在菩薩心真言瑜伽觀行儀軌	唐 不空譯	1
	1054	0810	(則)	0811	(則)	聖觀自在菩薩一百八名經	宋 天息災譯	1
	1072A					聖賀野紇哩縛大威怒王立成大神驗供養念誦儀軌法品	唐 不空譯	2
	1275					聖歡喜天式法	唐 般若惹羯羅撰	1
	1164	0781	(力)	0782	(力)	佛說大乘聖吉祥持世陀羅尼經	宋 法天譯	1
	1222a					聖迦柅忿怒金剛童子菩薩成就儀軌經	唐 不空譯	3
	1222b	1058	(言)	1059	(言)	聖迦柅忿怒金剛童子菩薩成就儀軌經	唐 不空譯	3
						聖箭堂述古	清 道霈 述	1
	1131	1069	(言)	1070	(言)	聖金剛手菩薩一百八名梵讚	宋 法賢譯	1
	1108A	1062	(言)	1063	(言)	聖救度佛母二十一種禮讚經	唐 安藏譯	1
						聖可禪師語錄		
	1047	0849	(命)	0850	(命)	佛說聖六字大明王陀羅尼經	宋 施護譯	1
	1049	0870	(臨)	0871	(臨)	聖六字增壽大明陀羅尼經	宋 施護譯	1
	1190	1026	(澄)	1027	(澄)	聖妙吉祥真實名經	元 釋智譯	1
	1203					聖無動尊安鎮家國等法		1
	1204					聖無動尊一字出生八大童子祕要法品	唐 不空述	1
	0937	0780	(力)	0781	(力)	佛說大乘聖無量壽決定光明王如來陀羅尼經	宋 法天譯	1
	1236	0827	(則)	0828	(則)	聖無能勝金剛火陀羅尼經	宋 法天譯	1
	1147	0787	(忠)	0788	(忠)	聖虛空藏菩薩陀羅尼經	宋 法天譯	1
	1214	1414	(槁)	1415	(槁)	聖閻曼德迦威怒王立成大神驗念誦法	唐 不空譯	1
	1303	0805	(則)	0806	(則)	佛說聖曜母陀羅尼經	宋 法天譯	1
	1355	0793	(忠)	0794	(忠)	佛說聖最上燈明如來陀羅尼經	宋 施護譯	1
	1409	0872	(命)	0873	(臨)	聖最勝陀羅尼經	宋 施護譯	1
	1376	0848	(命)	0849	(命)	佛說聖莊嚴陀羅尼經	宋 施護譯	2
	1120B					勝初瑜伽儀軌真言		1
	1363	0356	(莫)	0357	(莫)	勝幢臂印陀羅尼經	唐 玄奘譯	1
	1410	0852	(命)	0853	(命)	佛說勝幡瓔珞陀羅尼經	宋 施護譯	1
						勝福田常經	失譯	
	1205					勝軍不動明王四十八使者祕密成就儀軌	唐 遍智集	1
	1692	0814	(則)	0815	(則)	勝軍化世百喻伽他經	宋 天息災譯	1
	0516	0982	(斯)	0983	(斯)	佛說勝軍王所問經	宋 施護譯	1
	0310-s48					勝鬘夫人會	唐 菩提流志譯	1
	1744					勝鬘寶窟	隋 吉藏撰	3
						勝鬘經疏義私鈔	日本 聖德太子疏　唐 明空私鈔	6
						勝鬘經述記	唐 窺基說　義令記	2
						勝鬘經義記	隋 慧遠撰	2
	0353	0055	(推)	0055	(推)	勝鬘師子吼一乘大方便方廣經	劉宋 求那跋陀羅譯	1
	0587	0184	(傷)	0185	(傷)	勝思惟梵天所問經	元魏 菩提流支譯	6
	1532	1185	(弗)	1186	(弗)	勝思惟梵天所問經論	天親菩薩造　後魏 菩提流支譯	4
	0231	0009	(羽)	0009	(羽)	勝天王般若波羅蜜經	陳 月婆首那譯	7
	0655					佛說勝義空經	宋 施護等譯	1
	2138	1287	(納)	1288	(納)	勝宗十句義論	慧月造　唐 玄奘譯	1
						剩人禪師語錄		
	0016	0550	(福)	0551	(福)	尸迦羅越六方禮經	後漢 安世高譯	1
	1357	0333	(能)	0334	(能)	佛說師子奮迅菩薩所問經	失譯	1
	0836	0258	(良)	0259	(良)	大方廣師子吼經	唐 地婆訶羅譯	1
	0164	0455	(景)	0456	(景)	師子素馱娑王斷肉經	唐 智嚴譯	1
	0176	0409	(信)	0410	(信)	師子月佛本生經	失譯	1
	0486	0457	(景)	0458	(景)	師子莊嚴王菩薩請問經	唐 那提譯	1
	1294					施八方天儀則	唐 灌頂阿闍梨述	1
	0702	0423	(難)	0424	(難)	佛說施燈功德經	高齊 那連提耶舍譯	1
	1321					佛說施餓鬼甘露味大陀羅尼經	唐 跋馱木阿譯	1
	1538	1309	(通)	1310	(通)	施設論	宋 法護等譯	7
	0132a					佛說食施獲五福報經	失譯	1
	0132b	0613	(善)	0614	(善)	施食獲五福報經	失譯	1
						施食通覽	宋 宗曉編	1
	1373	0992	(斯)	0993	(斯)	佛說施一切無畏陀羅尼經	宋 施護等譯	1
	1315					施諸餓鬼飲食及水法	唐 不空譯	1
	0240	0015	(翔)	0015	(翔)	實相般若波羅蜜經	唐 菩提流志譯	1
	1118	0887	(臨)	0888	(臨)	佛說十八臂陀羅尼經	宋 法賢譯	1
	2032	1276	(席)	1277	(席)	十八部論	陳 真諦譯	1
	1616	1179	(造)	1180	(造)	十八空論	龍樹菩薩造　陳 真諦譯	1
	0731	0683	(敬)	0684	(敬)	佛說十八泥犁經	後漢 安世高譯	1
	0900					十八契印	唐 惠果造	1
						十不二門樞要	宋 了然述	2
						十不二門文心解	宋 仁岳述	1
						十不二門義	唐 道邃錄出	1
	1928	1574	(起)	1553	(寔)	十不二門指要鈔	宋 知禮述	2
						十不二門指要鈔詳解	宋 可度詳解　明 正謐分會	4
	0727	1371	(英)	1372	(英)	十不善業道經	馬鳴菩薩集　宋 日稱等譯	1
	0287					佛說十地經	唐 尸羅達摩譯	9
	1522	1186	(離節)	1187	(離節)	十地經論	天親菩薩造　後魏 菩提流支等譯	12
						十地經論義記	隋 慧遠撰	8
	1348	0330	(能)	0331	(能)	佛說十二佛名神咒校量功德除障滅罪經	隋 闍那崛多譯	1
						十二禮（讚阿彌陀佛文）	龍樹菩薩造　禪那崛多別譯	1
	1568	1178	(造)	1179	(造)	十二門論	龍樹菩薩造　姚秦 鳩摩羅什譯	1
	1825					十二門論疏	隋 吉藏撰	3
	1826					十二門論宗致義記	唐 法藏述	2
	0753	0735	(當)	0736	(當)	十二品生死經	劉宋 求那跋陀羅譯	1
	1298					十二天供儀軌		1
	0783	0447	(羊)	0448	(羊)	佛說十二頭陀經	劉宋 求那跋陀羅譯	1
	1651	1203	(沛)	1204	(沛)	十二因緣論	淨意菩薩造　後魏 菩提流支譯	1
	0195	1366	(英)	1367	(英)	佛說十二遊經	東晉 迦留陀伽譯	1
	0719	0808	(則)	0809	(則)	十二緣生祥瑞經	宋 施護譯	2
						十法界鈔	日本 日蓮撰	1
						十法界明因果鈔	日本 日蓮撰	1
	0314	0026	(服)	0026	(服)	佛說大乘十法經	梁 僧伽婆羅譯	1
	0310-s09					十法經	北魏 佛陀扇多譯	1
	0442					十方千五百佛名經	失譯	1
	0782	0833	(盡)	0834	(盡)	佛說十號經	宋 天息災譯	1
	0432	0413	(信)	0414	(信)	佛說十吉祥經	失譯	1
	0780					佛說十力經	唐 勿提提犀魚譯	1
						十六大羅漢因果識見頌	唐 闍那多迦譯	1
	0410	0061	(唐)	0061	(唐)	大方廣十輪經	失譯	8
	2111	1490	(微)	1535	(說)	十門辯惑論	唐 復禮撰	3
						十牛圖和頌		1
						十牛圖頌	宋 師遠述	1
						十牛圖頌	明 胡文煥著	1
	1439	1159	(受)	1160	(受)	十誦羯磨比丘要用	劉宋 僧璩撰出	1
	1435	1109	(誠-榮)	1110	(誠-榮)	十誦律	後秦 弗若多羅共羅什譯	61
	1436	1153	(外)	1154	(外)	十誦比丘波羅提木叉戒本	姚秦 鳩摩羅什譯	1
	1437	1154		1155	(外)	十誦比丘尼波羅提木叉戒本	劉宋 法顯集出	1
	1435-j60~j61	1138	(婦)	1139	(婦)	十誦律毗尼序	東晉 卑摩羅叉續譯	3
	0600	1094	(初)	1095	(初)	十善業道經	唐 實叉難陀譯	1
						十善業道經節要	清 蕅益編訂	1
						十往生阿彌陀佛國經	失譯 出周錄	1
	1070	0322	(能)	0323	(能)	佛說十一面觀世音神咒經	北周 耶舍崛多譯	1
	1069	1049	(止)	1050	(止)	十一面觀自在菩薩心密言念誦儀軌經	唐 不空譯	3
	1071	0323	(能)	0324	(能)	十一面神咒心經	唐 玄奘譯	1
	1802					十一面神咒心經義疏	唐 慧沼撰	1
	0138	0624	(善)	0625	(善)	佛說十一想思念如來經	劉宋 求那跋陀羅譯	1
						注十疑論	宋 澄彧註	1
	0092	0578	(緣)	0579	(緣)	十支居士八城人經	後漢 安世高譯	1
	0309	0371	(談彼)	0372	(談彼)	最勝問菩薩十住除垢斷結經	姚秦 竺佛念譯	10
	0286	0101	(體)	0101	(體)	十住經	姚秦 鳩摩羅什譯	4
	1521	1173	(規仁)	1174	(規仁)	十住毘婆沙論	聖者龍樹造　後秦 鳩摩羅什譯	17
	1296					十天儀軌		1
						石關禪師語錄		
						石門文字禪	宋 慧洪著	
						石璞禪師語錄		
						石奇禪師錄		
						石霜楚圓禪師語錄	(小師) 慧南重編	1
						石田法薰禪師語錄	(門人) 了覺．師坦 等編	4
						石屋清洪禪師語錄	(參學門人) 至柔 等編	2
						石溪心月禪師語錄	(侍者) 住顯．宗煥．祖定．宗茙．光玉．仁安．應儼．永珍．祖森 編	3
						石溪心月禪師雜錄		1
						石雨禪師法檀		
	0794a					佛說時非時經	西晉 若羅嚴譯	1
	0794b	0744	(當)	0745	(當)	佛說時非時經	西晉 若羅嚴譯	1
						時時好念佛	清 果能述	1
	1267					使咒法經	唐 菩提留支譯	1
	1915-t1	1571	(寔)	1549	(寔)	始終心要	唐 釋湛然述	1
						始終心要注	宋 從義注	1
	1687	1074	(言)	1075	(言)	事師法五十頌	馬鳴菩薩集　宋 日稱等譯	1
						式叉摩那尼戒本	明 弘贊輯	1
	1062B					世尊聖者千眼千首千足千舌千臂觀自在菩提薩埵怛[口*縛]廣大圓滿無礙大悲心陀羅尼		1
	0527	0224	(潔)	0225	(潔)	佛說逝童子經	西晉 支法度譯	1
	0048	0560	(緣)	0561	(緣)	是法非法經	後漢 安世高譯	1
	1916	1563	(煩)	1504	(銘)	釋禪波羅蜜次第法門	隋 智顗說	10
						釋觀無量壽佛經記	唐 法聰撰	1
						釋華嚴漩澓偈	後唐 惟勁釋	
	2088	1462	(壁)			釋迦方志	唐 道宣撰	2
	0942					釋迦佛讚	清 達喇嘛薩穆丹達爾吉譯	1
	0941					釋迦牟尼佛成道在菩提樹降魔讚		1
						釋迦牟尼佛贊	明太宗朱棣撰	1
						釋迦牟尼如來拔除苦惱現大神變飛空大[金*本]法	唐 般若傳	1
	2090					釋迦牟尼如來像法滅盡之記	唐 法成譯	1
	2040	1460	(璧)	1464	(璧)	釋迦譜	梁 僧祐撰	5
						釋迦如來成道記	唐 王勃撰	1
						釋迦如來成道記註	唐 道誠註	2
						釋迦如來降生禮讚文	宋 仁岳撰	1
	1947	1512	(輔)	1583	(馳)	釋迦如來涅槃禮讚文	宋 仁岳撰	1
						釋迦如來行蹟頌	元 無寄撰集	2
						釋迦如來應化錄	明 寶成編集	2
	2041	1461	(壁)			釋迦氏譜	唐 道宣撰	1
	0938					釋迦文尼佛金剛一乘修行儀軌法品		1
	2038					釋鑑稽古略續集	明 幻輪編	3
						(古今圖書集成)釋教部彙考		7
						釋教最上乘秘密藏陀羅尼集	唐 行琳集	30
	1960					釋淨土群疑論	唐 懷感撰	7
						釋楞嚴經	明 真可撰	1
	1896					釋門歸敬儀	唐 道宣述	2
						釋門歸敬儀護法記	宋 彥起撰	1
						釋門歸敬儀通真記	宋 了然述　日本 慧光合	3
	2083					釋門自鏡錄	唐 懷信述	2
	1894					釋門章服儀	唐 道宣述	1
						釋門章服儀應法記	宋 元照述　日本 良信合	1
						釋門正統	宋 宗鑑集	8
	1922	1556	(法)	1479	(轂)	釋摩訶般若波羅蜜經覺意三昧	隋 智顗說	1
	1668					釋摩訶衍論	龍樹菩薩造　姚秦 筏提摩多譯	10
						釋摩訶衍論科	宋 普觀治定	1
						釋摩訶衍論記	唐 聖法鈔	1
						釋摩訶衍論記	宋 普觀述	6
						釋摩訶衍論疏	唐 法敏集	6
						釋摩訶衍論通玄鈔	宋 志福撰	4
						釋摩訶衍論贊玄疏	宋 法悟[束*力]撰	5
	0054	0575	(緣)	0576	(緣)	釋摩男本四子經	吳 支謙譯	1
						釋普門品重頌疏	宋 遵式撰	1
	2037					釋氏稽古略	元 覺岸編	4
						釋氏六帖	義楚集	24
						釋氏蒙求	靈操撰	2
	2127					釋氏要覽	宋 道誠集	3
						釋音精嚴集		3
	1657	1218	(匪)	1219	(匪)	手杖論	釋迦稱造　唐 義淨譯	1
	0999	0778	(力)	0779	(力)	佛說守護大千國土經	宋 施護譯	3
	2362					守護國界章	日本 最澄撰	9
	0997	0972	(蘭)	0973	(蘭)	守護國界主陀羅尼經	唐 般若．牟尼室利 譯	10
	0642	0394	(靡)	0395	(靡)	佛說首楞嚴三昧經	姚秦 鳩摩羅什譯	2
						首楞嚴壇場修證儀	宋 淨源編敘	1
	0436	0523	(維)	0524	(維)	受持七佛名號所生功德經	唐 玄奘譯	1
						受戒品		
						受菩薩戒法	宋 延壽撰	1
						受菩薩戒儀	陳 慧思撰	1
	0915	1446	(隸)	1447	(隸)	受菩提心戒儀	唐 不空譯	1
	0050	0565	(緣)	0566	(緣)	受歲經	西晉 竺法護譯	1
	1486	1087	(篤)	1088	(篤)	受十善戒經	失譯	1
	0916					受五戒八戒文		1
						受五戒法	宋 遵式撰	1
	0061					受新歲經	西晉 竺法護譯	1
	1902	1499	(桓)	1542	(俊)	受用三水要行法	唐 義淨撰	1
						受職功德鈔	日本 日蓮撰	1
						佛說壽生經		1
						授大乘菩薩儀	宋 元照述	1
						授菩薩戒法	明 智旭重定	1
						授菩薩戒儀	唐 湛然述	1
						授菩薩戒儀	宋 遵式撰	1
						書	明 克勤著	1
	0070	0591	(善)	0592	(善)	數經	西晉 法炬譯	1
	0540a					佛說樹提伽經	劉宋 求那跋陀羅譯	1
	0540b	0448	(羊)	0449	(羊)	佛說樹提伽經	劉宋 求那跋陀羅譯	1
						恕中無慍禪師語錄	(嗣法參學) 宗黼．道瑄．宗[一/旦]．居頂．惟寂．宗寄．慧浩．清歲 等編	6
						率菴梵琮禪師語錄	(小師) 了見、(侍者) 文郁．本空 編	1
						慈悲道場水懺法科註	清 西宗集註	3
						慈悲道場水懺法隨聞錄	清 智證錄	3
						法界聖凡水陸大齋法輪寶懺	清 咫觀記	10
						法界聖凡水陸大齋普利道場性相通論	清 咫觀述	9
						法界聖凡水陸勝會修齋儀軌	宋 志磐謹撰　明 袾宏重訂	6
	0106	0649	(慶)	0650	(慶)	佛說水沫所漂經	東晉 竺曇無蘭譯	1
	0565	0209	(潔)	0210	(潔)	順權方便經	西晉 竺法護譯	2
						順正理論述文記	唐 元瑜述	2
	1565	1239	(情)	1240	(情)	順中論	龍樹菩薩造　無著菩薩釋　元魏 瞿曇般若流支譯	2
	1207					說矩里迦龍王像法		1
	0476	0145	(蓋)	0145	(蓋)	說無垢稱經	唐 玄奘譯	6
	1782					說無垢稱經疏	唐 窺基撰	6
	1903	1498	(桓)	1541	(俊)	說罪要行法	唐 義淨撰	1
	0854					胎藏梵字真言	失譯	2
						台宗精英集	宋 普容集	5
						台宗十類因革論	宋 善月述	4
	0344	0046	(裳)	0046	(裳)	佛說太子和休經	失譯	1
	0167	0215	(潔)	0216	(潔)	太子慕魄經	後漢 安世高譯	1
	0168	0214	(潔)	0215	(潔)	太子墓魄經	西晉 竺法護譯	1
	0185	0660	(尺)	0661	(尺)	太子瑞應本起經	吳 支謙譯	2
	0343	0045	(裳)	0045	(裳)	佛說太子刷護經	西晉 竺法護譯	1
	0171	0249	(才)	0250	(才)	太子須大拏經	西秦 聖堅譯	1
	1432	1156	(受)	1157	(受)	曇無德律部雜羯磨	曹魏 康僧鎧譯	1
						曇芳守忠禪師語錄	(嗣法) 繼祖 等編	2
	1391	0482	(行)	0483	(行)	佛說檀特羅麻油述經	東晉 曇無蘭譯	1
	2115	1637	(孟軻)			鐔津文集	宋 契嵩撰	19
						坦庵禪師語錄		1
	2136					唐梵兩語雙對集	唐 僧怛多[薛/木]多．波羅瞿那彌捨沙 集	1
	2134					唐梵文字	唐 全真集	1
	1639	1251	(逸)	1252	(逸)	提婆菩薩破楞伽經中外道小乘四宗論	提波菩薩造　後魏 菩提流支譯	1
	1640	1252	(逸)	1253	(逸)	提婆菩薩釋楞伽經中外道小乘涅槃論	提波菩薩造　後魏 菩提流支譯	1
	2048	1454	(漆)	1455	(漆)	提婆菩薩傳	姚秦 鳩摩羅什譯	1
						體仁要術	清 彭紹升著	1
						體宗禪師語錄		1
						天岸禪師語錄		1
	2897					天地八陽神咒經	唐 義淨 譯	1
						天目明本禪師雜錄		3
		1525	(丁俊叉)			天目中峰和尚廣錄	元 明本著、慈寂上進	30
	0592	0747	(當)	0748	(當)	天請問經	唐 玄奘譯	1
						天然禪師語錄		
						天如惟則禪師語錄	(小師) 善遇 編	9
						天聖廣燈錄	宋 李遵勗編	30
						天樹禪師語錄		
	1930	1560	(韓)	1523	(曲)	天台八教大意	隋 灌頂撰	1
	1938	1578	(起)	1605	(野)	天台傳佛心印記	元 懷則述	1
						天台傳佛心印記註	明 傳燈註	2
						天臺法華玄義科分	唐 湛然述	5
	2069					天台九祖傳	宋 士衡編	1
	1931	1543	(會)	1488	(世)	天台四教儀	高麗 諦觀錄	1
		1627	(稼)	1489	(世)	天台四教儀集註	南天竺 蒙潤集	9
	2096					天台山記	唐 徐靈府撰	1
						學天台宗法門大意	唐 行滿述	1
						天台宗釋疑	日本 圓澄等疑問　唐 廣修等決答	5
						天台宗未決（問答十箇條）	日本 最澄疑問　唐 道邃決義	1
	2178					天台宗章疏	日本 玄日錄	1
	2050	1569	(起)	1498	(勒)	隋天台智者大師別傳	隋 灌頂撰	1
						天台智者大師發願文	隋 智顗撰	1
	1948	1514	(輔)	1572	(馳)	天台智者大師齋忌禮讚文	宋 遵式述	1
						重編天台諸文類集	宋 如吉編	10
					(庶)	天童密雲禪師塔銘行狀年譜	清 道忞編	1
	2002B					天童山景德寺如淨禪師續語錄	宋 義遠編	1
	0596	0467	(景)	0468	(景)	佛說天王太子辟羅經	失譯	1
						天王水鑒和尚六會錄	失譯	1
						天一悅禪師語錄		1
				1639	(秉直)	天隱修禪師語錄	通琇編	20
						天樂鳴空		1
						天則禪師語錄		1
						天竺別集	宋 遵式述、慧觀重編	3
						調實居士證源錄		1
						鐵壁禪師語錄		1
	0042	0556	(緣)	0557	(緣)	鐵城泥犁經	東晉 竺曇無蘭譯	1
						通玄百問	元 圓通設問　行秀仰答	1
	0673	0190	(慕)	0191	(慕)	大乘同性經	宇文周 闍那耶舍譯	2
	1028B					童子經念誦法	唐 善無畏譯	1
						童真禪師語錄		1
						投子義青禪師語錄	(嗣法) 道楷 編	1
						投子義青禪師語錄	(傳法) 自覺 重編	2
	0624	0157	(五)	0157	(五)	佛說伅真陀羅所問如來三昧經	後漢 支婁迦讖譯	3
	1352	0360	(罔)	0361	(罔)	佛說陀[阿-可+(嶙-山)]尼[金*本]經	東晉 曇無蘭譯	1
	0901	0358	(忘罔)	0359	(忘罔)	陀羅尼集經	唐 阿地瞿多譯	12
	1336	1467	(卿)	1474	(驅)	陀羅尼雜集	失譯	10
	0846	0812	(則)	0813	(則)	外道問聖大乘法無我義經	宋 法天譯	1
	2012B					黃檗斷際禪師宛陵錄	唐 裴休集	1
						萬法歸心錄	清 超溟著	3
						萬如禪師語錄		
						萬松老人評唱天童覺和尚拈古請益錄	宋 正覺拈古　元 行秀評唱	2
	2004					萬松老人評唱天童覺和尚頌古從容庵錄	宋 正覺頌古　元 行秀評唱	6
	2017	1647	(史)	1590	(郡)	萬善同歸集	宋 延壽述	3
	1615	1192	(退)	1193	(退)	王法正理論	彌勒菩薩造　唐 玄奘譯	1
	2072					往生集	明 袾宏輯	3
	1984	1505	(輔)	1574	(馳)	往生淨土懺願儀	宋 遵式撰	1
	1979					轉經行道願往生淨土法事讚	唐 善導集記	2
	1968	1506	(馳)	1575	(馳)	往生淨土決疑行願二門	宋 遵式撰	1
	1980					往生禮讚偈	唐 善導集記	1
	1819					無量壽經優婆提舍願生偈註	北魏 曇鸞註解	2
	2070					往生西方淨土瑞應傳	唐 道詵撰	1
						新修往生傳	宋 王古輯撰	3
	0474	0143	(方)	0143	(方)	佛說維摩詰經	吳 支謙譯	2
	0475	0142	(方)	0142	(方)	維摩詰所說經	姚秦 鳩摩羅什譯	3
						維摩詰所說經直疏	明 通閏直流	3
	1775	1624	(務)	1461	(書)	注維摩詰經	後秦 僧肇撰	10
	1778					維摩經略疏	唐 智顗說．湛然略	10
						維摩經略疏	隋 吉藏撰	5
	1779					維摩經略疏垂裕記	宋 智圓述	10
						維摩經評註	明 楊起元評註	14
						維摩經疏記	唐 湛然述	3
						維摩經疏記鈔	唐 道暹私記	2
						維摩經疏科		1
						維摩經文疏	隋 智顗撰	28
						維摩經無我疏	明 傳燈著	12
	1777					維摩經玄疏	隋 智顗撰	6
	1776					維摩義記	隋 慧遠撰	4
	1781					維摩經義疏	隋 吉藏撰	6
						唯庵禪師語錄		1
	1590	1233	(靜)	1234	(靜)	唯識二十論	世親菩薩造　唐 玄奘譯	1
	1834					唯識二十論述記	唐 窺基撰	2
						唯識開蒙問答	元 雲[山/夆]集	2
	1589	1232	(靜)	1233	(靜)	大乘唯識論	天親菩薩造　陳 真諦譯	1
	1586	1207	(沛)	1208	(沛)	唯識三十論頌	世親菩薩造　唐 玄奘譯	1
						唯識三十論約意	明 明昱約意	1
						唯識三十論直解	明 智旭解	1
				1629-t1	(藝)	唯識三十頌		
						唯心集	清 乘戒著	1
	0760	1320	(明)	1321	(明)	惟日雜難經	吳 支謙譯	1
						為霖禪師旅泊菴稿	(弟子) 太泉．等純．興燈．心亮．淨煥 錄	4
						為霖禪師雲山法會錄	(弟子) 謝大材．潘道靖．黃大廣 同錄	1
						為霖道霈禪師秉拂語錄	(書記) 太靖 錄	2
						為霖道霈禪師餐香錄	(書記) 太泉 錄	2
						為霖道霈禪師還山錄	(侍者) 興燈．心亮．法雲．性朗 錄	4
				1660	(祗)	溈山警策句釋記	明 弘贊註　開詗記	2
						溈山警策註	宋 守遂註	1
						溈山警策註	明 大香註	1
	1989					潭州溈山靈祐禪師語錄	明 語風圓信．郭凝之編	1
	0688	0255	(良)	0256	(良)	佛說未曾有經	失譯	1
	0844	0986	(斯)	0987	(斯)	佛說大方廣未曾有經善巧方便品	宋 施護譯	1
	0754	0395	(靡)	0396	(靡)	佛說未曾有因緣經	蕭齊 曇景譯	2
	0628	0919	(深)	0920	(深)	佛說未曾有正法經	宋 法天譯	6
	0448a					未來星宿劫千佛名經	闕譯	1
	0448b	0402	(長)	0403	(長)	未來星宿劫千佛名經	失譯	1
	0507	0693	(敬)	0694	(敬)	佛說未生冤經	吳 支謙譯	1
	1793					溫室經義記	隋 慧遠撰	1
	0701	0382	(短)	0383	(短)	佛說溫室洗浴眾僧經	後漢 安世高譯	1
						文穆禪師語錄		
	0310-s46					文殊般若波羅蜜經	梁 曼陀羅仙譯	2
	0459	1085	(定)	1086	(定)	佛說文殊悔過經	西晉 竺法護譯	1
	1178					文殊菩薩獻佛陀羅尼名烏蘇吒		1
	1299	1348	(亦)	1349	(亦)	文殊師利菩薩及諸仙所說吉凶時日善惡宿曜經	唐 不空譯	2
	1189					佛說文殊菩薩最勝真實名義經	元 沙囉巴譯	1
	1188	1362	(群)	1363	(群)	文殊所說最勝名義經	宋 金總持等譯	2
	0471	0282	(良)	0283	(良)	佛說文殊師利行經	隋 豆那掘多譯	1
	0463	0503	(維)	0504	(維)	佛說文殊師利般涅槃經	西晉 聶道真譯	1
	1198			1027-h2	(澄)	聖者文殊師利發菩提心願文	元 智慧譯	1
	0296	1328	(既)	1329	(既)	文殊師利發願經	東晉 佛陀跋陀羅譯	1
						文殊師利法寶藏陀羅尼經	陳 真諦譯　唐 寶思惟依梵本再勘定	1
	1185A					佛說文殊師利法寶藏陀羅尼經	唐 菩提流志譯	1
	1185B	0443	(羊)	0444	(羊)	文殊師利寶藏陀羅尼經	唐 菩提流志譯	1
	0318	0028	(服)	0028	(服)	文殊師利佛土嚴淨經	西晉 竺法護譯	2
	1181	0328	(能)	0329	(能)	大方廣菩薩藏經中文殊師利根本一字陀羅尼經	唐 寶思惟譯	1
	0460	1078	(言)	1079	(言)	佛說文殊師利淨律經	西晉 竺法護譯	1
	0319					大聖文殊師利菩薩佛剎功德莊嚴經	唐 不空譯	3
	1276	1048	(止)	1049	(止)	文殊師利菩薩根本大教王經金翅鳥王品	唐 不空譯	1
	1179					文殊師利菩薩六字咒功能法經		1
	1531	1183	(弗)	1184	(弗)	文殊師利菩薩問菩提經論	天親菩薩造　元魏 菩提流支譯	2
	1195	1447	(隸)	1448	(隸)	大聖文殊師利菩薩讚佛法身禮	唐 不空譯	1
	0310-s10					文殊師利普門會	唐 菩提流志譯	1
	0233	0019	(翔)	0019	(翔)	文殊師利所說般若波羅蜜經	梁 僧伽婆羅譯	1
	0340	0042	(裳)	0042	(裳)	文殊師利所說不思議佛境界經	唐 菩提流志譯	2
	0232	0018	(翔)	0018	(翔)	文殊師利所說摩訶般若波羅蜜經	梁 曼陀羅仙譯	2
	0310-s15					文殊師利授記會	唐 實叉難陀譯	3
	0468	0437	(染)	0438	(染)	文殊師利問經	梁 僧伽婆羅譯	2
	0458	0108	(率)	0108	(率)	文殊師利問菩薩署經	後漢 支婁迦讖譯	1
	0464	0233	(男)	0234	(男)	文殊師利問菩提經	姚秦 鳩摩羅什譯	1
	0461	0164	(恭)	0164	(恭)	佛說文殊師利現寶藏經	西晉 竺法護譯	2
	0470	0281	(良)	0282	(良)	佛說文殊師利巡行經	元魏 菩提流支譯	1
	1218					文殊師利耶曼德迦咒法		1
	1197	1067	(言)	1068	(言)	佛說文殊師利一百八名梵讚	宋 法天譯	1
						文殊師利一百八名贊	元 智慧譯	1
	0469	0969	(清)	0970	(清)	文殊問經字母品第十四	唐 不空譯	1
		1067-t1	(言)			文殊贊	明太宗朱棣撰	1
	1891					文殊指南圖讚	宋 惟白述	1
	0040	0599	(善)	0600	(善)	文陀竭王經	北涼 曇無讖譯	1
	1991					金陵清涼院文益禪師語錄	明 語風圓信．郭凝之編	1
						臥龍拙禪師語錄		1
	1226					烏芻[澀-(刃*刃)+止]明王儀軌梵字		1
						吳山淨端禪師語錄	(法孫) 師皎 重編	2
						吳中石佛相好懺儀	明 傳燈集	1
						無得大悲心陀羅尼咒	唐 金剛智譯	1
	0310-s02					無邊莊嚴會	唐 菩提流志譯	4
	0801	0722	(孝)	0723	(孝)	佛說無常經	唐 義淨譯	1
	0887	1024	(淵)	1025	(淵)	佛說無二平等最上瑜伽大教王經	宋 施護譯	6
	1024	0375	(彼)	0376	(彼)	無垢淨光大陀羅尼經	唐 彌陀山譯	1
	0310-s33					無垢施菩薩分別應辯經	西晉 聶道真譯	1
	0562	0230	(潔)	0231	(潔)	佛說無垢賢女經	西晉 竺法護譯	1
	0578	0764	(當)	0765	(當)	無垢優婆夷問經	後魏 瞿曇般若流支譯	1
						無幻禪師語錄		1
	0636	0252	(才)	0253	(才)	無極寶三昧經	西晉 竺法護譯	2
						無見先[者*見]禪師語錄	(嗣法門人) 智度 等編	2
	0310-s20					無盡伏藏會	唐 菩提流志譯	2
	0310-s45					無盡慧菩薩會	唐 菩提流志譯	1
	0397-p12	0073	(罪)	0073	(罪)	無盡意菩薩經	劉宋 智嚴,寶雲譯	4
	0934	0886	(臨)	0887	(臨)	佛說無量功德陀羅尼經	宋 法賢譯	1
	1014	0349	(莫)	0350	(莫)	無量門破魔陀羅尼經	劉宋 功德直．玄暢譯	1
	1011	0350	(莫)	0351	(莫)	佛說無量門微密持經	吳 支謙譯	1
	0361	0022	(乃)	0022	(乃)	佛說無量清淨平等覺經	後漢 支婁迦讖譯	4
	1389	0907	(深)	0908	(深)	佛說無量壽大智陀羅尼	宋 法賢譯	1
	1223					佛說無量壽佛化身大忿迅俱摩羅金剛念誦瑜伽儀軌法	唐 金剛智譯	1
						佛說無量壽佛名號利益大事因緣經	曹魏 康僧鎧譯	1
						無量壽佛讚註	宋 元照撰　戒度注	1
	0360	0024	(乃)	0024	(乃)	佛說無量壽經	曹魏 康僧鎧譯	2
	0936					大乘無量壽經	唐 法成譯	1
						無量壽經會譯	清 魏源會譯	1
						無量壽經記	唐 玄一集	1
	1748					無量壽經連義述文[(夫*夫)/貝]	新羅 璟興撰	3
						無量壽經起信論	清 彭際清述	3
	1745					無量壽經義疏	隋 慧遠撰	2
	1746					無量壽經義疏	隋 吉藏撰	1
	1524	1196	(顛)	1197	(顛)	無量壽經優波提舍	婆藪槃豆菩薩造　元魏 菩提流支譯	1
	1747					兩卷無量壽經宗要	新羅 元曉撰	1
	0310-s05					無量壽如來會	唐 菩提流志譯	2
	0930	1404	(槁)	1405	(槁)	無量壽如來觀行供養儀軌	唐 不空譯	1
	0363	0857	(命)	0858	(命)	佛說大乘無量壽莊嚴經	宋 法賢譯	3
	0276	0129	(草)	0129	(草)	無量義經	蕭齊 曇摩伽陀耶舍譯	1
						無門慧開禪師語錄	(侍者) 普敬．普通．了心．普禮．法孜．普巖．普覺．光祖．一見 錄	2
						無明慧經禪師語錄	(嗣法) 元賢 重編	4
						無明慧性禪師語錄	(侍者) 妙儼．圓澄．妙全．道隆．圓照．法洪．唯道 編	1
	0720	1361	(群)	1362	(群)	無明羅剎集	失譯	3
	1234	1369	(英)	1370	(英)	無能勝大明陀羅尼經	宋 法天譯	1
	1235	1370	(英)	1371	(英)	無能勝大明心陀羅尼經	宋 法天譯	1
	1233					佛說無能勝大明王陀羅尼經	宋 法天譯	1
	0943	0789	(忠)	0790	(忠)	佛說無能勝幡王如來莊嚴陀羅尼經	宋 施護譯	1
						無趣禪師語錄		1
	0813	0189	(慕)	0190	(慕)	佛說無希望經	西晉 竺法護譯	1
	0485	0434	(絲)	0435	(絲)	無所有菩薩經	隋 闍那崛多等譯	4
	0800	0750	(當)	0751	(當)	佛說無上處經	失譯	1
	0669	0254	(良)	0255	(良)	佛說無上依經	梁 真諦譯	2
	0310-s32					無畏德菩薩經	北魏 佛陀扇多譯	1
	0917					無畏三藏禪要	唐 善無畏	1
	0331	0941	(藏)	0942	(夙)	佛說無畏授所問大乘經	宋 施護等譯	3
	1388	1002	(之)	1003	(之)	佛說無畏陀羅尼經	宋 法賢譯	1
						無文道燦禪師語錄	(小師) 惟康 編	1
	1619	1165	(投)	1166	(投)	無相思塵論	陳那菩薩造　陳 真諦譯	1
	1342	0369	(罔)	0370	(罔)	佛說無崖際總持法門經	西秦 聖堅譯	1
	0401	0077	(發)	0077	(發)	佛說無言童子經	西晉 竺法護譯	2
						無依道人錄		1
						無異元來禪師廣錄	(法孫) 弘瀚 彙編、弘裕 同集	33
	0828	0216	(潔)	0217	(潔)	無字寶篋經	元魏 菩提流支譯	1
						無準和尚奏對語錄	(侍者) 了南．了垠 編	1
						無準師範禪師語錄	(侍者) 宗會．智折．覺圓．如海．妙倫．惟一．了禪．了心．普明．了南．紹曇．了覺．師坦．妙因．至慧 編	5
	2153	1602	(宗泰)			大周刊定眾經目錄	唐 明佺等撰	15
	0199	0724	(孝)	0725	(孝)	佛五百弟子自說本起經	西晉 竺法護譯	1
				1651	(鑒)	五百羅漢尊號	高道素斗光手錄	1
						五大部直音		
						五大牛玉雨寶陀羅尼儀軌	唐 縛日羅枳惹曩譯	1
	0706	1001	(之)	1002	(之)	佛說五大施經	宋 施護等譯	1
	1149					五大虛空藏菩薩速疾大神驗祕密式經	唐 金剛智譯	1
				1602	(城-鉅)	五燈會元	宋 普濟集	20
						五燈會元補遺	明 文琇集	1
						五燈會元目錄	宋 普濟集	2
						五燈會元續略	明 淨柱輯	4
						五燈全書	清 超永編輯	120
						五燈全書目錄	清 超永編輯	16
						五燈嚴統	明 通容集	25
						五燈嚴統目錄	明 通容集	2
						五燈嚴統解惑編	明 通容述	1
	1962					五方便念佛門	隋 智顗撰	1
	1423	1151	(外)	1152	(外)	五分比丘尼戒本	梁 明徽集	1
	1422b	1150	(外)	1151	(外)	五分戒本	劉宋 佛陀什等譯	1
						五峰禪師語錄		
	0952					五佛頂三昧陀羅尼經	唐 菩提流志譯	4
	1481	0760	(當)	0761	(當)	佛說五恐怖世經	宋 沮渠京聲譯	1
	0741	0725	(當)	0726	(當)	五苦章句經	東晉 竺曇無蘭譯	1
						五家錄		
						五家宗旨纂要	清 性統編	3
						五家正宗贊	宋 紹曇記	4
						五教章集成記	宋 希[廷-壬+由]述	1
	0619	1374	(英)	1375	(英)	五門禪經要用法	佛陀蜜多撰　劉宋 曇摩蜜多譯	1
	0555a					五母子經	吳 支謙譯	1
	0555b	0633	(慶)	0634	(慶)	五母子經	吳 支謙譯	1
	0443	0403	(長)	0404	(長)	五千五百佛名神咒除障滅罪經	隋 闍那崛多譯	8
						五十三佛名		1
						五十三佛三十五佛名經	劉宋 畺良耶舍譯	1
	0248	0873	(臨)	0874	(臨)	五十頌聖般若波羅蜜經	宋 施護譯	1
	1555	1275	(席)	1276	(席)	五事毘婆沙論	尊者法救造　唐 玄奘譯	2
	0751a					佛說五無反復經	劉宋 沮渠京聲譯	1
	0751b	0737-s1	(當)	0738a	(當)	佛說五無返復經	劉宋 沮渠京聲譯	1
	0752	0737-s2	(當)	0738b	(當)	佛說五無返復經	劉宋 沮渠京聲譯	1
	0523	0769	(當)	0770	(當)	佛說五王經	失譯	1
						五相智識頌	宋 忠撰	1
	0105	0648	(慶)	0649	(慶)	五陰譬喻經	後漢 安世高譯	1
						五蘊觀	唐 澄觀述	1
	0102	0629	(善)	0630	(善)	佛說五蘊皆空經	唐 義淨譯	1
	1612	1169	(投)	1170	(投)	大乘五蘊論	世親菩薩造　唐 玄奘譯	1
	1174	1397	(杜)	1398	(杜)	五字陀羅尼頌	唐 不空譯	1
						五宗救	唐 弘忍述	10
						五宗原	明 法藏著	1
						兀菴普寧禪師語錄	(侍者) 淨韻．清澤．道昭．景用．禪了 編	3
						物不遷論辯解	明 真界解	1
						物不遷正量論	明 鎮澄著	2
						物不遷正量證	明 道衡述	1
						物初大觀禪師語錄	(門人) 德溥 等編校	1
						西方發願文註	清 實賢註	1
	1976					西方合論	明 袁宏道撰	10
						西方合論標註	明 明教標註	4
						重訂西方公據	清 彭際清集	2
						西舫彙征	清 瑞璋輯	2
						西方確指	覺明菩薩說　清 常攝集	1
	1212					西方陀羅尼藏中金剛族阿蜜哩多軍吒利法		1
	1964					西方要決釋疑通規	唐 基撰	1
						西方要決科註		2
						西方願文	明 袾宏著並釋	1
						西方直指	明 一念編	3
						西歸行儀	清 古崑錄輯	1
						西歸直指	清 周夢顏彙集	4
						西山亮禪師語錄	(侍者) 覺心．志清 編	1
						西巖了慧禪師語錄	(門人侍者) 修義．景元．宗清．繼燖．宗應 編	2
	2086					北魏僧惠生使西域記		1
						西藏剌麻溯源	清 守一編輯	1
						希叟紹曇禪師廣錄	(侍者) 法澄．了舜．普和．希革．惠洇．彌紹．道亨．宗壽 編	7
						希叟紹曇禪師語錄	(侍者) 自悟．了舜．妙恩．普和．惠洇．希革．彌紹．道信．宗壽．道亨 編	1
	0690	0263	(良)	0264	(良)	佛說希有挍量功德經	隋 闍那崛多譯	1
	1405	0914	(深)	0915	(深)	佛說息除賊難陀羅尼經	宋 法賢譯	1
	1347	0796	(忠)	0797	(忠)	息除中夭陀羅尼經	宋 施護譯	1
	0085	0939	(夙)	0940	(夙)	息諍因緣經	宋 施護譯	1
	2132					悉曇字記	唐 智廣撰	1
	2118	1626	(茲)	1559	(軍)	折疑論	師子比丘述註	5
						洗心水禪師語錄		1
						瞎堂慧遠禪師廣錄	(參學) 齊巳．如本．祖淳．法慧 編	4
						仙人不食肉經		
						先覺集	明 陶明潛輯	1
						先覺宗乘	清 圓信較定　郭凝之彙編	5
	0425	0398	(恃)	0399	(恃)	賢劫經	西晉 竺法護譯	8
	0881					賢劫十六尊		1
	1686	1367	(英)	1368	(英)	賢聖集伽陀一百頌	宋 天息災譯	1
	0570	0505	(維)	0506	(維)	佛說賢首經	西秦 聖堅譯	1
						賢首五教斷證三覺揀濫圖	清 續法集	1
				1665	(殆)	賢首五教儀	清 續法集錄	6
						賢首五教儀開蒙	清 續法集	1
	0202	1314	(左達)	1315	(左達)	賢愚經	元魏 慧覺等譯	13
	0777	0746	(當)	0747	(當)	佛說賢者五福德經	西晉 白法祖譯	1
	0029	0553	(緣)	0554	(緣)	鹹水喻經	失譯	1
						閑居編	宋 智圓著	52
						顯戒論	日本 睿山最登撰	3
	1955	1469	(封)	1534	(說)	顯密圓通成佛心要集	元 道[厄*殳]集	2
	0347	0049	(推)	0049	(推)	大乘顯識經	唐 地婆訶羅譯	2
	1618	1209	(沛)	1210	(沛)	顯識論	陳 真諦譯	1
	0289	0091	(壹)	0091	(壹)	顯無邊佛土功德經	唐 玄奘譯	1
	1602	1170	(分切)	1171	(分切)	顯揚聖教論	無著菩薩造　唐 玄奘譯	20
	1603	1194	(退)	1195	(退)	顯揚聖教論頌	無著菩薩造　唐 玄奘譯	1
						現果隨錄	明 戒顯筆記	4
	0447a					現在賢劫千佛名經	闕譯	1
	0447b	0401	(長)	0402	(長)	現在賢劫千佛名經	開元拾遺附梁錄	1
	1157	0500	(行)	0501	(行)	香王菩薩陀羅尼咒經	唐 義淨譯	1
						香岩禪師語錄		1
	0678	0150	(發)	0150	(發)	相續解脫地波羅蜜了義經	劉宋 求那跋陀羅譯	1
	0679	0151	(發)	0151	(發)	相續解脫如來所作隨順處了義經	劉宋 求那跋陀羅譯	1
	0111	0658	(慶)	0659	(慶)	佛說相應相可經	西晉 法炬譯	1
						相宗八要	明 洪恩輯	8
						相宗八要解	明 明昱著	8
				1650	(鑒)	相宗八要直解	明 釋智旭解	9
						祥符法寶錄	宋 翰林學士趙安仁、楊億等編修	22
						象林真禪師語錄		1
	0466	0235	(男)	0236	(男)	佛說象頭精舍經	隋 毘尼多流支譯	1
						象崖禪師語錄		1
	0814	0188	(慕)	0189	(慕)	佛說象腋經	劉宋 曇摩蜜多譯	1
	2870					像法決疑經		1
	1402	0792	(忠)	0793	(忠)	消除一切閃電障難隨求如意陀羅尼經	宋 施護譯	1
	1400	0879	(臨)	0880	(臨)	佛說消除一切災障寶髻陀羅尼經	宋 法賢譯	1
						御製逍遙詠		11
						小部經典第六(本生經1-2冊)	夏丐尊重譯(據日譯本譯出)	
	0608	1330	(既)	1331	(既)	小道地經	後漢 支曜譯	1
	0227	0006	(鱗)	0006	(鱗)	小品般若波羅蜜經	後秦 鳩摩羅什譯	10
						笑堂禪師語錄		1
						笑隱大訢禪師語錄	(門人) 延俊．慧曇．中孚．崇裕 等編	4
	0687	0697	(敬)	0698	(敬)	佛說孝子經	失譯	1
	0093	0579	(緣)	0580	(緣)	邪見經	失譯	1
	0827	0762	(當)	0763	(當)	佛說懈怠耕者經	劉宋 惠簡譯	1
						燮雲禪師語錄		1
						新集藏經音義隨函錄		30
	0062	0757	(當)	0758	(當)	新歲經	東晉 竺曇無蘭譯	1
						新受戒比丘六念五觀法	宋 允堪撰錄	1
	2174A					新書寫請來法門等目錄	日本 宗叡撰	1
	0569	0509	(維)	0510	(維)	佛說心明經	西晉 竺法護譯	1
						心性罪福因緣集	宋 智覺注	3
	0018	0916	(深)	0917	(深)	信佛功德經	宋 法賢譯	1
	0802	0897	(臨)	0898	(臨)	佛說信解智力經	宋 法賢譯	1
	0305	0086	(邇)	0086	(邇)	信力入印法門經	元魏 曇摩流支譯	5
	2010					信心銘	隋 僧璨作	1
	2543					興禪護國論	日本 榮西撰	3
	0197	0728	(當)	0729	(當)	佛說興起行經	後漢 康孟詳譯	2
						醒世錄		1
						性空禪師語録		1
						性善惡論	明 傳燈註	6
				1635	(素)	性相通說	天親造　唐 玄奘譯　明 德清述	2
						修禪要訣	北天竺 覺愛略說　唐 明恂隨錄、慧智傳譯	1
	1937-in	1572	(起)	1581	(馳)	修懺要旨	宋 釋知禮述	1
	0575	0280	(良)	0281	(良)	佛說大方等修多羅王經	後魏 菩提流支譯	1
	1876	1585	(迹)	1520	(宅)	修華嚴奧旨妄盡還源觀	唐 法藏述	1
						修設瑜伽集要施食壇儀	明 袾宏補註	1
						修西輯要	清 信菴輯	1
						修西聞見錄	清 咫觀輯	7
	1151					修習般若波羅蜜菩薩觀行念誦儀軌	唐 不空譯	1
						修習瑜伽集要施食壇儀	清 法藏著	2
	1915	1532	(途)	1484	(振)	修習止觀坐禪法要	隋 智顗述	1
	2020	1640	(敦)	1626	(藝)	高麗國普照禪師修心訣	高麗 知訥撰	1
	0184	0659	(尺)	0660	(尺)	修行本起經	後漢 竺大力共康孟詳譯	2
	0606	1317	(明)	1318	(明)	修行道地經	西晉 竺法護譯	7
	0847	1372	(英)	1373	(英)	大乘修行菩薩行門諸經要集	唐 智嚴譯	3
	0928					修藥師儀軌布壇法	清 阿旺扎什補譯	1
						秀野禪師語錄		1
	0408	0063	(弔)	0063	(弔)	虛空孕菩薩經	隋 闍那崛多譯	2
	0405	0064	(弔)	0064	(弔)	虛空藏菩薩經	姚秦 佛陀耶舍譯	1
	1145	0496	(行)	0497	(行)	虛空藏菩薩能滿諸願最勝心陀羅尼求聞持法	唐 善無畏譯	1
	0407	0065	(弔)	0065	(弔)	虛空藏菩薩神咒經	宋 曇摩蜜多譯	1
	0406					虛空藏菩薩神咒經	失譯	1
	1148	0910	(深)	0911	(深)	佛說虛空藏菩薩陀羅尼	宋 法賢譯	1
	1333	0363	(罔)	0364	(罔)	虛空藏菩薩問七佛陀羅尼咒經	失譯	1
	2000					虛堂和尚語錄	宋 妙源編	10
						虛舟普度禪師語錄	(法嗣) 淨伏、(門人) 行佑．德珍．瓊林 等編	1
	0073	0601	(善)	0602	(善)	須達經	蕭齊 求那毘地譯	1
	0328	0040a	(衣)	0040a	(衣)	佛說須賴經	曹魏 白延譯	1
	0329	0040b	(衣)	0040b	(衣)	佛說須賴經	前涼 支施崙譯	1
	0397-p16	0062	(唐)	0062	(唐)	大乘大集經	高齊 那連提耶舍,法智譯	2
	0334	0036	(衣)	0036	(衣)	佛說須摩提菩薩經	西晉 竺法護譯	1
	0336					須摩提經	唐 菩提流志譯	1
	0128a					須摩提女經	吳 支謙譯	1
	0128b	0610	(善)	0611	(善)	須摩提女經	吳 支謙譯	1
	0335	0037	(衣)	0037	(衣)	佛說須摩提菩薩經	姚秦 鳩摩羅什譯	1
	0530	0688	(敬)	0689	(敬)	佛說須摩提長者經	吳 支謙譯	1
	0588	0388	(短)	0389	(短)	佛說須真天子經	西晉 竺法護譯	4
	2077	1650	(合-扶)			續傳燈錄	明 玄極輯	36
						續傳燈錄目錄		3
						增集續傳燈錄	明 文琇集	6
	2150	1475	(富)	1528-t1	(微)	續大唐內典錄	唐 道宣撰	1
						續燈存稿及目錄	明 通問編定　施沛彙集	13
						續燈正統及目錄	清 性統編集	43
						續佛祖統紀		2
	2105	1464	(壁)	1526	(曲)	續集古今佛道論衡	唐 智昇撰	1
	2156					大唐貞元續開元釋教錄	唐 圓照集	3
	2889					續命經		1
	1440-j9	1130	(夫)	1131	(夫)	續薩婆多毘尼毘婆娑	失譯人名今附三秦錄	1
	2129					續一切經音義	宋 希麟集	10
						續原教論	失撰人名	
	2158					續貞元釋教錄	南唐 恒安集	1
						續指月錄	清 聶先編輯	20
	2142					序聽迷詩所經		1
						漩澓偈	唐 杜順撰	
						玄沙師備禪師廣錄	(參學) 智嚴 集	3
						玄沙師備禪師語錄	明 林弘衍 編次	3
	2052					大唐故三藏玄奘法師行狀	唐 冥詳撰	1
						玄奘三藏師資傳叢書	日本 佐伯定胤．中野達慧共編	2
	2119					寺沙門玄奘上表記		1
	2608					選擇本願念佛集	日本 源空撰	1
						學佛考訓		1
						雪菴從瑾禪師頌古		1
						雪峰慧空禪師語錄	(嗣法) 慧弼 編	1
						雪峰義存禪師語錄	明 林弘衍編次	2
						雪關禪師語錄		1
				1638	(魚)	雪嶠信禪師語錄	弘歇等編	10
						雪堂行拾遺錄	宋 道行編	1
						雪巖祖欽禪師語錄	(嗣法門人) 昭如．希陵 等編	4
						大藏正教血盆經		1
						延年益壽經	宋 法賢譯	1
	1140	0912	(深)	0913	(深)	佛說延壽妙門陀羅尼經	宋 法賢譯	1
	0043	0555	(緣)	0556	(緣)	閻羅王五天使者經	劉宋 慧簡譯	1
	0820	0410	(信)	0411	(信)	佛說演道俗業經	乞伏秦 聖堅譯	1
						演玄集	北庭翰林學士安藏述	6
						偃溪廣聞禪師語錄	(侍者門人) 元清．淨志．普暉．元偉．光從．道鑑．道隆．惟實．妙高 編	2
	1290					焰羅王供行法次第	唐 阿謨伽撰	1
	0120	0429	(悲)	0430	(悲)	央掘魔羅經	劉宋 求那跋陀羅譯	4
	0119	0617	(善)	0618	(善)	佛說鴦崛髻經	西晉 法炬譯	1
	0118	0616	(善)	0617	(善)	佛說鴦掘摩經	西晉 竺法護譯	1
	1994B					楊岐方會和尚後錄		1
	1994A					楊岐方會和尚語錄	宋 仁勇等編	1
	1990					袁州仰山慧寂禪師語錄	明 語風圓信．郭凝之編	1
	0348	0050	(推)	0050	(推)	佛說大乘方等要慧經	後漢 安世高譯	1
						慈悲藥師寶懺		3
	1770					本願藥師經古[這-言+亦]	新羅 太賢撰	2
				1657	(祗)	藥師瑠璃光如來本願功德經直解	清 靈耀撰	1
	0451	0168	(推)	0168	(推)	藥師琉璃光七佛本願功德經	唐 義淨譯	2
	0450	0167	(推)	0167	(推)	藥師琉璃光如來本願功德經	唐 玄奘譯	1
	0922					藥師琉璃光如來消災除難念誦儀軌	唐 一行撰	1
	0925					藥師琉璃光王七佛本願功德經念誦儀軌	元 沙囉巴譯	2
	0926					藥師琉璃光王七佛本願功德經念誦儀軌供養法	元 沙囉巴譯	1
	0927					藥師七佛供養儀軌如意王經	清 工布查布譯	1
	0449	0166	(惟)	0166	(惟)	佛說藥師如來本願經	隋 達摩笈多譯	1
	0923					藥師如來觀行儀軌法	唐 金剛智譯	1
	0924B					藥師如來念誦儀軌	唐 不空譯	1
	0924A					藥師如來念誦儀軌	唐 不空譯	1
						藥師三昧行法	明 受登集	1
	0924C					藥師儀軌一具		1
	0542	0765	(當)	0766	(當)	佛說耶祇經	劉宋 沮渠京聲譯	1
	1608	1214	(匪)	1215	(匪)	業成就論	天親菩薩造　元魏 毘目智仙譯	1
	1100	0967	(清)	0968	(清)	葉衣觀自在菩薩經	唐 不空譯	1
						衣[金*本]名義章	宋 允堪述	1
						依楞嚴究竟事懺	明 禪修述	2
	1680	1448	(隸)	1449	(隸)	一百五十讚佛頌	摩咥里制吒造　唐 義淨譯	1
						一乘法界圖合詩一印	唐 智儼造	1
						一乘佛性究竟論	唐 法寶述	1
						一初禪師語錄		1
	1183					一髻文殊師利童子陀羅尼念誦儀軌		1
	1110	0994	(斯)	0995	(斯)	佛說一髻尊陀羅尼經	唐 不空譯	1
						(參同)一揆禪師語錄		1
	0823	0207	(貞)	0208	(貞)	佛說一切法高王經	元魏 瞿曇般若流支譯	1
	1374	0493	(行)	0494	(行)	佛說一切功德莊嚴王經	唐 義淨譯	1
						一切佛菩薩名集	遼 德雲集	22
	1051	1045	(止)	1046	(止)	佛說一切佛攝相應大教王經聖觀自在菩薩念誦儀軌	宋 法賢譯	1
	2128					一切經音義	唐 慧琳撰	100
	0031	0554	(緣)	0555	(緣)	一切流攝守因經	後漢 安世高譯	1
	0888	1377	(杜)	1378	(杜)	一切祕密最上名義大教王儀軌	宋 施護譯	2
	1418	1047	(止)	1048	(止)	佛說一切如來安像三昧儀軌經	宋 施護譯	1
						一切如來白傘蓋大佛頂陀羅尼	遼 慈賢譯	1
	0889	1012	(川)	1013	(川)	一切如來大祕密王未曾有最上微妙大曼拏羅經	宋 天息災譯	5
	0960	1063	(言)	1064	(言)	一切如來說佛頂輪王一百八名讚	宋 施護譯	1
	0885	1021	(息)	1022	(息)	佛說一切如來金剛三業最上祕密大教王經	宋 施護譯	7
	1135	0954	(興)	0955	(興)	佛說一切如來金剛壽命陀羅尼經	唐 不空譯	1
	1350	0913	(深)	0914	(深)	佛說一切如來名號陀羅尼經	宋 法賢譯	1
	0978	0865	(臨)	0866	(臨)	佛說一切如來烏瑟膩沙最勝總持經	宋 法天譯	1
	1022A	0951	(興)	0952	(興)	一切如來心祕密全身舍利寶篋印陀羅尼經	唐 不空譯	1
	1022B					一切如來心祕密全身舍利寶篋印陀羅尼經	唐 不空譯	1
	0882	1011	(盛川)	1012	(盛川)	佛說一切如來真實攝大乘現證三昧大教王經	宋 施護等譯	30
	1023	0797	(忠)	0798	(忠)	一切如來正法祕密篋印心陀羅尼經	宋 施護譯	1
	0183	0415	(信)	0416	(信)	一切智光明仙人慈心因緣不食肉經	失譯	1
	1136					佛說一切諸如來心光明加持普賢菩薩延命金剛最勝陀羅尼經	唐 不空譯	1
	1017	0354	(莫)	0355	(莫)	佛說一向出生菩薩經	隋 闍那崛多譯	1
	0954B					一字頂輪王念誦儀軌		1
	0951	0527	(克)	0528	(克)	一字佛頂輪王經	唐 菩提流志譯	5
	0954A	1426	(鍾)	1427	(鍾)	一字頂輪王念誦儀軌	唐 不空譯	1
	0948	1393	(杜)	1394	(杜)	金輪王佛頂要略念誦法	唐 不空譯	1
	0953	1017	(不)	1018	(不)	一字奇特佛頂經	唐 不空譯	3
	1573	1204	(沛)	1205	(沛)	壹輸盧迦論	龍樹菩薩造　後魏 瞿曇般若留支譯	1
	0219	0943	(夙)	0944	(夙)	醫喻經	宋 施護譯	1
						遺教經補註	宋 守遂註　明 了童補註	1
						遺教經解	明 智旭述	1
	1529	1201	(顛)	1202	(顛)	遺教經論	天親菩薩造　陳 真諦譯	1
						遺教經論記	宋 觀復述	3
						遺教經論住法記	宋 元照述	1
						遺教經注	失注釋人名	1
	0310-s39					移識經	隋 闍那崛多譯	2
	0095	0980	(斯)	0981	(斯)	蟻喻經	宋 施護譯	1
	0082	0607	(善)	0608	(善)	意經	西晉 竺法護譯	1
						義公禪師語錄		1
	0198	0669	(璧)	0670	(璧)	佛說義足經	吳 支謙譯	2
						翼庵禪師語錄		1
						逸叟高禪師語錄		1
	2031	1278	(席)	1279	(席)	異部宗輪論	世友菩薩造　唐 玄奘譯	1
						異部宗輪論疏	失譯	1
						異部宗輪論疏述記	唐 窺基記	1
						因果本起經	失譯	1
						因明論解		
	1630	1208	(沛)	1209	(沛)	因明入正理論	商羯羅主菩薩造　唐 玄奘譯	1
						因明入正理論集解	明 王肯堂集釋	1
						因明入正理論解	明 真界集解	1
	1840					因明入正理論疏	唐 窺基撰	3
						因明入正理論疏	唐 文軌述	3
						因明入正理論疏抄略記	唐 智周撰	1
						因明入正理論疏前記後記	唐 智周撰	6
						因明入正理論續疏	唐 慧沼述	2
	1841					因明義斷	唐 慧沼撰	1
	1842					因明入正理論義纂要	唐 慧沼集	1
						因明入正理論直解	明 智旭述	1
						因明入正理論直疏	明 明昱疏	1
						因明正理論過類疏	唐 窺基撰	1
	1629	1215	(匪)	1216	(匪)	因明正理門論	大域龍菩薩造　唐 義淨譯	1
	1628	1216	(匪)	1217	(匪)	因明正理門論本	大域龍菩薩造　唐 玄奘譯	1
	0749	0775	(竭)	0776	(竭)	佛說因緣僧護經	失譯	1
	1654-s1					因緣心論頌	失譯	1
	1654-s2					因緣心論釋	失譯	1
	0603	0774	(竭)	0775	(竭)	陰持入經	後漢 安世高譯	2
	1694					陰持入經註	吳 陳慧撰	2
	0179	0266	(良)	0267	(良)	銀色女經	元魏 佛陀扇多譯	1
						隱山璨禪師語要		1
						隱元禪師語錄		1
						應菴曇華禪師語錄	(嗣法) 守詮 等編	10
	0083	0608	(善)	0609	(善)	應法經	西晉 竺法護譯	1
						瓔珞本業經疏	新羅 元曉撰	2
	0397-p01					瓔珞經	北涼 曇無讖譯	1
						瓔珞應嚴方便品經		1
	0079	0605	(善)	0606	(善)	鸚鵡經	劉宋 求那跋陀羅譯	1
						嬰甯禪師語錄		1
						影響集	清 尼量海著	1
						永濟禪師語錄		1
						永嘉禪宗集註	明 傳燈重編並註	2
	2014				(俊)	永嘉證道歌	唐 玄覺撰	1
						永覺元賢禪師廣錄	(嗣法) 道霈 重編	30
						永明道蹟	宋 大壑輯	1
				1593	(郡)	心賦注	宋 延壽述	4
	2018	1644	(素)			永明智覺禪師唯心訣	宋 延壽撰	1
	2583					永平元和尚頌古	日本 道元語、侍者詮慧等編	1
	1466	1103	(初)	1104	(初)	優波離問佛經	宋 求那跋摩譯	1
	1488	1082	(定)	1083	(定)	優婆塞戒經	北涼 曇無讖譯	7
	1476	1108	(初)	1109	(初)	佛說優婆塞五戒相經	宋 求那跋摩譯	1
	0088	0571	(緣)	0572	(緣)	優陂夷墮舍迦經	失譯	1
	0579	0501	(行)	0502	(行)	優婆夷淨行法門經	失譯	2
						優婆夷志	清 圓信較定　郭凝之彙編	1
	0332	0035	(衣)	0035	(衣)	佛說優填王經	西晉 法炬譯	1
	2089					遊方記抄		1
	1965					遊心安樂道	新羅 元曉撰	1
	0568	0338	(莫)	0339	(莫)	有德女所問大乘經	唐 菩提流志譯	1
	0700	0453	(景)	0454	(景)	右繞佛塔功德經	唐 實叉難陀譯	1
	0979					于瑟抳沙毘左野陀囉尼	高麗 指空譯	1
						於密滲施食旨[既/木]	清 法藏著	1
	0890	1016	(流)	1017	(流)	佛說瑜伽大教王經	宋 法賢譯	5
	1318	0979	(斯)	0980	(斯)	瑜伽集要救阿難陀羅尼焰口軌儀經	唐 不空譯	1
	1320	1459	(漆)	1460	(漆)	瑜伽集要焰口施食儀	唐 不空譯	1
						瑜伽集要施食儀軌	明 袾宏重訂	1
						瑜伽論劫章頌	唐 窺基撰	1
	0880	1046	(止)	1047	(止)	瑜伽金剛頂經釋字母品	唐 不空譯	1
	1177A	1038	(容)	1039	(容)	大乘瑜伽金剛性海曼殊室利千臂千[金*本]大教王經	唐 不空譯	10
	1032	1421	(鍾)	1422	(鍾)	瑜伽蓮華部念誦法	唐 不空譯	1
	1828					瑜伽論記	唐 遁倫集撰	24
	1829					瑜伽師地論略纂	唐 窺基撰	16
	1579	1163	(猶-氣)	1164	(猶-氣)	瑜伽師地論	彌勒菩薩說　唐 玄奘譯	100
	1580	1193	(退)	1194	(退)	瑜伽師地論釋	最勝子等造　唐 玄奘譯	1
						瑜伽師地論義演	清素述	41
						瑜伽集要焰口施食儀	唐 不空譯	
						瑜伽燄口註集纂要儀軌	清 寂暹纂	2
	0955	1323	(既)	1324	(既)	一字頂輪王瑜伽觀行儀軌	唐 不空譯	1
	0685	0298	(知)	0299	(知)	佛說盂蘭盆經	西晉 竺法護譯	1
						盂蘭盆經略疏	清 元奇書	1
	1792	1593	(百)	1564	(沙)	佛說盂蘭盆經疏	唐 宗密述	2
						盂蘭盆經疏鈔餘義	宋 日新錄	1
						盂蘭盆經疏會古通今記	宋 普觀述	2
						盂蘭盆經疏孝衡鈔	宋 遇榮鈔	2
						盂蘭盆經疏孝衡鈔科		1
						盂蘭盆經疏新記	唐 宗密疏　宋 元照記	2
						盂蘭盆經疏折中疏	清 靈耀撰	1
						盂蘭盆經新疏	明 智旭疏	1
						愚菴智及禪師語錄	(門人) 觀通．溥震．正除．希顏．忻悟．寶盈．至寶．慧鏡．護位．道彝 等編	10
						愚者禪師語錄		
						俞昭禪師語錄		1
	1163	0956	(興)	0957	(興)	佛說雨寶陀羅尼經	唐 不空譯	1
						予雍如禪師語錄		1
						佛說預修十王生七經	唐 藏川述	1
						玉皇本行集經		1
						玉皇經		1
						玉眉禪師語錄		
	0143	0635	(慶)	0636	(慶)	玉耶經	東晉 竺曇無蘭譯	1
	0142a					佛說玉耶女經	失譯	1
	0142b	0636	(慶)	0637	(慶)	玉耶女經	失譯	1
	0323	0031	(衣)	0031	(衣)	郁迦羅越問菩薩行經	西晉 竺法護譯	1
				1667	(林-即)	御選語錄	清 世宗皇帝御選	19
	0698	0289	(知)	0290	(知)	浴佛功德經	唐 義淨譯	1
	0697	0288	(知)	0289	(知)	佛說浴像功德經	唐 寶思惟譯	1
	1322					新集浴像儀軌	唐 慧琳述	1
						鴛湖禪師語錄		1
						元潔禪師語錄		1
				1611	(岩)	元叟行端禪師語錄	(門人) 法林．曇噩．祖銘．梵琦 等編	8
	0028	0984	(斯)	0985	(斯)	園生樹經	宋 施護譯	1
						圓頓宗眼	宋 法登述	1
						圓覺經鈔辨疑誤	宋 觀復撰	2
				1563	(威沙)	圓覺經大疏	唐 宗密述	12
						圓覺經大疏鈔科	唐 宗密製	3
						圓覺經大疏釋義鈔	唐 宗密撰	26
						圓覺經道場略本修證儀	宋 淨源 錄	1
						圓覺經道場修證儀	唐 宗密 述	18
						圓覺經集註	宋 元粹述	2
						圓覺經夾頌集解講義	宋 周琪述	12
						圓覺經近釋	明 通潤述	6
						圓覺經精解評林	明 焦竑纂	1
						圓覺經句釋正白	清 弘麗著	6
						圓覺經類解	宋 行霆解	8
	1795			1561	(最)	大方廣圓覺修多羅了義經略疏	唐 宗密述	2
						圓覺經略疏科	失撰人名	1
						圓覺經略疏序注	宋 如山注	1
		1621	(治本於)	1562	(最精宣)	圓覺經略疏鈔	唐 宗密(於大疏略出)	12
						圓覺經疏鈔隨文要解	元 清遠述	12
						圓覺經心鏡	宋 智聰述	6
						圓覺經要解	明 寂正要解	2
						圓覺經佚文	日本 松本文三郎序	1
						御註圓覺經	宋 孝宗帝註	2
						圓覺經析義疏	清 通理述	4
						圓覺經直解	明 德清解	2
	0842	0422	(難)	0423	(難)	大方廣圓覺修多羅了義經	唐 佛陀多羅譯	1
	2548					圓通大應國師語錄	日本 南浦紹明語、侍者祖照等編	2
	1997	1523	(漢惠)	1597	(門紫)	圓悟佛果禪師語錄	宋 紹隆等編	20
						圓宗文類	高麗 義天集	2
	0037	0597	(善)	0598	(善)	緣本致經	失譯	1
	0124	0623	(善)	0624	(善)	緣起經	唐 玄奘譯	1
	0714	0274	(良)	0275	(良)	緣起聖道經	唐 玄奘譯	1
	0716	0137	(賴)	0137	(賴)	緣生初勝分法本經	隋 達摩笈多譯	2
	1652	1219	(匪)	1220	(匪)	緣生論	[爵-(采-木)+(樊-大)]楞迦造　隋 達磨笈多譯	1
	1653	1306	(右)	1307	(右)	大乘緣生論	[爵-(采-木)+(樊-大)]楞迦造　唐 不空譯	1
						御製緣識		5
						遠庵禪師語錄		
						閱經十二種	清 淨挺著	14
	0537	0706	(敬)	0707	(敬)	佛說越難經	西晉 聶承遠譯	1
						月幢禪師語錄		1
	0639	0186	(女)	0187	(女)	月燈三昧經	高齊 那連提耶舍譯	10
	0640	0187	(慕)	0188	(慕)	佛說月燈三昧經	劉宋 先公譯	1
	0166	0846	(盡)	0847	(盡)	月光菩薩經	宋 法賢譯	1
	0534	0225	(潔)	0226	(潔)	佛說月光童子經	西晉 竺法護譯	1
						月[石*間]禪師語錄	(嗣法) 妙寅、(侍者) 法嚴．德圓．覺靜．永仁．宗煥 等編	2
						月江正印禪師語錄	(門人) 居簡．妙心．大機．慧忠．可橖．祖安．具德．宗滿．自然．慧觀．壽椿．德粹．思敬．良圭．景行．本真．紹宗．文闡．寶生．文藻．自成 編	3
						月林師觀禪師語錄	(侍者) 法寶．法[王*壽]．慶會．法清．有宗．惟珪．道果．慧開．德秀 編	1
	0169	0508	(維)	0509	(維)	月明菩薩經	吳 支謙譯	1
	0480	0436	(染)	0437	(染)	佛說月上女經	隋 闍那崛多譯	2
	0121	0942	(夙)	0943	(夙)	佛說月喻經	宋 施護譯	1
	0397-p15	0059	(虞)	0059	(虞)	大方等大集月藏經	高齊 那連提耶舍譯	10
						雲庵禪師語錄		1
						雲腹禪師語錄		1
						雲谷和尚語錄	(參學) 宗敬．道傑．惟能．宗[山/乃]．祖祿 編	2
						雲幻禪師語錄		1
	1988					雲門匡真禪師廣錄	宋 守堅集	3
						雲門麥浪懷禪師宗門設難	明 許元釗 錄	1
						雲棲淨土彙語	清 虞執西．嚴培西 同錄	1
						雲叟禪師語錄		1
						雲外雲岫禪師語錄	(小師) 士慘 編	1
						雲峨禪師語錄		1
						雲臥紀譚	宋 曉瑩錄	2
						運菴普巖禪師語錄	(侍者) 元靖．智能．惟衍 編	1
	0099	0539	(穀-堂)	0540	(穀-堂)	雜阿含經	劉宋 求那跋陀羅譯	50
	0101	0542	(因)	0543	(因)	雜阿含經	失譯	1
	1552	1279	(鼓瑟)	1280	(鼓瑟)	雜阿毘曇心論	尊者法救造　宋 僧伽跋摩等譯	11
	0203	1321	(既)	1322	(既)	雜寶藏經	元魏 吉迦夜共曇曜譯	10
	0204	1364	(英)	1365	(英)	雜譬喻經	後漢 支婁迦讖譯	1
	0205	1360	(群)	1361	(群)	雜譬喻經	失譯	2
	0207					雜譬喻經	道略集	1
	0745	0671	(璧)	0672	(璧)	佛說雜藏經	東晉 法顯譯	1
						在家律要廣集	明 智旭集　清 儀潤．陳熙願 增訂	3
	1978					讚阿彌陀佛偈	後魏 曇鸞撰	1
	1675	1064	(言)	1065	(言)	讚法界頌	龍樹菩薩造　宋 施護譯	1
	1052	1071	(言)	1072	(言)	讚觀世音菩薩頌	唐 慧智譯	1
	1106	0809	(則)	0810	(則)	讚揚聖德多羅菩薩一百八名經	宋 天息災譯	1
	0693	0285	(知)	0286	(知)	佛說造立形像福報經	闕譯	1
	0699	0518	(維)	0519	(維)	佛說造塔功德經	唐 地婆訶羅譯	1
	1026					佛說造塔延命功德經	唐 般若譯	1
	0694	0283	(知)	0284	(知)	佛說大乘造像功德經	唐 提雲般若譯	2
						造像量度經	清 工布查布譯	1
	1419					佛說造像量度經解	清 工布查布譯解	1
	1419-t1					造像量度經續補	清 工布查布述	1
	1372	0869	(臨)	0870	(臨)	增慧陀羅尼經	宋 施護譯	1
	0125	0538	(形-空)	0539	(形-空)	增壹阿含經	東晉 瞿曇僧伽提婆譯	51
						緇門崇行錄	明 袾宏輯	1
	2023	1636	(我)	1625	(我)	緇門警訓	明 如巹續集	10
						緇門世譜	清 明喜撰輯	1
						子肅禪師語錄		1
						梓舟禪師語錄		1
						紫柏尊者別集	明 錢謙益 纂閱	4
				1633	(新勸賞)	紫柏尊者全集	明 德清 閱	30
	0742	0745	(當)	0746	(當)	佛說自愛經	東晉 竺曇無蘭譯	1
	0622	0277	(良)	0278	(良)	佛說自誓三昧經	後漢 安世高譯	1
						自閑禪師語錄		1
	0420	0078	(發)	0078	(發)	自在王菩薩經	姚秦 鳩摩羅什譯	2
				1654	(其)	宗寶道獨禪師語錄	(法孫) 今釋 重編	6
						宗範	清 錢伊庵編緝	2
						宗鑑法林	清 集雲堂編	72
						宗教律諸宗演派	清 守一重編	1
				1668	(兩疏)	御錄宗鏡大綱	清 世宗御錄	20
	2016	1481	(策-溪)	1595	(秦-亭)	宗鏡錄	宋 延壽集	100
						宗門寶積錄	清 本晳 輯	1
						宗門拈古彙集	清 淨符彙集	45
						宗門十規論	唐 文益撰	1
		1518	(扶傾綺)			宗門統要正續集	宋 宗永集　元 清茂編集	20
						宗門玄鑑圖	明 [虎-儿+丘]一撰	1
						宗統編年	清 紀蔭編纂	32
	0299	0779	(力)	0780	(力)	大方廣總持寶光明經	宋 法天譯	5
	0275	0248	(才)	0249	(才)	大乘方廣總持經	隋 毘尼多流支譯	1
						總勘文鈔	日本 日蓮撰	1
	0902					總釋陀羅尼義讚	唐 不空譯	1
						祖燈大統	清 白岩位中輯	98
						祖揆禪師語錄		1
						祖亮禪師語錄		1
						祖庭鉗鎚錄	明 通容輯著	2
						祖庭事苑	宋 善卿編正	8
						祖庭指南	清 徐昌治編述	2
	0724	0701	(敬)	0702	(敬)	佛說罪業應報教化地獄經	後漢 安世高譯	1
	2011					最上乘論	唐 弘忍述	1
	1128	0863	(臨)	0864	(臨)	最上大乘金剛大教寶王經	宋 法天譯	2
						最上燈明如來陀羅尼經	宋 施護譯	1
	0244	1031	(澄)	1032	(澄)	佛說最上根本大樂金剛不空三昧大教王經	宋 法賢譯	7
	1288	1032	(澄)	1033	(澄)	佛說最上祕密那拏天經	宋 法賢譯	3
	1408	0825	(則)	0826	(則)	佛說最上意陀羅尼經	宋 施護譯	1
	0974A	0790	(忠)	0791	(忠)	最勝佛頂陀羅尼經	宋 法天譯	1
	0970	0346	(莫)	0347	(莫)	最勝佛頂陀羅尼淨除業障咒經	唐 地婆訶羅譯	1
	1187	1400	(槁)	1401	(槁)	佛說最勝妙吉祥根本智最上祕密一切名義三摩地分	宋 施護譯	2
	0691	0264	(良)	0265	(良)	最無比經	唐 玄奘譯	1
	0845	0893	(臨)	0894	(臨)	佛說尊那經	宋 法賢譯	1
	1549	1281	(吹笙)	1282	(吹笙)	尊婆須蜜菩薩所集論	尊婆須蜜造　符秦 僧伽跋澄等譯	10
	0077	0604	(善)	0605	(善)	尊上經	西晉 竺法護譯	1
	1413	0828	(則)	0829	(則)	佛說尊勝大明王經	宋 施護譯	1
	0973					尊勝佛頂脩瑜伽法軌儀	唐 善無畏譯	2
	1343	0370	(罔)	0371	(罔)	尊勝菩薩所問一切諸法入無量門陀羅尼經	北齊 萬天懿譯	1
						尊勝陀羅尼真言	失譯	1
	0692	0284	(知)	0285	(知)	佛說作佛形像經	闕譯	1
						作世水宅心陀羅尼		1
	0614	1342	(墳)	1343	(墳)	坐禪三昧經	姚秦 鳩摩羅什譯	2
	2586					坐禪用心記	日本 瑩山紹瑾撰	1
						坐禪箴	日本 永平寺道元撰	1
	0087	0572	(緣)	0573	(緣)	齋經	吳 支謙譯	1
						佛說齋經科註	明 智旭科註	1
	0064	0595	(善)	0596	(善)	瞻婆比丘經	西晉 法炬譯	1
	0518	0768	(當)	0769	(當)	佛說旃陀越國王經	劉宋 沮渠京聲譯	1
	0805	0771	(當)	0772	(當)	佛說栴檀樹經	失譯	1
	1387	0881	(臨)	0882	(臨)	佛說栴檀香身陀羅尼經	宋 法賢譯	1
						湛然圓澄禪師語錄	(門人) 明凡 錄　丁元公．祁駿隹 編	8
	0839	0459	(景)	0460	(景)	占察善惡業報經	隋 菩提燈譯	2
						占察善惡業報經玄義	明 智旭撰	1
						占察善惡業報經行法	明 智旭集	1
						占察善惡業報經義疏	明 智旭撰	2
						占察玄義疏		
	1645	1312	(通)	1313	(通)	彰所知論	發合思巴造　元 沙羅巴譯	2
	1578	1230	(性)	1231	(性)	大乘掌珍論	清辯菩薩造　唐 玄奘譯	2
						掌珍論疏		1
	1621	1248	(逸)	1249	(逸)	掌中論	陳那菩薩造　唐 義淨譯	1
	0572	0411	(信)	0412	(信)	佛說長者法志妻經	失譯	1
	0580	0414	(信)	0415	(信)	佛說長者女菴提遮師子吼了義經	失譯	1
	0074	0842	(盡)	0843	(盡)	長者施報經	宋 法天譯	1
	0531	0703	(敬)	0704	(敬)	佛說長者音悅經	吳 支謙譯	1
	0525	0689	(敬)	0690	(敬)	佛說長者子懊惱三處經	後漢 安世高譯	1
	0134	0615	(善)	0616	(善)	佛說長者子六過出家經	劉宋 慧簡譯	1
	0526	0222	(潔)	0223	(潔)	佛說長者子制經	後漢 安世高譯	1
						丈雪禪師語錄		1
	1858					肇論	後秦 僧肇作	1
						肇論略註	明 德清述	6
						肇論疏	晉 惠達撰	3
	1859					肇論疏	唐 元康撰	3
						肇論疏科	宋 遵式排定	1
						注肇論疏	宋 遵式述	6
	1860	1619	(杳)	1607	(洞)	肇論新疏	元 文才述	3
		1620	(冥)		(洞)	肇論新疏游刃	宋 文才述	3
						夾科肇論序注	宋 曉月注	1
						趙州禪師語錄		1
						蔗庵禪師語録		
	2112	1491	(微)	1540	(俊)	甄正論	唐 玄嶷撰	3
	2157					貞元新定釋教目錄	唐 圓照撰	30
						真唯識量略解	明 智旭略解	1
						真歇清了禪師語錄	(侍者) 德初．義初 等編	2
	2019A	1641	(敦)	1627	(藝)	真心直說	高麗 知訥撰	1
	0263	0134	(木)	0134	(木)	正法華經	西晉 竺法護譯	10
	0721	0674	(非-資)	0675	(非-資)	正法念處經	元魏 瞿曇般若流支譯	70
						正法眼藏	宋 宗杲集並著語	3
	1496	0269	(良)	0270	(良)	佛說正恭敬經	元魏 佛陀扇多譯	1
						正了知王藥叉眷屬法	唐 義淨譯	1
						正名錄	智楷惟直氏述	14
						正行集	元 清覺述	1
						正源略集	清 際源．了貞 輯、達珍 編	15
						正源略集補遺	清 達珍編	1
						正源略集目錄		1
						正宗心印後續聯芳	明 善燦著	1
						證道歌頌	宋 法泉繼頌	1
						證道歌註	宋 知訥述	1
						證道歌註	宋 彥琪註	1
						證道歌註	元 永盛述　德弘編	1
	0674	0191	(慕)	0192	(慕)	證契大乘經	唐 地婆訶羅譯	2
						知空蘊禪師語錄		1
						芝岩禪師語錄		1
						芝園集	宋 元照作	2
						補續芝園集	宋 元照撰	1
						芝園遺編	宋 元照錄　道詢集	3
						指月錄	明 瞿汝稷集	32
	1914	1570	(起)	1548	(寔)	止觀大意	唐 湛然述	1
	1924	1534	(途)	1476	(轂)	大乘止觀法門	陳 慧思說	4
				1648	(理)	大乘止觀法門釋要	明 智旭述	6
						大乘止觀法門宗圓記	宋 了然述	5
	1912	1531	(魏-假)			止觀輔行傳弘決	唐 湛然述	10
	1655	1217	(匪)	1218	(匪)	止觀門論頌	世親菩薩造　唐 義淨譯	1
						止觀述記	諦閑說　聖性．聖心筆記　勝觀演述	1
	1913	1533	(途)			止觀義例	唐 湛然述	2
		1604	(岳)	1616	(農)	至元法寶勘同總錄	元 慶吉祥等集	10
	0620	0642	(慶)	0643	(慶)	治禪病祕要法	劉宋 沮渠京聲譯	2
	0096	1327	(既)	1328	(既)	治意經	失譯	1
	0214	0695	(敬)	0696	(敬)	猘狗經	吳 支謙譯	1
	1398	0829	(則)	0830	(則)	佛說智光滅一切業障陀羅尼經	宋 施護譯	1
	1397	0491	(行)	0492	(行)	智炬陀羅尼經	唐 提雲般若等譯	1
						智覺禪師自行錄	宋 文[冰-水+中](重校編集)	1
						智覃禪師語錄		1
	0634	1008	(之)	1009	(之)	佛說大乘智印經	宋 智吉祥等譯	5
						智者大師別傳註	宋 曇照註	2
						智智清淨經	唐 玄奘譯	2
	2173					智證大師請來目錄	日本 圓珍撰	1
						智證傳	宋 慧洪撰　覺慈編	1
	0026	0537	(作-立)	0538	(作-立)	中阿含經	東晉 瞿曇僧伽提婆譯	60
	0196	0551	(緣)	0552	(緣)	中本起經	後漢 曇果共康孟詳譯	2
	1599	1241	(情)	1242	(情)	中邊分別論	天親菩薩造　陳 真諦譯	2
						中邊分別論疏	新羅 元曉撰	1
						中部經典	芝峰據日譯本重譯	
	1824					中觀論疏	隋 吉藏撰	10
	1567	1308	(通)	1309	(通)	大乘中觀釋論	安慧菩薩造　宋 惟淨等譯	9
	1564	1172	(箴)	1173	(箴)	中論	龍樹菩薩造　梵志青目釋　姚秦 鳩摩羅什譯	4
	0743	0710	(孝)	0711	(孝)	佛說忠心經	東晉 竺曇無蘭譯	1
	0385	0458	(景)	0459	(景)	中陰經	姚秦 竺佛念譯	2
						終南家業	宋 守一述、行枝編	6
	1337	0342	(莫)	0343	(莫)	種種雜咒經	北周 闍那崛多譯	1
	0208	1358	(群)	1359	(群)	眾經撰雜譬喻	道略集　姚秦 鳩摩羅什譯	2
	1541	1284	(升階)	1285	(升階)	眾事分阿毘曇論	尊者世友造　宋 求那跋陀羅共菩提耶舍譯	12
	0191	0853	(命)	0854	(命)	眾許摩訶帝經	宋 法賢譯	13
						周易禪解		1
	1327	0477	(行)	0478	(行)	佛說咒齒經	東晉 曇無蘭譯	1
	1328	0478	(行)	0479	(行)	佛說咒目經	東晉 竺曇無蘭譯	1
	1338	0327	(能)	0328	(能)	咒三首經	唐 地婆訶羅譯	1
	1326	0476	(行)	0477	(行)	佛說咒時氣病經	東晉 竺曇無蘭譯	1
	1034	0325	(能)	0326	(能)	咒五首	唐 玄奘譯	1
	1329	0479	(行)	0480	(行)	佛說咒小兒經	東晉 竺曇無蘭譯	1
	2176					諸阿闍梨真言密教部類總錄	日本 安然集	2
	0683	0378	(彼)	0379	(彼)	佛說諸德福田經	西晉 法立法炬共譯	1
	0059	0585	(緣)	0586	(緣)	諸法本經	吳 支謙譯	1
	0651	0159	(五)	0159	(五)	佛說諸法本無經	隋 闍那崛多譯	3
	0728					諸法集要經	觀無畏尊者集　宋 日稱等譯	10
	0650	0160	(常)	0160	(常)	諸法無行經	姚秦 鳩摩羅什譯	2
	1923	1535	(除)	1478	(轂)	諸法無諍三昧法門	陳 慧思撰	2
	0822	0208	(潔)	0209	(潔)	佛說諸法勇王經	劉宋 曇摩蜜多譯	1
	0824	0502	(行)	0503	(行)	諸法最上王經	隋 闍那崛多譯	1
						諸方門人參問語錄	唐 慧海撰	1
	1346	0490	(行)	0491	(行)	諸佛集會陀羅尼經	唐 提雲般若等譯	1
	0439	0860	(臨)	0861	(臨)	佛說諸佛經	宋 施護譯	1
	0868					諸佛境界攝真實經	唐 般若譯	3
		1610	(紫-赤)			諸佛世尊如來菩薩尊者名稱歌曲	明太宗朱棣制	51
		1609	(雲-門)	1622	(載南)	諸佛世尊如來菩薩尊者神僧名經	明 太宗御製	20
	0918	0484	(行)	0485	(行)	諸佛心陀羅尼經	唐 玄奘譯	1
	0919	0819	(則)	0820	(則)	諸佛心印陀羅尼經	宋 法天譯	1
	0810	0396	(靡)	0397	(靡)	諸佛要集經	西晉 竺法護譯	2
						諸經日誦		1
	2123	1466	(路俠槐)	1533	(回漢惠)	諸經要集	唐 道世集	20
	1658	1307	(右)	1308	(右)	諸教決定名義論	慈氏菩薩造　宋 施護譯	1
	0282	0103	(率)	0103	(率)	諸菩薩求佛本業經	西晉 聶道真譯	1
						諸上善人詠	明 道衍撰	1
						重編諸天傳	宋 行霆述	2
	1302					諸星母陀羅尼經	唐 法成譯	1
	0758	0795	(忠)	0796	(忠)	佛說諸行有為經	宋 法天譯	1
	2184					新編諸宗教藏總錄	高麗 義天錄	3
						竹菴艸錄	宋 可觀撰	1
						竹庵禪師語錄		1
						竹窗三筆		1
						竹浪禪師語錄		1
						主峰禪師語錄		1
						註華嚴同教一乘策	宋 師會述　希[廷-壬+由]註	1
						註同教問答	宋 師會述　善熹註	1
						顓愚禪師語錄		1
	0109	0652	(慶)	0653	(慶)	佛說轉法輪經	後漢 安世高譯	1
	1533	1197	(顛)	1198	(顛)	轉法輪經憂波提舍	天親菩薩造　元魏 毘目智仙譯	1
	1150					轉法輪菩薩摧魔怨敵法	唐 不空譯	1
	0564	0232	(男)	0233	(男)	佛說轉女身經	劉宋 曇摩蜜多譯	1
	1587	1206	(沛)	1207	(沛)	轉識論	陳 真諦譯	1
	0576	0279	(良)	0280	(良)	佛說轉有經	元魏 佛陀扇多譯	1
	0200	1316	(承)	1317	(承)	撰集百緣經	吳 支謙譯	10
	2026	1457	(漆)	1458	(漆)	撰集三藏及雜藏傳	失譯	1
	2690					撰時抄	日本 日蓮述	1
				1636	(素)	莊子內篇註	明 釋德清註	4
	1050	0776	(竭)	0777	(竭)	佛說大乘莊嚴寶王經	宋 天息災譯	4
	1604	1182	(次弗)	1183	(次弗)	大乘莊嚴經論	無著菩薩造　唐 波羅頗蜜多羅譯	13
	0307	0095	(壹)	0095	(壹)	佛說莊嚴菩提心經	姚秦 鳩摩羅什譯	1
	1375	0499	(行)	0500	(行)	佛說莊嚴王陀羅尼咒經	唐 義淨譯	1
						准提懺		1
						准提焚修悉地懺悔玄文	清 夏道人集	1
						準提淨業	明 謝于教著	3
						準提心要	明 施堯挺撰	1
						准提行法	明 受登集	1
						卓峰禪師語錄		1
	0641					佛說月燈三昧經	劉宋 先公譯	1
	0659					大乘寶雲經	梁 曼陀羅仙共僧伽婆羅譯	7
	0879	1445	(隸)	1446	(隸)	金剛頂瑜伽三十七尊禮	唐 不空譯	1
	1084					觀世音菩薩如意摩尼輪陀羅尼念誦法	唐 寶思惟譯	1
	1113A					觀自在菩薩廣大圓滿無礙大悲心陀羅尼	高麗 指空校	1
	1168B					八曼荼羅經		1
	1319					瑜伽集要焰口施食起教阿難陀緣由	唐 不空譯	1
	1595	1164b	(連-投)	1165d	(枝,投)	攝大乘論釋	世親菩薩釋　陳 真諦譯	15
	1596	1164c		1165c	(交)	攝大乘論釋論	世親菩薩造　隋 笈多共行矩等譯	10
	1597	1164a		1165b	(友)	攝大乘論釋	世親菩薩造　唐 玄奘譯	10
	1598	1164d		1165a	(連)	攝大乘論釋	無性菩薩造　唐 玄奘譯	10
	2148					眾經目錄	唐 靜泰撰	5
	2161					御請來目錄	日本 空海撰	1
	2166					慈覺大師在唐送進錄	日本 圓仁撰	1
	2185					勝鬘經義疏	日本 聖德太子撰	1
	2186					維摩經義疏	日本 聖德太子撰	5
	2187					法華義疏	日本 聖德太子撰	4
	2188					法華略抄	日本 明一撰	1
	2189					妙法蓮華經釋文	日本 中算撰	3
	2190a					法華經開題	日本 空海撰	1
	2190b					法華經開題		1
	2190c					法華經釋		1
	2190d					法華經開題		1
	2190e					法華經密號		1
	2190f					法華略祕釋		1
	2190g					法華開題		1
	2191					法華經祕釋	日本 覺鍐撰	1
	2192					入真言門住如實見講演法華略儀	日本 圓珍撰	2
	2193					註無量義經	日本 最澄撰	3
	2194					佛說觀普賢菩薩行法經記	日本 圓珍撰	2
	2195					法華開示抄	日本 貞慶撰	28
	2196					金光明最勝王經玄樞	日本 願曉等集	10
	2197					金光明最勝王經註釋	日本 明一集	10
	2198					最勝王經羽足	日本 平備撰	1
	2199					最勝王經開題	日本 空海撰	1
	2200					仁王經開題	日本 空海撰	1
	2201					金剛般若波羅蜜經開題	日本 空海撰	1
	2202					般若心經述義	日本 智光撰	1
	2203A					般若心經祕鍵	日本 空海撰	1
	2203B					般若心經祕鍵略註	日本 覺鍐記	1
	2204					般若心經祕鍵開門訣	日本 濟暹撰	3
	2205					華嚴演義鈔纂釋	日本 湛叡撰	38
	2206A					新譯華嚴經音義	日本 喜海撰	1
	2206B					貞元華嚴經音義	日本 喜海撰	1
	2207					淨土三部經音義集	日本 信瑞纂	4
	2208A					淨土疑端	日本 顯意述	4
	2208B					觀經義賢問愚答鈔	日本 證忍記	1
	2208C					觀經義拙疑巧答研覈鈔	日本 顯意述	1
	2209					觀經疏傳通記	日本 良忠述	15
	2210					阿彌陀經略記	日本 源信撰	1
	2211a					大日經開題	日本 空海撰	1
	2211b					大日經開題		1
	2211c					大日經略開題		1
	2211d					大日經開題		1
	2211e					大日經開題		1
	2211f					大日經開題		1
	2211g					大日經開題		1
	2212a					大毘盧遮那經指歸	日本 圓珍撰	1
	2212b					大毘盧遮那成道經心目		1
	2213					大日經疏妙印鈔	日本 宥範記	80
	2214					大日經疏妙印鈔口傳	日本 宥範撰	10
	2215					大日經住心品疏私記	日本 濟暹撰	16
	2216					大日經疏演奧鈔	日本 杲寶撰	60
	2217					大日經疏指心鈔	日本 賴瑜撰	16
	2218					大日經疏鈔	日本 宥快撰	85
	2219					大日經住心品疏私記	日本 曇寂撰	20
	2220					大日經供養次第法疏私記	日本 宥範撰	8
	2221					金剛頂經開題	日本 空海撰	1
	2222					教王經開題	日本 空海撰	1
	2223					金剛頂大教王經疏	日本 圓仁撰	7
	2224					金剛頂經偈釋	日本 賴尊撰	1
	2225					金剛頂大教王經私記	日本 曇寂撰	19
	2226					三十卷教王經文次第	日本 杲寶撰	2
	2227					蘇悉地羯羅經略疏	日本 圓仁撰	7
	2228					金剛峰樓閣一切瑜伽祇經修行法	日本 安然述	3
	2229					瑜祇總行私記	日本 真寂撰	1
	2230					菩提場經略義釋	日本 圓珍撰	5
	2231					蓮華胎藏界儀軌解釋	日本 真興集	3
	2232					梵[口*縛]日羅[馬*太][者*見]私記	日本 真興述	1
	2233					大佛頂經開題	日本 空海撰	1
	2234					注大佛頂真言	日本 南忠撰	1
	2235					大佛頂如來放光悉怛他[金*本]怛囉陀羅尼勘註	日本 明覺撰	1
	2236a					理趣經開題	日本 空海撰	1
	2236b					理趣經開題		1
	2236c					理趣經開題		1
	2237					真實經文句	日本 空海撰	1
	2238					理趣經種子釋	日本 覺鍐撰	1
	2239					大樂經顯義抄	日本 濟暹撰	3
	2240					理趣釋重釋記		1
	2241					理趣釋祕要鈔	日本 杲寶說．賢寶記	12
	2242					大隨求陀羅尼勘註	日本 明覺撰	1
	2243					千手經二十八部眾釋	日本 定深撰	1
	2244					孔雀經音義	日本 觀靜撰	3
	2245					不空[罩-卓+絹]索毘盧遮那佛大灌頂光明真言句義釋	日本 高辨撰	1
	2246					梵網經開題	日本 空海撰	1
	2247					梵網戒本疏日珠鈔	日本 凝然述	50
	2248					資行鈔	日本 照遠撰	28
	2249					俱舍論本義抄	日本 宗性撰	48
	2250					阿毘達磨俱舍論指要鈔	日本 湛慧撰	30
	2251					阿毘達磨俱舍論法義	日本 快道撰	30
	2252					阿毘達磨俱舍論稽古	日本 法幢撰	2
	2253					俱舍論頌疏正文	日本 源信撰	1
	2254					俱舍論頌疏抄	日本 英憲撰	29
	2255					中論疏記	日本 安澄撰	8
	2256					中觀論二十七品別釋	日本 快憲撰	1
	2257					十二門論疏聞思記	日本 藏海撰	1
	2258					掌珍量[道/口]	日本 秀法師撰	1
	2259					瑜伽論問答	日本 增賀造	7
	2260					成唯識論述記序釋	日本 善珠集	1
	2261					唯識義燈增明記	日本 善珠述	4
	2262					成唯識論本文抄		45
	2263					唯識論同學鈔	日本 良算抄	68
	2264					唯識論聞書	日本 光胤記	27
	2265					唯識論訓論日記	日本 光胤草	1
	2267					成唯識論略疏	日本 普寂撰	6
	2268					注三十頌	日本 貞慶撰	1
	2269					攝大乘論釋略疏	日本 普寂撰	5
	2270					因明論疏明燈抄	日本 普珠撰	12
	2271					因明大疏抄	日本 藏俊撰	41
	2272					因明大疏融貫鈔	日本 基辨撰	9
	2273					因明大疏[道/口]	日本 明詮撰	3
	2274					因明大疏裏書	日本 明詮著	6
	2275					因明四種相違私記	日本 觀理記	3
	2276					因明論疏四相違略註釋	日本 源信撰	3
	2277					因明四種相違略私記	日本 真興集	2
	2278					四種相違斷略記	日本 真興集	1
	2279					因明纂要略記	日本 真興集	1
	2280					因明大疏四種相違抄	日本 珍海記	1
	2281					明本抄	日本 貞慶撰	13
	2282					明要抄	日本 貞慶撰	5
	2283					起信論抄出	日本 尊辨撰	2
	2284					釋摩訶衍論指事	日本 空海撰	2
	2285					釋摩訶衍論指事	日本 覺鍐撰	1
	2286					釋摩訶衍論決疑破難會釋抄	日本 濟暹撰	1
	2287					釋摩訶衍論立義分略釋	日本 濟暹撰	1
	2288					釋摩訶衍論應教鈔	日本 道範記	1
	2289					釋摩訶衍論私記	日本 信堅記	1
	2290					釋摩訶衍論勘注	日本 賴寶撰	24
	2291					金剛頂瑜伽中發阿耨多羅三藐三菩提心論祕釋	日本 覺鍐撰	1
	2292					金剛頂發菩提心論私抄	日本 濟暹撰	4
	2293					金剛頂宗菩提心論口決	日本 榮西記	1
	2294					菩提心論見聞		4
	2295					菩提心論異本	日本 尊通撰	1
	2296					大乘三論大義鈔	日本 玄叡集	4
	2297					一乘佛性慧日抄	日本 宗法師撰	1
	2298					大乘正觀略私記	日本 珍海記	1
	2299					三論玄疏文義要	日本 珍海撰	10
	2300					三論玄義檢幽集	日本 證禪撰	7
	2301					三論玄義鈔	日本 貞海撰	3
	2302					三論玄義誘蒙	日本 聞證撰	3
	2303					大乘玄問答	日本 珍海抄	12
	2304					一乘義私記	日本 珍海撰	1
	2305					八識義章研習抄	日本 珍海記	3
	2307A					三論興緣	日本 聖守撰	1
	2307B					三論宗濫觴		1
	2308					三論宗初心初學鈔	日本 實慶撰	1
	2309					大乘法相研神章	日本 護命撰	5
	2310					法相燈明記	日本 慚安集	1
	2311					心要鈔	日本 貞慶撰	1
	2312					觀心覺夢鈔	日本 良遍撰	3
	2313					真心要決	日本 良遍撰	3
	2314					二卷鈔	日本 良遍撰	2
	2315					略述法相義	日本 聞證撰	3
	2316					大乘一切法相玄論	日本 基辨撰	2
	2317					法苑義鏡	日本 善珠述	6
	2318					五心義略記	日本 清範抄	2
	2319					唯識義私記	日本 真興撰	12
	2320					法相宗賢聖義略問答	日本 仲算撰	1
	2321					唯識分量決	日本 善珠撰	1
	2322					四分義極略私記	日本 忠算撰	2
	2324					七十五法名目		1
	2325					有宗七十五法記	日本 宗禎撰	3
	2326					華嚴宗一乘開心論	日本 普機撰	6
	2327					華嚴一乘義私記	日本 增春撰	1
	2328					華嚴宗種性義抄	日本 親圓撰	1
	2329					華嚴論草	日本 景雅撰	1
	2330					華嚴信種義	日本 高辨記	1
	2331					華嚴修禪觀照入解脫門義	日本 高辨述	2
	2332					華嚴佛光三昧觀祕寶藏	日本 高辨集	2
	2333					華嚴宗香薰抄	日本 宗性撰	7
	2334					華嚴宗大要抄	日本 實弘撰	1
	2335					華嚴宗要義	日本 凝然述	1
	2336					華嚴宗所立五教十宗大意略抄		1
	2337					華嚴五教章指事	日本 壽靈述	6
	2338					華嚴五教章名目		3
	2339					五教章通路記	日本 凝然述	52
	2340					華嚴五教章問答抄	日本 審乘撰	15
	2341					華嚴五教章深意鈔	日本 聖詮撰	10
	2342					華嚴五教章見聞鈔	日本 靈波記	8
	2343					華嚴五教章不審	日本 實英撰	20
	2344					華嚴五教章匡真鈔	日本 鳳潭撰	10
	2345					華嚴五教章衍祕鈔	日本 普寂撰	5
	2346					金師子章勘文	日本 景雅撰	1
	2347					戒律傳來記	日本 豐安撰	3
	2348					律宗綱要	日本 凝然述	2
	2349					東大寺受戒方軌	日本 法進撰	1
	2350					東大寺戒壇院受戒式	日本 實範撰	1
	2351					唐招提寺戒壇別受戒式	日本 惠光撰	1
	2352					菩薩戒本宗要雜文集	日本 覺盛撰	1
	2353					菩薩戒通受遣疑鈔	日本 覺盛撰	1
	2354					菩薩戒通別二受鈔	日本 覺盛撰	1
	2355					通受比丘懺悔兩寺不同記	日本 凝然述	1
	2356					菩薩戒本宗要輔行文集	日本 叡尊撰	2
	2357					應理宗戒圖釋文鈔	日本 叡尊撰	1
	2358A					菩薩戒問答洞義鈔	日本 英心述	1
	2358B					菩薩戒綱要鈔		1
	2359					律宗行事目心鈔	日本 忍仙撰	3
	2360					大乘圓戒顯正論	日本 宗覺編	1
	2361					願文	日本 最澄撰	1
	2363					法華長講會式	日本 最澄撰	2
	2364					長講金光明經會式	日本 最澄撰	1
	2365					長講仁王般若經會式	日本 最澄撰	1
	2366					天台法華宗義集	日本 義真撰	1
	2367					授決集	日本 圓珍述	2
	2368					諸家教相同異略集	日本 圓珍撰	1
	2369					定宗論	日本 蓮剛撰	1
	2370					一乘要決	日本 源信撰	3
	2371					漢光類聚	日本 忠尋記	4
	2372					天台真言二宗同異章	日本 證真撰	1
	2373					圓密宗二教名目	日本 惠鎮撰	1
	2374					宗要柏原案立	日本 貞舜撰	6
	2375					天台圓宗四教五時西谷名目		2
	2376					顯戒論	日本 最澄撰	3
	2377					山家學生式	日本 最澄撰	1
	2378					授菩薩戒儀	日本 最澄撰．圓珍註	1
	2380					顯揚大戒論	日本 圓仁撰	8
	2381					普通授菩薩戒廣釋	日本 安然撰	3
	2382					新學行要鈔	日本 仁空撰	1
	2383					菩薩圓頓授戒灌頂記	日本 惟賢撰	1
	2384					圓戒指掌	日本 敬光述	3
	2385					胎藏界虛心記	日本 圓仁撰	2
	2386					金剛界淨地記	日本 圓仁撰	1
	2387					蘇悉地妙心大	日本 圓仁撰	1
	2388					妙成就記	日本 圓仁撰	1
	2389					真言所立三身問答	日本 圓仁撰	1
	2390					胎藏界大法對受記	日本 安然記	7
	2391					金剛界大法對受記	日本 安然記	8
	2392					蘇悉地對受記	日本 安然撰	1
	2393					觀中院撰定事業灌頂具足支分	日本 安然撰	10
	2394					大日經供養持誦不同	日本 安然撰	7
	2395A					教時諍	日本 安然撰	1
	2395B					教時諍論	日本 安然撰	1
	2396					真言宗教時義	日本 安然作	4
	2397					胎藏金剛菩提心義略問答抄	日本 安然抄	5
	2398					胎藏三密抄	日本 覺超撰	5
	2399					三密抄料簡	日本 覺超撰	2
	2400					金剛三密抄	日本 覺超撰	5
	2401					東曼荼羅抄	日本 覺超撰	3
	2402					西曼荼羅抄	日本 覺超撰	1
	2403					五相成身私記	日本 覺超記	1
	2404					胎藏界生起	日本 覺超記	1
	2405					祕密壇都法大阿闍梨常念誦生起		1
	2406					金剛界次第生起	日本 最圓撰	1
	2407					隨要記	日本 皇慶撰	2
	2408					四十帖決	日本 長宴記	15
	2409					行林抄	日本 靜然撰	82
	2410					[溪-(ㄠ/大)+夫]嵐拾葉集	日本 光宗撰	116
	2411					三昧流口傳集	日本 良祐撰	2
	2412					總持抄	日本 澄豪撰	10
	2413					四度授法日記	日本 嚴豪口．源豪記	4
	2414					了因決	日本 了惠撰	48
	2415					灌頂私見聞	日本 了翁撰	1
	2416					遮那業安立草	日本 仁空撰	13
	2417					法華懺法		1
	2418					例時作法		1
	2419					遮那業學則	日本 覺千撰	1
	2420					奏進法語	日本 真盛撰	1
	2421					念佛三昧法語	日本 真盛撰	1
	2422					真迢上人法語		1
	2423					真荷上人法語		1
	2424					真朗上人法語		1
	2426					祕藏寶鑰	日本 空海撰	3
	2427					辨顯密二教論	日本 空海撰	2
	2428a					即身成佛義	日本 空海撰	1
	2428b					真言宗即身成佛義問答		1
	2428c					即身成佛義		1
	2428d					真言宗即身成佛義		1
	2428e					即身成佛義		1
	2428f					即身成佛義		1
	2428g					真言宗即身成佛義問答		1
	2429					聲字實相義	日本 空海撰	1
	2430					吽字義	日本 空海撰	1
	2431					御遺告	日本 空海撰	1
	2432					阿字觀用心口決	日本 實慧撰	1
	2433					真言付法纂要抄	日本 成尊撰	1
	2434					辨顯密二教論懸鏡抄	日本 濟暹撰	6
	2435					顯密差別問答	日本 濟暹撰	2
	2436					四種法身義	日本 濟暹撰	1
	2437					住心決疑抄	日本 信證撰	1
	2438					阿字義	日本 實範撰	3
	2439					阿字要略觀	日本 實範撰	1
	2440					大經要義抄注解		1
	2441					祕宗教相鈔	日本 重譽撰	10
	2442					十住心論抄	日本 重譽撰	3
	2443					十住心論打聞集		1
	2444					十住遮難抄		1
	2445					真言教主問答抄	日本 經尋撰	1
	2446					千輻輪相顯密集	日本 興然撰	1
	2447					貞應抄	日本 道範撰	3
	2448					諸法分別抄	日本 賴寶記	1
	2449					真言名目	日本 賴寶述	1
	2450					開心抄	日本 杲寶撰	3
	2451					金剛頂宗綱概	日本 杲寶撰	1
	2452					大日經教主本地加持分別	日本 杲寶撰	1
	2453					寶冊抄	日本 杲寶記．賢寶補	10
	2454					十住心義林	日本 宥快撰	2
	2455					大日經主異義事	日本 宥快記	1
	2456					寶鏡鈔	日本 宥快記	1
	2457					大日經教主義	日本 曇寂撰	1
	2458					真言宗未決文	日本 德一撰	1
	2459					未決答釋	日本 房覺記	1
	2460					德一未決答釋	日本 杲寶撰	1
	2461					大和尚奉為平安城太上天皇灌頂文	日本 空海撰	1
	2462					三昧耶戒序	日本 空海撰	1
	2463					祕密三昧耶佛戒儀	日本 空海撰	1
	2464					五部陀羅尼問答偈讚宗祕論	日本 空海撰	1
	2465					檜尾口訣	日本 實慧撰	1
	2466					高雄口訣	日本 真濟撰	1
	2467					五部肝心記	日本 真濟撰	1
	2468					要尊道場觀	日本 淳祐撰	2
	2469					不灌鈴等記	日本 真寂親王撰	1
	2470					具支灌頂儀式	日本 元杲撰	1
	2471					金剛界九會密記	日本 元杲撰	1
	2472					胎藏界三部祕釋	日本 元杲撰	1
	2473					小野六帖	日本 仁海撰	7
	2474					五相成身義問答抄	日本 濟暹撰	1
	2475					十八契印義釋生起	日本 定深撰	1
	2476					別行	日本 寬助撰	7
	2477					柿袋	日本 真譽撰	1
	2478					要尊法	日本 永嚴撰	1
	2479					勝語集	日本 惠什撰	2
	2480					事相料簡	日本 覺印記	1
	2481					轉非命業抄	日本 賢覺抄	1
	2482					傳受集	日本 寬信撰	4
	2483					厚造紙	日本 元海記	1
	2484					諸尊要抄	日本 實運撰	15
	2485					祕藏金寶鈔	日本 實運撰	10
	2486					玄祕抄	日本 實運撰	4
	2487					治承記	日本 勝賢撰	1
	2488					澤鈔	日本 覺成記．守覺親王輯	10
	2489					祕鈔	日本 勝賢記．守覺親王輯	18
	2490					異尊抄	日本 守覺親王撰	2
	2491					右記	日本 守覺親王撰	1
	2492					左記	日本 守覺親王撰	1
	2493					御記	日本 守覺親王撰	1
	2494					追記	日本 守覺親王撰	1
	2495					薄雙紙	日本 成賢撰	16
	2496					遍口鈔	日本 成賢口．道教記	6
	2497					實歸鈔	日本 深賢集	1
	2498					幸心鈔	日本 憲深口．親快記	5
	2499					傳法灌頂私記	日本 教舜記	3
	2500					四卷	日本 興然撰	4
	2501					師口	日本 榮然撰	4
	2502					行法肝葉鈔	日本 道範記	3
	2503					授寶性院宥快記	日本 興雅記	1
	2504					中院流四度口傳	日本 宥快撰	4
	2505					中院流事	日本 宥快口．成雄記	1
	2506					中院流大事聞書	日本 宥快口．成雄記	1
	2507					傳屍病口傳		1
	2508					傳屍病炙治		1
	2509					偽書論	日本 恭畏述	1
	2510					顯密不同頌	日本 覺鍐撰	1
	2511					真言宗即身成佛義章	日本 覺鍐撰	1
	2512					◇字祕釋	日本 覺鍐撰	1
	2513					◇字義	日本 覺鍐撰	1
	2514					五輪九字明祕密釋	日本 覺鍐撰	1
	2515					密嚴淨土略觀	日本 覺鍐撰	1
	2516					祕密莊嚴傳法灌頂一異義	日本 覺鍐撰	1
	2517					十八道沙汰	日本 覺鍐撰	1
	2518					金剛頂經蓮花部心念誦次第沙汰	日本 覺鍐撰	1
	2519					胎藏界沙汰	日本 覺鍐撰	1
	2520					心月輪祕釋	日本 覺鍐撰	1
	2521					真言淨菩提心私記	日本 覺鍐撰	1
	2522					阿彌陀祕釋	日本 覺鍐撰	1
	2523					真言宗義	日本 覺鍐撰	1
	2524					祕密莊嚴不二義章	日本 覺鍐撰	1
	2525					真言三密修行問答	日本 覺鍐撰	1
	2526					勸發頌	日本 覺鍐撰	1
	2527					密嚴院發露懺悔文	日本 覺鍐撰	1
	2528					諸宗教理同異釋	日本 賴瑜撰	1
	2529					十八道口決	日本 賴瑜撰	2
	2530					野金口決鈔	日本 賴瑜撰	1
	2531					野胎口決鈔	日本 賴瑜撰	2
	2532					護摩口決	日本 賴瑜撰	1
	2533					金界發惠抄	日本 賴瑜記	3
	2534					胎藏入理鈔	日本 賴瑜記	3
	2535					薄草子口決	日本 賴瑜撰	21
	2536					祕鈔問答	日本 賴瑜撰	22
	2537					釋摩訶衍論第十廣短冊	日本 順繼撰	1
	2538					大疏百條第三重	日本 聖憲撰	10
	2539					自證說法	日本 聖憲撰	1
	2540					大疏談義	日本 運敞撰	10
	2541					祕密因緣管絃相成義	日本 法住記	2
	2542					讀書二十二則	日本 戒定撰	1
	2544					聖一國師語錄	日本 圓爾辨圓語、嗣孫師鍊纂	1
	2545					寶覺禪師語錄	日本 東山湛照語	1
	2546					佛照禪師語錄	日本 白雲慧曉語、嗣法希等輯	2
	2547					大覺禪師語錄	日本 蘭溪道隆語、侍者圓顯等編	3
	2549					佛光國師語錄	日本 子元祖元語、侍者一真等編	10
	2550					圓鑑國師語錄	日本 藏山順空語．侍者編	1
	2551					佛國禪師語錄	日本 高[山/夆]顯日語、侍者妙環等編	2
	2552					南院國師語錄	日本 規庵祖圓語、侍者慧真等編	3
	2553					一山國師語錄	日本 一山一寧語、侍者了真等編	2
	2554					竺僊和尚語錄	日本 竺僊梵仙語、侍者裔堯等編	4
	2555					夢[窗/心]國師語錄	日本 夢[窗/心][疏-(梳-木)+束]石語、侍者本元等編	3
	2556					義堂和尚語錄	日本 義堂周信語、門人中圓等編	4
	2557					閻浮集	日本 鐵舟德濟撰	1
	2558					鹽山拔隊和尚語錄	日本 拔隊得勝語	6
	2559					無文禪師語錄	日本 無文元選語	1
	2560					智覺普明國師語錄	日本 春屋妙葩語、侍者周佐等編	8
	2561					絕海和尚語錄	日本 絕海中津語、小師俊承等編	2
	2562					常光國師語錄	日本 空谷明應、侍者編	2
	2563					大通禪師語錄	日本 愚中周及語、侍者某甲編	6
	2564					永源寂室和尚語錄	日本 寂室玄光語	2
	2565					佛頂國師語錄	日本 一絲文守語．文光編	5
	2566					大燈國師語錄	日本 宗[山/夆]妙超語、侍者性智等編	3
	2567					徹翁和尚語錄	日本 徹翁義享語．遠孫禪興編	2
	2568					雪江和尚語錄	日本 雪江宗深語．遠孫禪悅輯	1
	2569					景川和尚語錄	日本 景川宗隆語．侍者某等編	2
	2570					虎穴錄	日本 悟溪宗頓語、門人某等編	2
	2571					少林無孔笛	日本 東陽英朝語．侍者某等編	6
	2572					見桃錄	日本 大休宗林語．遠孫比丘某等編	4
	2573					西源德芳和尚語錄	日本 特芳禪傑語．遠孫宗怡重編	3
	2574					槐安國語	日本 白隱慧鶴語	7
	2575					宗門無盡燈論	日本 東嶺圓慈撰	2
	2576					五家參祥要路門	日本 東嶺圓慈編	5
	2577					大鑑清規	日本 清拙正澄撰	1
	2578					諸回向清規	日本 天倫楓隱撰	5
	2579					小叢林清規	日本 無著道忠撰	3
	2581					學道用心集	日本 道元撰	1
	2582					正法眼藏	日本 道元撰	95
	2584					永平清規	日本 道元撰	2
	2585					傳光錄	日本 瑩山紹瑾語．侍者編	2
	2587					信心銘拈提	日本 瑩山紹瑾撰	1
	2588					十種[束*力]問奏對集	日本 瑩山紹瑾語．侍者編	1
	2589					瑩山清規	日本 瑩山紹瑾撰	2
	2590					光明藏三昧	日本 孤雲懷奘記	1
	2591					義雲和尚語錄	日本 義雲語、侍者圓宗等編	2
	2592					通幻靈禪師漫錄	日本 通幻寂靈語、門人普濟編	2
	2593					實峰禪師語錄	日本 實[山/夆]良秀語、門人慈恩等編	1
	2594					普濟和尚語錄	日本 普濟善救語、門入禪雄等編	3
	2595					月坡禪師語錄	日本 月坡道印語、侍者元湛等編	4
	2596					月舟和尚遺錄	日本 月舟宗胡語、侍者曹源編	2
	2597					獨菴獨語	日本 獨菴玄光撰	1
	2598					東林語錄	日本 卍山道白語、門人湛堂等編	4
	2599					禪戒訣	日本 卍山道白語、門人白龍編	1
	2600					報恩編	日本 天桂傳尊語．侍者記	3
	2601					禪戒鈔	日本 萬仞道坦輯	1
	2602					心學典論	日本 無隱道費撰	4
	2603					荒田隨筆	日本 指月慧印撰	4
	2604					建康普說	日本 面山瑞芳語、門人本猛等編	1
	2607					黃檗清規	日本 隱元隆琦語．法孫性潡等編	1
	2609					徹選擇本願念佛集	日本 辨阿聖光撰	2
	2610					選擇傳弘決疑鈔	日本 良忠述	5
	2612					拾遺黑谷上人語燈錄	日本 源空撰．了惠道光輯	3
	2613					末代念佛授手印	日本 辨阿聖光撰	1
	2614					淨土二藏二教略頌	日本 了譽聖冏撰	1
	2615					歸命本願抄	日本 向阿證賢撰	3
	2616					西要抄	日本 向阿證賢撰	2
	2617					父子相迎	日本 向阿證賢撰	2
	2618					大原談義聞書鈔		1
	2619					蓮門學則	日本 大玄撰	1
	2620					撰擇密要決	日本 證空記	5
	2621					修業要決	日本 證空記	1
	2622					當麻曼荼羅供式	日本 證空記	1
	2623					曼荼羅八講論義抄	日本 證空撰	1
	2624					女院御書	日本 證空撰	2
	2625					鎮勸用心	日本 證空撰	1
	2626					流祖上人箇條名目	日本 證空撰	1
	2627					觀經名目證據十七箇條	日本 淨音撰	1
	2628					西山口決傳密鈔	日本 淨音記	1
	2629					淨土宗要集	日本 道教顯意撰	3
	2630					竹林鈔	日本 道教顯意撰	2
	2631					菩薩藏頓教一乘海義決	日本 道教顯意述	1
	2632					難易二道血脈圖論	日本 道教顯意記	1
	2633					華山院家四十八問答	日本 道教顯意撰	1
	2634					觀經四品知識義	日本 道教顯意述	1
	2635					仙洞三心義問答記	日本 道教顯意撰	1
	2636					淨土宗建立私記	日本 道教顯意撰	1
	2637					淨土童蒙指歸名目	日本 行觀覺融撰	1
	2638					淨土宗法門大圖	日本 行觀覺融撰	1
	2639					淨土法門大圖名目	日本 行觀覺融撰	1
	2640					淨土口決集	日本 行觀覺融撰	1
	2641					座右鈔	日本 實道惠仁撰	1
	2642					初心行護鈔	日本 實道惠仁撰	1
	2643					講院學堂通規	日本 實道惠仁撰	1
	2644					愚要鈔	日本 光雲明秀撰	3
	2645					西山復古篇	日本 後鳳妙瑞記	1
	2646					顯淨土真實教行證文類	日本 親鸞撰	6
	2647					淨土文類聚鈔	日本 親鸞撰	1
	2648					愚禿鈔	日本 親鸞撰	2
	2649					入出二門偈頌	日本 親鸞撰	1
	2650					淨土和讚	日本 親鸞撰	1
	2651					淨土高僧和讚	日本 親鸞撰	1
	2652					正像末法和讚	日本 親鸞撰	1
	2653a					皇太子聖德奉讚	日本 親鸞撰	1
	2653b					皇太子聖德奉讚	愚禿親鸞作	1
	2654a					淨土三經往生文類	日本 親鸞撰	1
	2654b					淨土三經往生文類		1
	2655a					如來二種迴向文	日本 親鸞撰	1
	2655b					往相迴向還相迴向文類		1
	2656a					尊號真像銘文	日本 親鸞撰	2
	2656b					尊號真像銘文		1
	2657					一念多念文意	日本 親鸞撰	1
	2658a					唯信鈔文意	日本 親鸞撰	1
	2658b					唯信鈔文意		1
	2659					末燈鈔	日本 從覺編	2
	2660					親鸞聖人御消息集		1
	2661					歎異抄		1
	2662					執持鈔	日本 覺如宗昭撰	1
	2663					口傳鈔	日本 覺如宗昭撰	3
	2664					本願寺聖人親鸞傳繪	日本 覺如宗昭撰	2
	2665					報恩講式	日本 覺如宗昭撰	1
	2666					歎德文	日本 存覺光玄撰	1
	2667					淨土真要鈔	日本 存覺光玄撰	2
	2668					蓮如上人御文	日本 圓如光融編	5
	2669					蓮如上人御一代記聞書		1
	2670					御俗姓御文	日本 蓮如兼壽撰	1
	2671					大名目	日本 顯智撰	1
	2672					自要集	日本 定專撰	1
	2673					顯正流義鈔	日本 真慧撰	2
	2674					西方指南鈔		6
	2675					唯信抄	日本 聖覺撰	1
	2676					後世物語聞書		1
	2677					一念多念分別事	日本 隆寬作	1
	2678					自力他力事	日本 隆寬作	1
	2679					安心決定鈔		2
	2682					往生要集	日本 源信撰	3
	2683					往生拾因	日本 永觀集	1
	2684					決定往生集	日本 珍海撰	1
	2685					安養知足相對抄	日本 珍海撰	1
	2686					安養抄		8
	2687					淨土法門源流章	日本 凝然述	1
	2688					立正安國論	日本 日蓮撰	1
	2689					開目抄	日本 日蓮撰	2
	2691					報恩抄	日本 日蓮撰	2
	2693					法華取要抄	日本 日蓮述	1
	2694					太田禪門許御書	日本 日蓮撰	2
	2695					三大祕法抄	日本 日蓮撰	1
	2696					四信五品鈔	日本 日蓮撰	1
	2697					如說修行抄	日本 日蓮撰	1
	2698					種種御振舞御書	日本 日蓮撰	1
	2699					御義口傳	日本 日興撰	2
	2700					御講聞書	日本 日向撰	1
	2701					梵字悉曇字母釋義	日本 空海撰	1
	2702					悉曇藏	日本 安然撰	8
	2703					悉曇十二例	日本 安然記	1
	2704					悉曇略記	日本 玄昭撰	1
	2705					悉曇集記	日本 淳祐集	3
	2706					悉曇要訣	日本 明覺撰	4
	2707					多羅葉記	日本 心覺撰	3
	2708					悉曇祕傳記	日本 信範撰	1
	2709					悉曇輪略圖抄	日本 了尊撰	10
	2710					◇◇三密鈔	日本 淨嚴撰	7
	2711					梵學津梁總目錄	日本 慈雲飲光撰	1
	2712					魚山聲明集		1
	2713					魚山私鈔	日本 長惠撰	2
	2714					魚山目錄	日本 宗快撰	2
	2715					大原聲明博士圖		1
	2716					音律菁花集	日本 賴驗撰	1
	2717					聲明口傳	日本 聖尊撰	1
	2718					大阿闍梨聲明系圖		1
	2719					十二調子事		1
	2720					聲明源流記	日本 凝然述	1
	2721					音曲祕要抄	日本 凝然述	1
	2722					藥師如來講式	日本 最澄作	1
	2723					橫川首楞嚴院二十五三昧式	日本 源信撰	1
	2724					橫川首楞嚴院二十五三昧起請	日本 源信撰	1
	2725					往生講式	日本 永觀撰	1
	2726					愛染王講式	日本 覺鍐撰	1
	2727					求聞持表白	日本 覺鍐撰	1
	2728					觀音講式	日本 貞慶撰	1
	2729					彌勒講式	日本 貞慶撰	1
	2730					如法經現修作法	日本 宗快撰	1
	2731					四座講式	日本 高辨撰	1
	2734					金剛[日*英]卷上	唐 寶達集	1
	2735					金剛般若經旨贊	唐 曇曠撰	2
	2736					金剛般若經依天親菩薩論贊略釋秦本義記卷上	唐 知恩撰	1
	2737					金剛經疏		1
	2738					金剛經疏		1
	2739					金剛般若經挾註		1
	2740					金剛般若義記		1
	2741					金剛般若經疏		1
	2742					金剛般若波羅蜜經傳外傳卷下		1
	2743					持誦金剛經靈驗功德記		1
	2744					仁王般若實相論卷第二		1
	2745					仁王經疏		1
	2746					般若波羅蜜多心經還源述		1
	2747					挾註波羅蜜多心經		1
	2748					法華義記卷第三		1
	2749					法華經疏		1
	2750					法華經疏		1
	2751					法華經疏		1
	2752					法華問答		1
	2753					華嚴經章		1
	2754					華嚴略疏卷第三		1
	2755					華嚴經疏		1
	2756					華嚴經義記卷第一	後魏 慧光撰	1
	2757					華嚴經疏卷第三	新羅 元曉撰	1
	2758					十地義記卷第一		1
	2759					無量壽經義記卷下		1
	2760					無量壽觀經義記		1
	2761					勝鬘經記		1
	2762					勝鬘經疏	昭法師撰	1
	2763					挾注勝鬘經		1
	2764A					涅槃經義記		1
	2764B					大涅槃經義記卷第四		1
	2765					涅槃經疏		1
	2766					藥師經疏		1
	2767					藥師經疏		1
	2768					維摩義記		1
	2769					維摩經義記卷第四		1
	2770					維摩經疏		1
	2771					維摩經疏		1
	2772					維摩經疏卷第三．第六		2
	2773					維摩經抄		1
	2774					維摩經疏		1
	2775					維摩疏釋前小序抄		1
	2776					釋肇序	唐 體請記	1
	2777					淨名經集解關中疏	唐 道掖撰	2
	2778					淨名經關中釋抄	唐 道掖撰	2
	2779					佛說楞伽經禪門悉談章		1
	2780					溫室經疏	唐 慧淨撰	1
	2781					盂蘭盆經讚述	唐 慧淨撰	1
	2782					大乘稻[卄/干]經隨聽疏	唐 法成撰	1
	2783					大乘稻[卄/干]經隨聽疏決		1
	2784					大乘四法經釋抄		1
	2785					大乘四法經論廣釋開決記		1
	2786					天請問經疏		1
	2787					四分戒本疏卷第一．第二．第三		3
	2788					律戒本疏		1
	2789					律戒本疏		1
	2790					律雜抄		1
	2791					宗四分比丘隨門要略行儀		1
	2792					毘尼心		1
	2793					三部律抄		1
	2794					律抄		1
	2795					四部律并論要用抄		2
	2796					律抄第三卷手決		1
	2797					梵網經述記卷第一		1
	2798					本業瓔珞經疏		1
	2799					十地論義疏卷第一．第三	北周 法上撰	2
	2800					廣百論疏卷第一	唐 文軌撰	1
	2801					瑜伽師地論分門記	唐 法成撰．智慧山記	6
	2802					瑜伽論手記	唐 法成述．福慧記	4
	2803					地持義記卷第四		1
	2804					唯識三十論要釋		1
	2805					攝大乘講疏卷第五．第七		2
	2806					攝大乘論抄		1
	2807					攝大乘論章卷第一		1
	2808					攝論章卷第一		1
	2809					攝大乘義章卷第四		1
	2810					大乘百法明門論開宗義記	唐 曇曠撰	1
	2811					大乘百法明門論開宗義記序釋		1
	2812					大乘百法明門論開宗義決	唐 曇曠撰	1
	2813					大乘起信論略述	唐 曇曠撰	2
	2814					大乘起信論廣釋卷第三．四．五	唐 曇曠撰	3
	2815					起信論註		1
	2816					因緣心釋論開決記		1
	2817					大乘經纂要義		1
	2818					大乘二十二問本		1
	2819					諸經要抄		1
	2820					菩薩藏修道眾經抄卷第十二		1
	2821					諸經要略文		1
	2822					大乘要語		1
	2823					大乘入道次第開決	唐 曇曠撰	1
	2824					天台分門圖		1
	2825					真言要決卷第一．第三		2
	2826					略諸經論念佛法門往生淨土集卷上	唐 慧日撰	1
	2827					淨土五會念佛誦經觀行儀卷中．下	唐 法照撰	2
	2828					大乘淨土讚		1
	2829					持齋念佛懺悔禮文		1
	2830A					道安法師念佛讚		1
	2830B					道安法師念佛讚文		1
	2831					無心論		1
	2832					南天竺國菩提達摩禪師觀門		1
	2833					觀心論		1
	2834					大乘無生方便門		1
	2835					大乘開心顯性頓悟真宗論	唐 慧光釋	1
	2836					大乘北宗論		1
	2837					楞伽師資記	唐 淨覺集	1
	2838					傳法寶紀	唐 杜朏撰	1
	2839					讚禪門詩		1
	2840					三界圖		1
	2841					大佛略懺		1
	2842					印沙佛文		1
	2843					大悲啟請		1
	2844					文殊師利菩薩無相十禮		1
	2845					押座文類		1
	2846					祈願文		1
	2847					祈願文		1
	2848					迴向文		1
	2849					大乘四齋日		1
	2850					地藏菩薩十齋日		1
	2851					和菩薩戒文		1
	2852					入布薩堂說偈文等		1
	2853					布薩文等		1
	2854					禮懺文		1
	2855					禮懺文		1
	2856					禮懺文		1
	2857					索法號義[(工*刀)/言]諷誦文		1
	2858					大目乾連冥間救母變文并圖		1
	2859					惠遠外傳		1
	2860					府君存惠傳		1
	2861					泉州千佛新著諸祖師頌		1
	2862					大蕃沙洲釋門教法和尚洪[(工*刀)/言]修功德記		1
	2863					王梵志詩集		1
	2864					進旨		1
	2865					護身命經		1
	2866					護身命經		1
	2867					慈仁問八十種好經		1
	2868					決罪福經		2
	2869					妙好寶車經		1
	2872					妙法蓮華經廣量天地品第二十九		1
	2873					首羅比丘經		1
	2874					小法滅盡經		1
	2875					大方廣華嚴十惡品經		1
	2876					天公經		1
	2878					救疾經		1
	2879					普賢菩薩說證明經		1
	2880					究竟大悲經卷第二．三．四		3
	2882					咒魅經		1
	2883					法王經		1
	2884					大威儀請問		1
	2885					佛性海藏智慧解脫破心相經		2
	2886					佛為心王菩薩說投陀經卷上		1
	2888					延壽命經		1
	2890					如來成道經		1
	2891					山海慧菩薩經		1
	2892					現報當受經		1
	2893					大辯邪正經		1
	2894					三廚經		1
	2895					要行捨身經		1
	2896					示所犯者瑜伽法鏡經		1
	2899					妙法蓮華經馬明菩薩品第三十		1
	2900					齋法清淨經		1
	2901					法句經		1
	2902					法句經疏		1
	2903					無量大慈教經		1
	2904					七千佛神符經		1
	2905					現在十方千五百佛名並雜佛同號		1
	2906					三萬佛同根本神祕之印並法龍種上尊王佛法		1
	2907					普賢菩薩行願王經		1
	2908					大方廣佛華嚴經普賢菩薩行願王品		1
	2909					地藏菩薩經		1
	2910					金有陀羅尼經		1
	2911					讚僧功德經		1
	2912					無常三啟經		1
	2913					七女觀經		1
	2914					觀經		1
	2915					救諸眾生一切苦難經		1
	2916					勸善經		1
	2917A					新菩薩經		1
	2917B					新菩薩經		1
	2918					釋家觀化還愚經		1
	2919					佛母經		1
	2920					僧伽和尚欲入涅槃說六度經		1
						出家功德因緣經		1
						天聖釋教總錄	宋 惟淨編	2
						上生經會古通今新鈔	唐 詮明集	2
						上生經隨疏新鈔科文	佚名	1
						楞嚴經通義纂要		
						法華經注		
						碧崖集		
						四家大師全集		
						憨山老人夢遊全集	明 德清撰	5
						闢邪集	明 鍾始聲著	1
						牧牛圖頌	明 普明原集、性音續集	1
						四家評論		
						曹溪一滴附夢語摘要	明 周理編	1
						大巍禪師竹室集	明 淨倫撰、周理輯	1
						浮山法句	明 本智撰	1
						徹庸和尚谷響集附淨土偈	明 徹庸撰、洪如錄	2
						大溈密印寺養拙明禪師語錄(附大溈四記)	清 正明說、智海編	1
						天童弘覺忞禪師北遊記	清 道忞說、真樸編	6
						布水臺集	清 道忞撰	32
						雪關禪師語錄	明 智誾說、傳善輯	6
						天王水鑑海和尚五會錄	清 慧海說、原澂等編	6
						天王水鑑海和尚住金粟語錄	清 慧海說、原澂等編	3
						玉泉蓮月正禪師語錄	清 道正說、發慧等編	2
						吹萬禪師語錄	明 廣真說、燈來重編	20
						慶忠鐵壁機禪師語錄	清 慧機說、幻敏重編	20
						高峯三山來禪師年譜	清 性統編	1
						怡山禮佛發願文略釋	清 書玉略釋	1
						大懺悔文異解	清 書玉略解	1
						牧雲和尚懶齋別集	明 通門撰	14
						牧雲和尚宗本投機頌	明 通門撰	1
						閱藏知津	明 智旭輯	44
						雲𣓉法彙	明 袾宏撰	
						神鼎雲外澤禪師語錄	清 行澤說、宏怤編	1
						虛舟省禪師語錄	清 行省說、超直編	4
						艸峯憲禪師語錄	清 憲說、智質等編	10
						國清大庾韜禪師語錄	清 行韜說、顯裕等錄	1
						天界覺浪盛禪師全錄	明 道盛說、大成等校	33
						天界覺浪盛禪師嘉禾語錄	明 道盛說、大樞等錄	1
						靈瑞禪師喦華集	清 符說、振徵等記	5
						佛語御禪師語錄	清 徹御說、法秀等編	1
						古林如禪師語錄	清 機如說、全威等錄	4
						錦屏破石卓禪師雜著	明 悟卓說、超常記	1
						大悲妙雲禪師語錄	清 真雄說、機德等編	6
						高峯三山來禪師統語	清 燈來撰、性統編	3
						空谷道澄禪師語錄	清 道澄說、德儒編	20
						大傅乾禪師語錄	清 乾說、超宗等錄	5
						盤山朗空順禪師語錄	清 順說、寶性錄	1
						盤山了宗禪師語錄	清 超見說、徹凡等錄	4
						逕庭宗禪師語錄	清 德宗說、行謙等編	2
						別牧純禪師語錄	清 純說、福月等編	1
						天翼翔禪師語錄	清 巨翔說、寂乾錄	2
						雲山源居申禪師語錄	清 申說、合喆等編	8
						昭覺竹峯續禪師語錄	清 真續說、寶悟等編	6
						一貫別傳	清 廣真著	5
						古音王傳	清 廣真著	1
						竺峯敏禪師語錄	清 幻敏說、性鉅等編	8
						野雲映禪師宗統頌	清 燈映頌	1
						普門顯禪師語錄	清 燈顯說、性胤錄	2
						鑑堂一禪師語錄	清 一說、明滿等錄	1
						翠崖必禪師語錄	清 必說、道通錄	3
						斗南暐禪師語錄	清 暐說、普潤等錄	2
						博山粟如禪師語錄	清 弘瀚說、傅鵬編	6
						天寧法舟濟禪師剩語	明 道濟撰、如淵等編	1
						萬峯和尚語錄	明 時蔚說、普壽編	1
						磐山牧亭樸夫拙禪師語錄	清 拙說、光模等編	6
						雨山和尚語錄	清 上思說	20
						天然居士懷淨土詩	清 朱道則撰、明康錄	1
						鶴山禪師執帚集	清 ？撰、德敷編	2
					(機)	大清三藏聖教目錄		5
						新刋即行目錄		5
	1784-in					金光明經玄義拾遺記會本	隋 智顗說　唐 灌頂錄　宋 知禮述　明 明得會	6
						觀音經玄義記會本	隋 智顗說　宋 知禮述	4
						觀音經義疏記會本	隋 智顗說　宋 知禮述	4
						百法明門論論義	明 德清述	1
						成唯識論音響補遺科	清 智素科	2
						金剛經口訣	唐 慧能說	1
						宗門尊祖議	宋 志磐述	1
						保寧仁勇禪師語錄	(參學門人) 道務．圓淨 錄	1
						續燈正統目錄	清 性統著	1
						續燈存稿目錄		1
						莊嚴經		2
						傳法記		
						結集正教住持遺法儀	尊者羅㬋羅記　唐 道宣譯	6
						仁王般若儀軌	尊者羅㬋羅記　唐 道宣譯	1
						華嚴金師子章	唐 法藏著	1
						華嚴法界觀通玄記	宋 本嵩著	3
						妙法蓮華經標略	明 廣莫著	7
						觀所緣緣論集解	明 真界著	1
						三支比量	元 道安著	1
						釋門玄鑰	元 德舉著	2
						清涼通傳	明 鎮澄重集	10
						天地冥陽水陸儀文	梁 寶唱等著	3
						大法城池	佚名	1
						出世綱宗	明 嘉上人著	1
						慈心功德錄	宋 陳竤願著	3
						因果錄	明 李贄著	3
						華亭朱涇船子和尚機綠	元 法忍集	1
						天池玉芝和尚內集	明 祖覺集	2
						月心和尚笑巖集	明 寶說、廣通錄	2
						雪竇顯和尚頌古	宋 重顯頌古、遠塵集	1
						冥樞會要	宋 祖心集	4
						禪宗永嘉集	明 鎮澄注	2
						佛祖三經注解	宋 守遂注	1
						醍醐集	明 古音說	2
						師子林天如和尚剩語集	元 惟則說、善遇編	2
						師子林天如和尚別錄	元 惟則說、善遇編	5
						大藏要略	明 景隆述	10
						空谷集	明 ？著、文琛等編	30
						玉泉老人三教正眼評道篇	明 ？著、如性等編	1
						尚直尚理編	明 景隆述	2
						徑山集	明 宗淨集	3
						曹溪通志		1
						禪宗或問	明 圓澄撰	1
						金鈴辯惑	明 鎮澄撰	1
						正訛集	明 袾宏著	1
						擬寒山詩	宋 懷深著	1
						筠溪牧潛集	元 圓至著	3
						全室外集	明 宗泐著	9
						冬溪內外集	明 方澤著	4
						神𣓉安養賦	宋 延壽著	1
						蒙極和尚勉真參一百偈	明 孠守等編	1
						蒙極和尚樂邦寄信一百八偈	明 孠守等編	1
						淨土偈	明 德寶撰	1
						戒殺放生文	明 袾宏撰	1
						齋經	吳 支謙譯	1
						修大方廣佛華嚴法界觀門	唐 杜順著	1
						西齋淨土詩	明 梵琦著	3
						方便語	明 德清著	1
						通翼		
						廣養濟院說		
						大明釋教彙目義門	明 寂曉著	45
						一字頂輪王瑜伽經	唐 不空譯	1
						七俱胝佛母准提大明陀羅尼經	中天竺摩竭陀國那闌陀寺三藏多羅句鉢多譯	1
						華嚴經疏科文	唐 澄觀述　宋 淨源重刊	20
						大乘本生心地觀經淺註科文	清 來舟述	1
						大乘本生心地觀經淺註	清 來舟述	8
						仁王經疏會本	隋 智顗說　灌頂記　清 成蓮合	1
				1664	(寵-極)	法華經授手（卷首）	清 智祥集	10
				1664	(寵-極)	法華經授手科	清 智祥排	10
						科南本涅槃經	元 師正排科　可度重訂	36
						涅槃經會疏解	元 師正分科　明 圓澄會疏	36
						半月誦菩薩戒儀式註	明 弘贊注	1