2-0001	0001-001天01	31	天01	大般若波羅蜜多經六百卷（001）	唐玄奘譯	大乘經/般若部
2-0002	0001-002天02	37	天02	大般若波羅蜜多經六百卷（002）	唐玄奘譯	大乘經/般若部
2-0003	0001-003天03	34	天03	大般若波羅蜜多經六百卷（003）	唐玄奘譯	大乘經/般若部
2-0004	0001-004天04	35	天04	大般若波羅蜜多經六百卷（004）	唐玄奘譯	大乘經/般若部
2-0005	0001-005天05	33	天05	大般若波羅蜜多經六百卷（005）	唐玄奘譯	大乘經/般若部
2-0006	0001-006天06	21	天06	大般若波羅蜜多經六百卷（006）	唐玄奘譯	大乘經/般若部
2-0007	0001-007天07	21	天07	大般若波羅蜜多經六百卷（007）	唐玄奘譯	大乘經/般若部
2-0008	0001-008天08	34	天08	大般若波羅蜜多經六百卷（008）	唐玄奘譯	大乘經/般若部
2-0009	0001-009天09	0	天09	大般若波羅蜜多經六百卷（009）	唐玄奘譯	大乘經/般若部
2-0010	0001-010天10	34	天10	大般若波羅蜜多經六百卷（010）	唐玄奘譯	大乘經/般若部
2-0011	0001-011地01	37	地01	大般若波羅蜜多經六百卷（011）	唐玄奘譯	大乘經/般若部
2-0012	0001-012地02	34	地02	大般若波羅蜜多經六百卷（012）	唐玄奘譯	大乘經/般若部
2-0013	0001-013地03	34	地03	大般若波羅蜜多經六百卷（013）	唐玄奘譯	大乘經/般若部
2-0014	0001-014地04	34	地04	大般若波羅蜜多經六百卷（014）	唐玄奘譯	大乘經/般若部
2-0015	0001-015地05	34	地05	大般若波羅蜜多經六百卷（015）	唐玄奘譯	大乘經/般若部
2-0016	0001-016地06	34	地06	大般若波羅蜜多經六百卷（016）	唐玄奘譯	大乘經/般若部
2-0017	0001-017地07	33	地07	大般若波羅蜜多經六百卷（017）	唐玄奘譯	大乘經/般若部
2-0018	0001-018地08	37	地08	大般若波羅蜜多經六百卷（018）	唐玄奘譯	大乘經/般若部
2-0019	0001-019地09	34	地09	大般若波羅蜜多經六百卷（019）	唐玄奘譯	大乘經/般若部
2-0020	0001-020地10	39	地10	大般若波羅蜜多經六百卷（020）	唐玄奘譯	大乘經/般若部
2-0021	0001-021玄01	38	玄01	大般若波羅蜜多經六百卷（021）	唐玄奘譯	大乘經/般若部
2-0022	0001-022玄02	38	玄02	大般若波羅蜜多經六百卷（022）	唐玄奘譯	大乘經/般若部
2-0023	0001-023玄03	31	玄03	大般若波羅蜜多經六百卷（023）	唐玄奘譯	大乘經/般若部
2-0024	0001-024玄04	33	玄04	大般若波羅蜜多經六百卷（024）	唐玄奘譯	大乘經/般若部
2-0025	0001-025玄05	33	玄05	大般若波羅蜜多經六百卷（025）	唐玄奘譯	大乘經/般若部
2-0026	0001-026玄06	33	玄06	大般若波羅蜜多經六百卷（026）	唐玄奘譯	大乘經/般若部
2-0027	0001-027玄07	0	玄07	大般若波羅蜜多經六百卷（027）	唐玄奘譯	大乘經/般若部
2-0028	0001-028玄08	35	玄08	大般若波羅蜜多經六百卷（028）	唐玄奘譯	大乘經/般若部
2-0029	0001-029玄09	34	玄09	大般若波羅蜜多經六百卷（029）	唐玄奘譯	大乘經/般若部
2-0030	0001-030玄10	34	玄10	大般若波羅蜜多經六百卷（030）	唐玄奘譯	大乘經/般若部
2-0031	0001-031黃01	0	黃01	大般若波羅蜜多經六百卷（031）	唐玄奘譯	大乘經/般若部
2-0032	0001-032黃02	36	黃02	大般若波羅蜜多經六百卷（032）	唐玄奘譯	大乘經/般若部
2-0033	0001-033黃03	33	黃03	大般若波羅蜜多經六百卷（033）	唐玄奘譯	大乘經/般若部
2-0034	0001-034黃04	34	黃04	大般若波羅蜜多經六百卷（034）	唐玄奘譯	大乘經/般若部
2-0035	0001-035黃05	34	黃05	大般若波羅蜜多經六百卷（035）	唐玄奘譯	大乘經/般若部
2-0036	0001-036黃06	36	黃06	大般若波羅蜜多經六百卷（036）	唐玄奘譯	大乘經/般若部
2-0037	0001-037黃07	38	黃07	大般若波羅蜜多經六百卷（037）	唐玄奘譯	大乘經/般若部
2-0038	0001-038黃08	39	黃08	大般若波羅蜜多經六百卷（038）	唐玄奘譯	大乘經/般若部
2-0039	0001-039黃09	36	黃09	大般若波羅蜜多經六百卷（039）	唐玄奘譯	大乘經/般若部
2-0040	0001-040黃10	33	黃10	大般若波羅蜜多經六百卷（040）	唐玄奘譯	大乘經/般若部
2-0041	0001-041宇01	42	宇01	大般若波羅蜜多經六百卷（041）	唐玄奘譯	大乘經/般若部
2-0042	0001-042宇02	0	宇02	大般若波羅蜜多經六百卷（042）	唐玄奘譯	大乘經/般若部
2-0043	0001-043宇03	34	宇03	大般若波羅蜜多經六百卷（043）	唐玄奘譯	大乘經/般若部
2-0044	0001-044宇04	0	宇04	大般若波羅蜜多經六百卷（044）	唐玄奘譯	大乘經/般若部
2-0045	0001-045宇05	37	宇05	大般若波羅蜜多經六百卷（045）	唐玄奘譯	大乘經/般若部
2-0046	0001-046宇06	0	宇06	大般若波羅蜜多經六百卷（046）	唐玄奘譯	大乘經/般若部
2-0047	0001-047宇07	34	宇07	大般若波羅蜜多經六百卷（047）	唐玄奘譯	大乘經/般若部
2-0048	0001-048宇08	0	宇08	大般若波羅蜜多經六百卷（048）	唐玄奘譯	大乘經/般若部
2-0049	0001-049宇09	0	宇09	大般若波羅蜜多經六百卷（049）	唐玄奘譯	大乘經/般若部
2-0050	0001-050宇10	0	宇10	大般若波羅蜜多經六百卷（050）	唐玄奘譯	大乘經/般若部
2-0051	0001-051宙01	33	宙01	大般若波羅蜜多經六百卷（051）	唐玄奘譯	大乘經/般若部
2-0052	0001-052宙02	37	宙02	大般若波羅蜜多經六百卷（052）	唐玄奘譯	大乘經/般若部
2-0053	0001-053宙03	36	宙03	大般若波羅蜜多經六百卷（053）	唐玄奘譯	大乘經/般若部
2-0054	0001-054宙04	35	宙04	大般若波羅蜜多經六百卷（054）	唐玄奘譯	大乘經/般若部
2-0055	0001-055宙05	37	宙05	大般若波羅蜜多經六百卷（055）	唐玄奘譯	大乘經/般若部
2-0056	0001-056宙06	35	宙06	大般若波羅蜜多經六百卷（056）	唐玄奘譯	大乘經/般若部
2-0057	0001-057宙07	34	宙07	大般若波羅蜜多經六百卷（057）	唐玄奘譯	大乘經/般若部
2-0058	0001-058宙08	32	宙08	大般若波羅蜜多經六百卷（058）	唐玄奘譯	大乘經/般若部
2-0059	0001-059宙09	33	宙09	大般若波羅蜜多經六百卷（059）	唐玄奘譯	大乘經/般若部
2-0060	0001-060宙10	35	宙10	大般若波羅蜜多經六百卷（060）	唐玄奘譯	大乘經/般若部
2-0061	0001-061洪01	36	洪01	大般若波羅蜜多經六百卷（061）	唐玄奘譯	大乘經/般若部
2-0062	0001-062洪02	32	洪02	大般若波羅蜜多經六百卷（062）	唐玄奘譯	大乘經/般若部
2-0063	0001-063洪03	33	洪03	大般若波羅蜜多經六百卷（063）	唐玄奘譯	大乘經/般若部
2-0064	0001-064洪04	33	洪04	大般若波羅蜜多經六百卷（064）	唐玄奘譯	大乘經/般若部
2-0065	0001-065洪05	37	洪05	大般若波羅蜜多經六百卷（065）	唐玄奘譯	大乘經/般若部
2-0066	0001-066洪06	34	洪06	大般若波羅蜜多經六百卷（066）	唐玄奘譯	大乘經/般若部
2-0067	0001-067洪07	0	洪07	大般若波羅蜜多經六百卷（067）	唐玄奘譯	大乘經/般若部
2-0068	0001-068洪08	33	洪08	大般若波羅蜜多經六百卷（068）	唐玄奘譯	大乘經/般若部
2-0069	0001-069洪09	34	洪09	大般若波羅蜜多經六百卷（069）	唐玄奘譯	大乘經/般若部
2-0070	0001-070洪10	0	洪10	大般若波羅蜜多經六百卷（070）	唐玄奘譯	大乘經/般若部
2-0071	0001-071荒01	37	荒01	大般若波羅蜜多經六百卷（071）	唐玄奘譯	大乘經/般若部
2-0072	0001-072荒02	30	荒02	大般若波羅蜜多經六百卷（072）	唐玄奘譯	大乘經/般若部
2-0073	0001-073荒03	0	荒03	大般若波羅蜜多經六百卷（073）	唐玄奘譯	大乘經/般若部
2-0074	0001-074荒04	35	荒04	大般若波羅蜜多經六百卷（074）	唐玄奘譯	大乘經/般若部
2-0075	0001-075荒05	32	荒05	大般若波羅蜜多經六百卷（075）	唐玄奘譯	大乘經/般若部
2-0076	0001-076荒06	28	荒06	大般若波羅蜜多經六百卷（076）	唐玄奘譯	大乘經/般若部
2-0077	0001-077荒07	0	荒07	大般若波羅蜜多經六百卷（077）	唐玄奘譯	大乘經/般若部
2-0078	0001-078荒08	32	荒08	大般若波羅蜜多經六百卷（078）	唐玄奘譯	大乘經/般若部
2-0079	0001-079荒09	33	荒09	大般若波羅蜜多經六百卷（079）	唐玄奘譯	大乘經/般若部
2-0080	0001-080荒10	34	荒10	大般若波羅蜜多經六百卷（080）	唐玄奘譯	大乘經/般若部
2-0081	0001-081日01	35	日01	大般若波羅蜜多經六百卷（081）	唐玄奘譯	大乘經/般若部
2-0082	0001-082日02	0	日02	大般若波羅蜜多經六百卷（082）	唐玄奘譯	大乘經/般若部
2-0083	0001-083日03	0	日03	大般若波羅蜜多經六百卷（083）	唐玄奘譯	大乘經/般若部
2-0084	0001-084日04	0	日04	大般若波羅蜜多經六百卷（084）	唐玄奘譯	大乘經/般若部
2-0085	0001-085日05	32	日05	大般若波羅蜜多經六百卷（085）	唐玄奘譯	大乘經/般若部
2-0086	0001-086日06	33	日06	大般若波羅蜜多經六百卷（086）	唐玄奘譯	大乘經/般若部
2-0087	0001-087日07	0	日07	大般若波羅蜜多經六百卷（087）	唐玄奘譯	大乘經/般若部
2-0088	0001-088日08	32	日08	大般若波羅蜜多經六百卷（088）	唐玄奘譯	大乘經/般若部
2-0089	0001-089日09	34	日09	大般若波羅蜜多經六百卷（089）	唐玄奘譯	大乘經/般若部
2-0090	0001-090日10	33	日10	大般若波羅蜜多經六百卷（090）	唐玄奘譯	大乘經/般若部
2-0091	0001-091月01	37	月01	大般若波羅蜜多經六百卷（091）	唐玄奘譯	大乘經/般若部
2-0092	0001-092月02	33	月02	大般若波羅蜜多經六百卷（092）	唐玄奘譯	大乘經/般若部
2-0093	0001-093月03	32	月03	大般若波羅蜜多經六百卷（093）	唐玄奘譯	大乘經/般若部
2-0094	0001-094月04	32	月04	大般若波羅蜜多經六百卷（094）	唐玄奘譯	大乘經/般若部
2-0095	0001-095月05	31	月05	大般若波羅蜜多經六百卷（095）	唐玄奘譯	大乘經/般若部
2-0096	0001-096月06	32	月06	大般若波羅蜜多經六百卷（096）	唐玄奘譯	大乘經/般若部
2-0097	0001-097月07	33	月07	大般若波羅蜜多經六百卷（097）	唐玄奘譯	大乘經/般若部
2-0098	0001-098月08	33	月08	大般若波羅蜜多經六百卷（098）	唐玄奘譯	大乘經/般若部
2-0099	0001-099月09	35	月09	大般若波羅蜜多經六百卷（099）	唐玄奘譯	大乘經/般若部
2-0100	0001-100月10	0	月10	大般若波羅蜜多經六百卷（100）	唐玄奘譯	大乘經/般若部
2-0101	0001-101盈01	33	盈01	大般若波羅蜜多經六百卷（101）	唐玄奘譯	大乘經/般若部
2-0102	0001-102盈02	32	盈02	大般若波羅蜜多經六百卷（102）	唐玄奘譯	大乘經/般若部
2-0103	0001-103盈03	31	盈03	大般若波羅蜜多經六百卷（103）	唐玄奘譯	大乘經/般若部
2-0104	0001-104盈04	31	盈04	大般若波羅蜜多經六百卷（104）	唐玄奘譯	大乘經/般若部
2-0105	0001-105盈05	32	盈05	大般若波羅蜜多經六百卷（105）	唐玄奘譯	大乘經/般若部
2-0106	0001-106盈06	32	盈06	大般若波羅蜜多經六百卷（106）	唐玄奘譯	大乘經/般若部
2-0107	0001-107盈07	32	盈07	大般若波羅蜜多經六百卷（107）	唐玄奘譯	大乘經/般若部
2-0108	0001-108盈08	31	盈08	大般若波羅蜜多經六百卷（108）	唐玄奘譯	大乘經/般若部
2-0109	0001-109盈09	31	盈09	大般若波羅蜜多經六百卷（109）	唐玄奘譯	大乘經/般若部
2-0110	0001-110盈10	35	盈10	大般若波羅蜜多經六百卷（110）	唐玄奘譯	大乘經/般若部
2-0111	0001-111昃01	34	昃01	大般若波羅蜜多經六百卷（111）	唐玄奘譯	大乘經/般若部
2-0112	0001-112昃02	0	昃02	大般若波羅蜜多經六百卷（112）	唐玄奘譯	大乘經/般若部
2-0113	0001-113昃03	31	昃03	大般若波羅蜜多經六百卷（113）	唐玄奘譯	大乘經/般若部
2-0114	0001-114昃04	0	昃04	大般若波羅蜜多經六百卷（114）	唐玄奘譯	大乘經/般若部
2-0115	0001-115昃05	32	昃05	大般若波羅蜜多經六百卷（115）	唐玄奘譯	大乘經/般若部
2-0116	0001-116昃06	0	昃06	大般若波羅蜜多經六百卷（116）	唐玄奘譯	大乘經/般若部
2-0117	0001-117昃07	32	昃07	大般若波羅蜜多經六百卷（117）	唐玄奘譯	大乘經/般若部
2-0118	0001-118昃08	0	昃08	大般若波羅蜜多經六百卷（118）	唐玄奘譯	大乘經/般若部
2-0119	0001-119昃09	0	昃09	大般若波羅蜜多經六百卷（119）	唐玄奘譯	大乘經/般若部
2-0120	0001-120昃10	34	昃10	大般若波羅蜜多經六百卷（120）	唐玄奘譯	大乘經/般若部
2-0121	0001-121辰01	35	辰01	大般若波羅蜜多經六百卷（121）	唐玄奘譯	大乘經/般若部
2-0122	0001-122辰02	33	辰02	大般若波羅蜜多經六百卷（122）	唐玄奘譯	大乘經/般若部
2-0123	0001-123辰03	34	辰03	大般若波羅蜜多經六百卷（123）	唐玄奘譯	大乘經/般若部
2-0124	0001-124辰04	0	辰04	大般若波羅蜜多經六百卷（124）	唐玄奘譯	大乘經/般若部
2-0125	0001-125辰05	33	辰05	大般若波羅蜜多經六百卷（125）	唐玄奘譯	大乘經/般若部
2-0126	0001-126辰06	0	辰06	大般若波羅蜜多經六百卷（126）	唐玄奘譯	大乘經/般若部
2-0127	0001-127辰07	34	辰07	大般若波羅蜜多經六百卷（127）	唐玄奘譯	大乘經/般若部
2-0128	0001-128辰08	0	辰08	大般若波羅蜜多經六百卷（128）	唐玄奘譯	大乘經/般若部
2-0129	0001-129辰09	31	辰09	大般若波羅蜜多經六百卷（129）	唐玄奘譯	大乘經/般若部
2-0130	0001-130辰10	32	辰10	大般若波羅蜜多經六百卷（130）	唐玄奘譯	大乘經/般若部
2-0131	0001-131宿01	32	宿01	大般若波羅蜜多經六百卷（131）	唐玄奘譯	大乘經/般若部
2-0132	0001-132宿02	33	宿02	大般若波羅蜜多經六百卷（132）	唐玄奘譯	大乘經/般若部
2-0133	0001-133宿03	28	宿03	大般若波羅蜜多經六百卷（133）	唐玄奘譯	大乘經/般若部
2-0134	0001-134宿04	31	宿04	大般若波羅蜜多經六百卷（134）	唐玄奘譯	大乘經/般若部
2-0135	0001-135宿05	30	宿05	大般若波羅蜜多經六百卷（135）	唐玄奘譯	大乘經/般若部
2-0136	0001-136宿06	31	宿06	大般若波羅蜜多經六百卷（136）	唐玄奘譯	大乘經/般若部
2-0137	0001-137宿07	31	宿07	大般若波羅蜜多經六百卷（137）	唐玄奘譯	大乘經/般若部
2-0138	0001-138宿08	30	宿08	大般若波羅蜜多經六百卷（138）	唐玄奘譯	大乘經/般若部
2-0139	0001-139宿09	30	宿09	大般若波羅蜜多經六百卷（139）	唐玄奘譯	大乘經/般若部
2-0140	0001-140宿10	31	宿10	大般若波羅蜜多經六百卷（140）	唐玄奘譯	大乘經/般若部
2-0141	0001-141列01	32	列01	大般若波羅蜜多經六百卷（141）	唐玄奘譯	大乘經/般若部
2-0142	0001-142列02	33	列02	大般若波羅蜜多經六百卷（142）	唐玄奘譯	大乘經/般若部
2-0143	0001-143列03	32	列03	大般若波羅蜜多經六百卷（143）	唐玄奘譯	大乘經/般若部
2-0144	0001-144列04	31	列04	大般若波羅蜜多經六百卷（144）	唐玄奘譯	大乘經/般若部
2-0145	0001-145列05	32	列05	大般若波羅蜜多經六百卷（145）	唐玄奘譯	大乘經/般若部
2-0146	0001-146列06	30	列06	大般若波羅蜜多經六百卷（146）	唐玄奘譯	大乘經/般若部
2-0147	0001-147列07	31	列07	大般若波羅蜜多經六百卷（147）	唐玄奘譯	大乘經/般若部
2-0148	0001-148列08	33	列08	大般若波羅蜜多經六百卷（148）	唐玄奘譯	大乘經/般若部
2-0149	0001-149列09	30	列09	大般若波羅蜜多經六百卷（149）	唐玄奘譯	大乘經/般若部
2-0150	0001-150列10	33	列10	大般若波羅蜜多經六百卷（150）	唐玄奘譯	大乘經/般若部
2-0151	0001-151張01	34	張01	大般若波羅蜜多經六百卷（151）	唐玄奘譯	大乘經/般若部
2-0152	0001-152張02	33	張02	大般若波羅蜜多經六百卷（152）	唐玄奘譯	大乘經/般若部
2-0153	0001-153張03	32	張03	大般若波羅蜜多經六百卷（153）	唐玄奘譯	大乘經/般若部
2-0154	0001-154張04	28	張04	大般若波羅蜜多經六百卷（154）	唐玄奘譯	大乘經/般若部
2-0155	0001-155張05	29	張05	大般若波羅蜜多經六百卷（155）	唐玄奘譯	大乘經/般若部
2-0156	0001-156張06	31	張06	大般若波羅蜜多經六百卷（156）	唐玄奘譯	大乘經/般若部
2-0157	0001-157張07	31	張07	大般若波羅蜜多經六百卷（157）	唐玄奘譯	大乘經/般若部
2-0158	0001-158張08	30	張08	大般若波羅蜜多經六百卷（158）	唐玄奘譯	大乘經/般若部
2-0159	0001-159張09	0	張09	大般若波羅蜜多經六百卷（159）	唐玄奘譯	大乘經/般若部
2-0160	0001-160張10	28	張10	大般若波羅蜜多經六百卷（160）	唐玄奘譯	大乘經/般若部
2-0161	0001-161寒01	0	寒01	大般若波羅蜜多經六百卷（161）	唐玄奘譯	大乘經/般若部
2-0162	0001-162寒02	0	寒02	大般若波羅蜜多經六百卷（162）	唐玄奘譯	大乘經/般若部
2-0163	0001-163寒03	0	寒03	大般若波羅蜜多經六百卷（163）	唐玄奘譯	大乘經/般若部
2-0164	0001-164寒04	0	寒04	大般若波羅蜜多經六百卷（164）	唐玄奘譯	大乘經/般若部
2-0165	0001-165寒05	33	寒05	大般若波羅蜜多經六百卷（165）	唐玄奘譯	大乘經/般若部
2-0166	0001-166寒06	0	寒06	大般若波羅蜜多經六百卷（166）	唐玄奘譯	大乘經/般若部
2-0167	0001-167寒07	0	寒07	大般若波羅蜜多經六百卷（167）	唐玄奘譯	大乘經/般若部
2-0168	0001-168寒08	0	寒08	大般若波羅蜜多經六百卷（168）	唐玄奘譯	大乘經/般若部
2-0169	0001-169寒09	0	寒09	大般若波羅蜜多經六百卷（169）	唐玄奘譯	大乘經/般若部
2-0170	0001-170寒10	0	寒10	大般若波羅蜜多經六百卷（170）	唐玄奘譯	大乘經/般若部
2-0171	0001-171來01	34	來01	大般若波羅蜜多經六百卷（171）	唐玄奘譯	大乘經/般若部
2-0172	0001-172來02	32	來02	大般若波羅蜜多經六百卷（172）	唐玄奘譯	大乘經/般若部
2-0173	0001-173來03	32	來03	大般若波羅蜜多經六百卷（173）	唐玄奘譯	大乘經/般若部
2-0174	0001-174來04	32	來04	大般若波羅蜜多經六百卷（174）	唐玄奘譯	大乘經/般若部
2-0175	0001-175來05	0	來05	大般若波羅蜜多經六百卷（175）	唐玄奘譯	大乘經/般若部
2-0176	0001-176來06	32	來06	大般若波羅蜜多經六百卷（176）	唐玄奘譯	大乘經/般若部
2-0177	0001-177來07	35	來07	大般若波羅蜜多經六百卷（177）	唐玄奘譯	大乘經/般若部
2-0178	0001-178來08	34	來08	大般若波羅蜜多經六百卷（178）	唐玄奘譯	大乘經/般若部
2-0179	0001-179來09	37	來09	大般若波羅蜜多經六百卷（179）	唐玄奘譯	大乘經/般若部
2-0180	0001-180來10	35	來10	大般若波羅蜜多經六百卷（180）	唐玄奘譯	大乘經/般若部
2-0181	0001-181暑01	38	暑01	大般若波羅蜜多經六百卷（181）	唐玄奘譯	大乘經/般若部
2-0182	0001-182暑02	31	暑02	大般若波羅蜜多經六百卷（182）	唐玄奘譯	大乘經/般若部
2-0183	0001-183暑03	30	暑03	大般若波羅蜜多經六百卷（183）	唐玄奘譯	大乘經/般若部
2-0184	0001-184暑04	30	暑04	大般若波羅蜜多經六百卷（184）	唐玄奘譯	大乘經/般若部
2-0185	0001-185暑05	32	暑05	大般若波羅蜜多經六百卷（185）	唐玄奘譯	大乘經/般若部
2-0186	0001-186暑06	33	暑06	大般若波羅蜜多經六百卷（186）	唐玄奘譯	大乘經/般若部
2-0187	0001-187暑07	0	暑07	大般若波羅蜜多經六百卷（187）	唐玄奘譯	大乘經/般若部
2-0188	0001-188暑08	0	暑08	大般若波羅蜜多經六百卷（188）	唐玄奘譯	大乘經/般若部
2-0189	0001-189暑09	28	暑09	大般若波羅蜜多經六百卷（189）	唐玄奘譯	大乘經/般若部
2-0190	0001-190暑10	31	暑10	大般若波羅蜜多經六百卷（190）	唐玄奘譯	大乘經/般若部
2-0191	0001-191往01	31	往01	大般若波羅蜜多經六百卷（191）	唐玄奘譯	大乘經/般若部
2-0192	0001-192往02	31	往02	大般若波羅蜜多經六百卷（192）	唐玄奘譯	大乘經/般若部
2-0193	0001-193往03	0	往03	大般若波羅蜜多經六百卷（193）	唐玄奘譯	大乘經/般若部
2-0194	0001-194往04	32	往04	大般若波羅蜜多經六百卷（194）	唐玄奘譯	大乘經/般若部
2-0195	0001-195往05	33	往05	大般若波羅蜜多經六百卷（195）	唐玄奘譯	大乘經/般若部
2-0196	0001-196往06	35	往06	大般若波羅蜜多經六百卷（196）	唐玄奘譯	大乘經/般若部
2-0197	0001-197往07	31	往07	大般若波羅蜜多經六百卷（197）	唐玄奘譯	大乘經/般若部
2-0198	0001-198往08	35	往08	大般若波羅蜜多經六百卷（198）	唐玄奘譯	大乘經/般若部
2-0199	0001-199往09	33	往09	大般若波羅蜜多經六百卷（199）	唐玄奘譯	大乘經/般若部
2-0200	0001-200往10	0	往10	大般若波羅蜜多經六百卷（200）	唐玄奘譯	大乘經/般若部
2-0201	0001-201秋01	34	秋01	大般若波羅蜜多經六百卷（201）	唐玄奘譯	大乘經/般若部
2-0202	0001-202秋02	30	秋02	大般若波羅蜜多經六百卷（202）	唐玄奘譯	大乘經/般若部
2-0203	0001-203秋03	32	秋03	大般若波羅蜜多經六百卷（203）	唐玄奘譯	大乘經/般若部
2-0204	0001-204秋04	30	秋04	大般若波羅蜜多經六百卷（204）	唐玄奘譯	大乘經/般若部
2-0205	0001-205秋05	33	秋05	大般若波羅蜜多經六百卷（205）	唐玄奘譯	大乘經/般若部
2-0206	0001-206秋06	33	秋06	大般若波羅蜜多經六百卷（206）	唐玄奘譯	大乘經/般若部
2-0207	0001-207秋07	34	秋07	大般若波羅蜜多經六百卷（207）	唐玄奘譯	大乘經/般若部
2-0208	0001-208秋08	33	秋08	大般若波羅蜜多經六百卷（208）	唐玄奘譯	大乘經/般若部
2-0209	0001-209秋09	33	秋09	大般若波羅蜜多經六百卷（209）	唐玄奘譯	大乘經/般若部
2-0210	0001-210秋10	34	秋10	大般若波羅蜜多經六百卷（210）	唐玄奘譯	大乘經/般若部
2-0211	0001-211收01	38	收01	大般若波羅蜜多經六百卷（211）	唐玄奘譯	大乘經/般若部
2-0212	0001-212收02	0	收02	大般若波羅蜜多經六百卷（212）	唐玄奘譯	大乘經/般若部
2-0213	0001-213收03	32	收03	大般若波羅蜜多經六百卷（213）	唐玄奘譯	大乘經/般若部
2-0214	0001-214收04	32	收04	大般若波羅蜜多經六百卷（214）	唐玄奘譯	大乘經/般若部
2-0215	0001-215收05	30	收05	大般若波羅蜜多經六百卷（215）	唐玄奘譯	大乘經/般若部
2-0216	0001-216收06	31	收06	大般若波羅蜜多經六百卷（216）	唐玄奘譯	大乘經/般若部
2-0217	0001-217收07	32	收07	大般若波羅蜜多經六百卷（217）	唐玄奘譯	大乘經/般若部
2-0218	0001-218收08	0	收08	大般若波羅蜜多經六百卷（218）	唐玄奘譯	大乘經/般若部
2-0219	0001-219收09	0	收09	大般若波羅蜜多經六百卷（219）	唐玄奘譯	大乘經/般若部
2-0220	0001-220收10	0	收10	大般若波羅蜜多經六百卷（220）	唐玄奘譯	大乘經/般若部
2-0221	0001-221冬01	0	冬01	大般若波羅蜜多經六百卷（221）	唐玄奘譯	大乘經/般若部
2-0222	0001-222冬02	31	冬02	大般若波羅蜜多經六百卷（222）	唐玄奘譯	大乘經/般若部
2-0223	0001-223冬03	30	冬03	大般若波羅蜜多經六百卷（223）	唐玄奘譯	大乘經/般若部
2-0224	0001-224冬04	31	冬04	大般若波羅蜜多經六百卷（224）	唐玄奘譯	大乘經/般若部
2-0225	0001-225冬05	37	冬05	大般若波羅蜜多經六百卷（225）	唐玄奘譯	大乘經/般若部
2-0226	0001-226冬06	31	冬06	大般若波羅蜜多經六百卷（226）	唐玄奘譯	大乘經/般若部
2-0227	0001-227冬07	33	冬07	大般若波羅蜜多經六百卷（227）	唐玄奘譯	大乘經/般若部
2-0228	0001-228冬08	32	冬08	大般若波羅蜜多經六百卷（228）	唐玄奘譯	大乘經/般若部
2-0229	0001-229冬09	35	冬09	大般若波羅蜜多經六百卷（229）	唐玄奘譯	大乘經/般若部
2-0230	0001-230冬10	31	冬10	大般若波羅蜜多經六百卷（230）	唐玄奘譯	大乘經/般若部
2-0231	0001-231藏01	34	藏01	大般若波羅蜜多經六百卷（231）	唐玄奘譯	大乘經/般若部
2-0232	0001-232藏02	32	藏02	大般若波羅蜜多經六百卷（232）	唐玄奘譯	大乘經/般若部
2-0233	0001-233藏03	36	藏03	大般若波羅蜜多經六百卷（233）	唐玄奘譯	大乘經/般若部
2-0234	0001-234藏04	32	藏04	大般若波羅蜜多經六百卷（234）	唐玄奘譯	大乘經/般若部
2-0235	0001-235藏05	31	藏05	大般若波羅蜜多經六百卷（235）	唐玄奘譯	大乘經/般若部
2-0236	0001-236藏06	33	藏06	大般若波羅蜜多經六百卷（236）	唐玄奘譯	大乘經/般若部
2-0237	0001-237藏07	34	藏07	大般若波羅蜜多經六百卷（237）	唐玄奘譯	大乘經/般若部
2-0238	0001-238藏08	33	藏08	大般若波羅蜜多經六百卷（238）	唐玄奘譯	大乘經/般若部
2-0239	0001-239藏09	34	藏09	大般若波羅蜜多經六百卷（239）	唐玄奘譯	大乘經/般若部
2-0240	0001-240藏10	0	藏10	大般若波羅蜜多經六百卷（240）	唐玄奘譯	大乘經/般若部
2-0241	0001-241閏01	0	閏01	大般若波羅蜜多經六百卷（241）	唐玄奘譯	大乘經/般若部
2-0242	0001-242閏02	31	閏02	大般若波羅蜜多經六百卷（242）	唐玄奘譯	大乘經/般若部
2-0243	0001-243閏03	32	閏03	大般若波羅蜜多經六百卷（243）	唐玄奘譯	大乘經/般若部
2-0244	0001-244閏04	35	閏04	大般若波羅蜜多經六百卷（244）	唐玄奘譯	大乘經/般若部
2-0245	0001-245閏05	33	閏05	大般若波羅蜜多經六百卷（245）	唐玄奘譯	大乘經/般若部
2-0246	0001-246閏06	30	閏06	大般若波羅蜜多經六百卷（246）	唐玄奘譯	大乘經/般若部
2-0247	0001-247閏07	32	閏07	大般若波羅蜜多經六百卷（247）	唐玄奘譯	大乘經/般若部
2-0248	0001-248閏08	30	閏08	大般若波羅蜜多經六百卷（248）	唐玄奘譯	大乘經/般若部
2-0249	0001-249閏09	32	閏09	大般若波羅蜜多經六百卷（249）	唐玄奘譯	大乘經/般若部
2-0250	0001-250閏10	33	閏10	大般若波羅蜜多經六百卷（250）	唐玄奘譯	大乘經/般若部
2-0251	0001-251餘01	38	餘01	大般若波羅蜜多經六百卷（251）	唐玄奘譯	大乘經/般若部
2-0252	0001-252餘02	34	餘02	大般若波羅蜜多經六百卷（252）	唐玄奘譯	大乘經/般若部
2-0253	0001-253餘03	32	餘03	大般若波羅蜜多經六百卷（253）	唐玄奘譯	大乘經/般若部
2-0254	0001-254餘04	33	餘04	大般若波羅蜜多經六百卷（254）	唐玄奘譯	大乘經/般若部
2-0255	0001-255餘05	32	餘05	大般若波羅蜜多經六百卷（255）	唐玄奘譯	大乘經/般若部
2-0256	0001-256餘06	30	餘06	大般若波羅蜜多經六百卷（256）	唐玄奘譯	大乘經/般若部
2-0257	0001-257餘07	31	餘07	大般若波羅蜜多經六百卷（257）	唐玄奘譯	大乘經/般若部
2-0258	0001-258餘08	32	餘08	大般若波羅蜜多經六百卷（258）	唐玄奘譯	大乘經/般若部
2-0259	0001-259餘09	32	餘09	大般若波羅蜜多經六百卷（259）	唐玄奘譯	大乘經/般若部
2-0260	0001-260餘10	34	餘10	大般若波羅蜜多經六百卷（260）	唐玄奘譯	大乘經/般若部
2-0261	0001-261成01	34	成01	大般若波羅蜜多經六百卷（261）	唐玄奘譯	大乘經/般若部
2-0262	0001-262成02	0	成02	大般若波羅蜜多經六百卷（262）	唐玄奘譯	大乘經/般若部
2-0263	0001-263成03	33	成03	大般若波羅蜜多經六百卷（263）	唐玄奘譯	大乘經/般若部
2-0264	0001-264成04	0	成04	大般若波羅蜜多經六百卷（264）	唐玄奘譯	大乘經/般若部
2-0265	0001-265成05	0	成05	大般若波羅蜜多經六百卷（265）	唐玄奘譯	大乘經/般若部
2-0266	0001-266成06	35	成06	大般若波羅蜜多經六百卷（266）	唐玄奘譯	大乘經/般若部
2-0267	0001-267成07	31	成07	大般若波羅蜜多經六百卷（267）	唐玄奘譯	大乘經/般若部
2-0268	0001-268成08	32	成08	大般若波羅蜜多經六百卷（268）	唐玄奘譯	大乘經/般若部
2-0269	0001-269成09	0	成09	大般若波羅蜜多經六百卷（269）	唐玄奘譯	大乘經/般若部
2-0270	0001-270成10	33	成10	大般若波羅蜜多經六百卷（270）	唐玄奘譯	大乘經/般若部
2-0271	0001-271歲01	0	歲01	大般若波羅蜜多經六百卷（271）	唐玄奘譯	大乘經/般若部
2-0272	0001-272歲02	31	歲02	大般若波羅蜜多經六百卷（272）	唐玄奘譯	大乘經/般若部
2-0273	0001-273歲03	32	歲03	大般若波羅蜜多經六百卷（273）	唐玄奘譯	大乘經/般若部
2-0274	0001-274歲04	32	歲04	大般若波羅蜜多經六百卷（274）	唐玄奘譯	大乘經/般若部
2-0275	0001-275歲05	32	歲05	大般若波羅蜜多經六百卷（275）	唐玄奘譯	大乘經/般若部
2-0276	0001-276歲06	31	歲06	大般若波羅蜜多經六百卷（276）	唐玄奘譯	大乘經/般若部
2-0277	0001-277歲07	35	歲07	大般若波羅蜜多經六百卷（277）	唐玄奘譯	大乘經/般若部
2-0278	0001-278歲08	32	歲08	大般若波羅蜜多經六百卷（278）	唐玄奘譯	大乘經/般若部
2-0279	0001-279歲09	29	歲09	大般若波羅蜜多經六百卷（279）	唐玄奘譯	大乘經/般若部
2-0280	0001-280歲10	0	歲10	大般若波羅蜜多經六百卷（280）	唐玄奘譯	大乘經/般若部
2-0281	0001-281律01	38	律01	大般若波羅蜜多經六百卷（281）	唐玄奘譯	大乘經/般若部
2-0282	0001-282律02	36	律02	大般若波羅蜜多經六百卷（282）	唐玄奘譯	大乘經/般若部
2-0283	0001-283律03	37	律03	大般若波羅蜜多經六百卷（283）	唐玄奘譯	大乘經/般若部
2-0284	0001-284律04	35	律04	大般若波羅蜜多經六百卷（284）	唐玄奘譯	大乘經/般若部
2-0285	0001-285律05	31	律05	大般若波羅蜜多經六百卷（285）	唐玄奘譯	大乘經/般若部
2-0286	0001-286律06	31	律06	大般若波羅蜜多經六百卷（286）	唐玄奘譯	大乘經/般若部
2-0287	0001-287律07	31	律07	大般若波羅蜜多經六百卷（287）	唐玄奘譯	大乘經/般若部
2-0288	0001-288律08	31	律08	大般若波羅蜜多經六百卷（288）	唐玄奘譯	大乘經/般若部
2-0289	0001-289律09	29	律09	大般若波羅蜜多經六百卷（289）	唐玄奘譯	大乘經/般若部
2-0290	0001-290律10	29	律10	大般若波羅蜜多經六百卷（290）	唐玄奘譯	大乘經/般若部
2-0291	0001-291呂01	34	吕01	大般若波羅蜜多經六百卷（291）	唐玄奘譯	大乘經/般若部
2-0292	0001-292呂02	31	吕02	大般若波羅蜜多經六百卷（292）	唐玄奘譯	大乘經/般若部
2-0293	0001-293呂03	12	吕03	大般若波羅蜜多經六百卷（293）	唐玄奘譯	大乘經/般若部
2-0294	0001-294呂04	32	吕04	大般若波羅蜜多經六百卷（294）	唐玄奘譯	大乘經/般若部
2-0295	0001-295呂05	32	吕05	大般若波羅蜜多經六百卷（295）	唐玄奘譯	大乘經/般若部
2-0296	0001-296呂06	33	吕06	大般若波羅蜜多經六百卷（296）	唐玄奘譯	大乘經/般若部
2-0297	0001-297呂07	32	吕07	大般若波羅蜜多經六百卷（297）	唐玄奘譯	大乘經/般若部
2-0298	0001-298呂08	32	吕08	大般若波羅蜜多經六百卷（298）	唐玄奘譯	大乘經/般若部
2-0299	0001-299呂09	30	吕09	大般若波羅蜜多經六百卷（299）	唐玄奘譯	大乘經/般若部
2-0300	0001-300呂10	31	吕10	大般若波羅蜜多經六百卷（300）	唐玄奘譯	大乘經/般若部
2-0301	0001-301調01	0	調01	大般若波羅蜜多經六百卷（301）	唐玄奘譯	大乘經/般若部
2-0302	0001-302調02	35	調02	大般若波羅蜜多經六百卷（302）	唐玄奘譯	大乘經/般若部
2-0303	0001-303調03	38	調03	大般若波羅蜜多經六百卷（303）	唐玄奘譯	大乘經/般若部
2-0304	0001-304調04	32	調04	大般若波羅蜜多經六百卷（304）	唐玄奘譯	大乘經/般若部
2-0305	0001-305調05	31	調05	大般若波羅蜜多經六百卷（305）	唐玄奘譯	大乘經/般若部
2-0306	0001-306調06	34	調06	大般若波羅蜜多經六百卷（306）	唐玄奘譯	大乘經/般若部
2-0307	0001-307調07	35	調07	大般若波羅蜜多經六百卷（307）	唐玄奘譯	大乘經/般若部
2-0308	0001-308調08	0	調08	大般若波羅蜜多經六百卷（308）	唐玄奘譯	大乘經/般若部
2-0309	0001-309調09	32	調09	大般若波羅蜜多經六百卷（309）	唐玄奘譯	大乘經/般若部
2-0310	0001-310調10	34	調10	大般若波羅蜜多經六百卷（310）	唐玄奘譯	大乘經/般若部
2-0311	0001-311陽01	0	陽01	大般若波羅蜜多經六百卷（311）	唐玄奘譯	大乘經/般若部
2-0312	0001-312陽02	0	陽02	大般若波羅蜜多經六百卷（312）	唐玄奘譯	大乘經/般若部
2-0313	0001-313陽03	0	陽03	大般若波羅蜜多經六百卷（313）	唐玄奘譯	大乘經/般若部
2-0314	0001-314陽04	0	陽04	大般若波羅蜜多經六百卷（314）	唐玄奘譯	大乘經/般若部
2-0315	0001-315陽05	32	陽05	大般若波羅蜜多經六百卷（315）	唐玄奘譯	大乘經/般若部
2-0316	0001-316陽06	0	陽06	大般若波羅蜜多經六百卷（316）	唐玄奘譯	大乘經/般若部
2-0317	0001-317陽07	34	陽07	大般若波羅蜜多經六百卷（317）	唐玄奘譯	大乘經/般若部
2-0318	0001-318陽08	34	陽08	大般若波羅蜜多經六百卷（318）	唐玄奘譯	大乘經/般若部
2-0319	0001-319陽09	34	陽09	大般若波羅蜜多經六百卷（319）	唐玄奘譯	大乘經/般若部
2-0320	0001-320陽10	0	陽10	大般若波羅蜜多經六百卷（320）	唐玄奘譯	大乘經/般若部
2-0321	0001-321雲01	0	雲01	大般若波羅蜜多經六百卷（321）	唐玄奘譯	大乘經/般若部
2-0322	0001-322雲02	34	雲02	大般若波羅蜜多經六百卷（322）	唐玄奘譯	大乘經/般若部
2-0323	0001-323雲03	35	雲03	大般若波羅蜜多經六百卷（323）	唐玄奘譯	大乘經/般若部
2-0324	0001-324雲04	29	雲04	大般若波羅蜜多經六百卷（324）	唐玄奘譯	大乘經/般若部
2-0325	0001-325雲05	35	雲05	大般若波羅蜜多經六百卷（325）	唐玄奘譯	大乘經/般若部
2-0326	0001-326雲06	36	雲06	大般若波羅蜜多經六百卷（326）	唐玄奘譯	大乘經/般若部
2-0327	0001-327雲07	36	雲07	大般若波羅蜜多經六百卷（327）	唐玄奘譯	大乘經/般若部
2-0328	0001-328雲08	35	雲08	大般若波羅蜜多經六百卷（328）	唐玄奘譯	大乘經/般若部
2-0329	0001-329雲09	34	雲09	大般若波羅蜜多經六百卷（329）	唐玄奘譯	大乘經/般若部
2-0330	0001-330雲10	35	雲10	大般若波羅蜜多經六百卷（330）	唐玄奘譯	大乘經/般若部
2-0331	0001-331騰01	36	腾01	大般若波羅蜜多經六百卷（331）	唐玄奘譯	大乘經/般若部
2-0332	0001-332騰02	34	腾02	大般若波羅蜜多經六百卷（332）	唐玄奘譯	大乘經/般若部
2-0333	0001-333騰03	34	腾03	大般若波羅蜜多經六百卷（333）	唐玄奘譯	大乘經/般若部
2-0334	0001-334騰04	33	腾04	大般若波羅蜜多經六百卷（334）	唐玄奘譯	大乘經/般若部
2-0335	0001-335騰05	35	腾05	大般若波羅蜜多經六百卷（335）	唐玄奘譯	大乘經/般若部
2-0336	0001-336騰06	32	腾06	大般若波羅蜜多經六百卷（336）	唐玄奘譯	大乘經/般若部
2-0337	0001-337騰07	34	腾07	大般若波羅蜜多經六百卷（337）	唐玄奘譯	大乘經/般若部
2-0338	0001-338騰08	33	腾08	大般若波羅蜜多經六百卷（338）	唐玄奘譯	大乘經/般若部
2-0339	0001-339騰09	33	腾09	大般若波羅蜜多經六百卷（339）	唐玄奘譯	大乘經/般若部
2-0340	0001-340騰10	33	腾10	大般若波羅蜜多經六百卷（340）	唐玄奘譯	大乘經/般若部
2-0341	0001-341致01	39	致01	大般若波羅蜜多經六百卷（341）	唐玄奘譯	大乘經/般若部
2-0342	0001-342致02	35	致02	大般若波羅蜜多經六百卷（342）	唐玄奘譯	大乘經/般若部
2-0343	0001-343致03	32	致03	大般若波羅蜜多經六百卷（343）	唐玄奘譯	大乘經/般若部
2-0344	0001-344致04	34	致04	大般若波羅蜜多經六百卷（344）	唐玄奘譯	大乘經/般若部
2-0345	0001-345致05	32	致05	大般若波羅蜜多經六百卷（345）	唐玄奘譯	大乘經/般若部
2-0346	0001-346致06	34	致06	大般若波羅蜜多經六百卷（346）	唐玄奘譯	大乘經/般若部
2-0347	0001-347致07	34	致07	大般若波羅蜜多經六百卷（347）	唐玄奘譯	大乘經/般若部
2-0348	0001-348致08	31	致08	大般若波羅蜜多經六百卷（348）	唐玄奘譯	大乘經/般若部
2-0349	0001-349致09	33	致09	大般若波羅蜜多經六百卷（349）	唐玄奘譯	大乘經/般若部
2-0350	0001-350致10	33	致10	大般若波羅蜜多經六百卷（350）	唐玄奘譯	大乘經/般若部
2-0351	0001-351雨01	36	雨01	大般若波羅蜜多經六百卷（351）	唐玄奘譯	大乘經/般若部
2-0352	0001-352雨02	37	雨02	大般若波羅蜜多經六百卷（352）	唐玄奘譯	大乘經/般若部
2-0353	0001-353雨03	37	雨03	大般若波羅蜜多經六百卷（353）	唐玄奘譯	大乘經/般若部
2-0354	0001-354雨04	35	雨04	大般若波羅蜜多經六百卷（354）	唐玄奘譯	大乘經/般若部
2-0355	0001-355雨05	32	雨05	大般若波羅蜜多經六百卷（355）	唐玄奘譯	大乘經/般若部
2-0356	0001-356雨06	34	雨06	大般若波羅蜜多經六百卷（356）	唐玄奘譯	大乘經/般若部
2-0357	0001-357雨07	36	雨07	大般若波羅蜜多經六百卷（357）	唐玄奘譯	大乘經/般若部
2-0358	0001-358雨08	34	雨08	大般若波羅蜜多經六百卷（358）	唐玄奘譯	大乘經/般若部
2-0359	0001-359雨09	34	雨09	大般若波羅蜜多經六百卷（359）	唐玄奘譯	大乘經/般若部
2-0360	0001-360雨10	37	雨10	大般若波羅蜜多經六百卷（360）	唐玄奘譯	大乘經/般若部
2-0361	0001-361露01	34	露01	大般若波羅蜜多經六百卷（361）	唐玄奘譯	大乘經/般若部
2-0362	0001-362露02	34	露02	大般若波羅蜜多經六百卷（362）	唐玄奘譯	大乘經/般若部
2-0363	0001-363露03	34	露03	大般若波羅蜜多經六百卷（363）	唐玄奘譯	大乘經/般若部
2-0364	0001-364露04	32	露04	大般若波羅蜜多經六百卷（364）	唐玄奘譯	大乘經/般若部
2-0365	0001-365露05	31	露05	大般若波羅蜜多經六百卷（365）	唐玄奘譯	大乘經/般若部
2-0366	0001-366露06	30	露06	大般若波羅蜜多經六百卷（366）	唐玄奘譯	大乘經/般若部
2-0367	0001-367露07	33	露07	大般若波羅蜜多經六百卷（367）	唐玄奘譯	大乘經/般若部
2-0368	0001-368露08	32	露08	大般若波羅蜜多經六百卷（368）	唐玄奘譯	大乘經/般若部
2-0369	0001-369露09	34	露09	大般若波羅蜜多經六百卷（369）	唐玄奘譯	大乘經/般若部
2-0370	0001-370露10	32	露10	大般若波羅蜜多經六百卷（370）	唐玄奘譯	大乘經/般若部
2-0371	0001-371結01	35	結01	大般若波羅蜜多經六百卷（371）	唐玄奘譯	大乘經/般若部
2-0372	0001-372結02	0	結02	大般若波羅蜜多經六百卷（372）	唐玄奘譯	大乘經/般若部
2-0373	0001-373結03	34	結03	大般若波羅蜜多經六百卷（373）	唐玄奘譯	大乘經/般若部
2-0374	0001-374結04	35	結04	大般若波羅蜜多經六百卷（374）	唐玄奘譯	大乘經/般若部
2-0375	0001-375結05	0	結05	大般若波羅蜜多經六百卷（375）	唐玄奘譯	大乘經/般若部
2-0376	0001-376結06	34	結06	大般若波羅蜜多經六百卷（376）	唐玄奘譯	大乘經/般若部
2-0377	0001-377結07	33	結07	大般若波羅蜜多經六百卷（377）	唐玄奘譯	大乘經/般若部
2-0378	0001-378結08	34	結08	大般若波羅蜜多經六百卷（378）	唐玄奘譯	大乘經/般若部
2-0379	0001-379結09	33	結09	大般若波羅蜜多經六百卷（379）	唐玄奘譯	大乘經/般若部
2-0380	0001-380結10	0	結10	大般若波羅蜜多經六百卷（380）	唐玄奘譯	大乘經/般若部
2-0381	0001-381為01	36	爲01	大般若波羅蜜多經六百卷（381）	唐玄奘譯	大乘經/般若部
2-0382	0001-382為02	34	爲02	大般若波羅蜜多經六百卷（382）	唐玄奘譯	大乘經/般若部
2-0383	0001-383為03	33	爲03	大般若波羅蜜多經六百卷（383）	唐玄奘譯	大乘經/般若部
2-0384	0001-384為04	32	爲04	大般若波羅蜜多經六百卷（384）	唐玄奘譯	大乘經/般若部
2-0385	0001-385為05	32	爲05	大般若波羅蜜多經六百卷（385）	唐玄奘譯	大乘經/般若部
2-0386	0001-386為06	32	爲06	大般若波羅蜜多經六百卷（386）	唐玄奘譯	大乘經/般若部
2-0387	0001-387為07	32	爲07	大般若波羅蜜多經六百卷（387）	唐玄奘譯	大乘經/般若部
2-0388	0001-388為08	0	爲08	大般若波羅蜜多經六百卷（388）	唐玄奘譯	大乘經/般若部
2-0389	0001-389為09	31	爲09	大般若波羅蜜多經六百卷（389）	唐玄奘譯	大乘經/般若部
2-0390	0001-390為10	34	爲10	大般若波羅蜜多經六百卷（390）	唐玄奘譯	大乘經/般若部
2-0391	0001-391霜01	35	霜01	大般若波羅蜜多經六百卷（391）	唐玄奘譯	大乘經/般若部
2-0392	0001-392霜02	31	霜02	大般若波羅蜜多經六百卷（392）	唐玄奘譯	大乘經/般若部
2-0393	0001-393霜03	35	霜03	大般若波羅蜜多經六百卷（393）	唐玄奘譯	大乘經/般若部
2-0394	0001-394霜04	34	霜04	大般若波羅蜜多經六百卷（394）	唐玄奘譯	大乘經/般若部
2-0395	0001-395霜05	0	霜05	大般若波羅蜜多經六百卷（395）	唐玄奘譯	大乘經/般若部
2-0396	0001-396霜06	36	霜06	大般若波羅蜜多經六百卷（396）	唐玄奘譯	大乘經/般若部
2-0397	0001-397霜07	35	霜07	大般若波羅蜜多經六百卷（397）	唐玄奘譯	大乘經/般若部
2-0398	0001-398霜08	30	霜08	大般若波羅蜜多經六百卷（398）	唐玄奘譯	大乘經/般若部
2-0399	0001-399霜09	31	霜09	大般若波羅蜜多經六百卷（399）	唐玄奘譯	大乘經/般若部
2-0400	0001-400霜10	32	霜10	大般若波羅蜜多經六百卷（400）	唐玄奘譯	大乘經/般若部
2-0401	0001-401金01	41	金01	大般若波羅蜜多經六百卷（401）	唐玄奘譯	大乘經/般若部
2-0402	0001-402金02	32	金02	大般若波羅蜜多經六百卷（402）	唐玄奘譯	大乘經/般若部
2-0403	0001-403金03	33	金03	大般若波羅蜜多經六百卷（403）	唐玄奘譯	大乘經/般若部
2-0404	0001-404金04	35	金04	大般若波羅蜜多經六百卷（404）	唐玄奘譯	大乘經/般若部
2-0405	0001-405金05	32	金05	大般若波羅蜜多經六百卷（405）	唐玄奘譯	大乘經/般若部
2-0406	0001-406金06	35	金06	大般若波羅蜜多經六百卷（406）	唐玄奘譯	大乘經/般若部
2-0407	0001-407金07	36	金07	大般若波羅蜜多經六百卷（407）	唐玄奘譯	大乘經/般若部
2-0408	0001-408金08	36	金08	大般若波羅蜜多經六百卷（408）	唐玄奘譯	大乘經/般若部
2-0409	0001-409金09	35	金09	大般若波羅蜜多經六百卷（409）	唐玄奘譯	大乘經/般若部
2-0410	0001-410金10	36	金10	大般若波羅蜜多經六百卷（410）	唐玄奘譯	大乘經/般若部
2-0411	0001-411生01	0	生01	大般若波羅蜜多經六百卷（411）	唐玄奘譯	大乘經/般若部
2-0412	0001-412生02	0	生02	大般若波羅蜜多經六百卷（412）	唐玄奘譯	大乘經/般若部
2-0413	0001-413生03	34	生03	大般若波羅蜜多經六百卷（413）	唐玄奘譯	大乘經/般若部
2-0414	0001-414生04	0	生04	大般若波羅蜜多經六百卷（414）	唐玄奘譯	大乘經/般若部
2-0415	0001-415生05	0	生05	大般若波羅蜜多經六百卷（415）	唐玄奘譯	大乘經/般若部
2-0416	0001-416生06	36	生06	大般若波羅蜜多經六百卷（416）	唐玄奘譯	大乘經/般若部
2-0417	0001-417生07	0	生07	大般若波羅蜜多經六百卷（417）	唐玄奘譯	大乘經/般若部
2-0418	0001-418生08	0	生08	大般若波羅蜜多經六百卷（418）	唐玄奘譯	大乘經/般若部
2-0419	0001-419生09	33	生09	大般若波羅蜜多經六百卷（419）	唐玄奘譯	大乘經/般若部
2-0420	0001-420生10	0	生10	大般若波羅蜜多經六百卷（420）	唐玄奘譯	大乘經/般若部
2-0421	0001-421麗01	35	麗01	大般若波羅蜜多經六百卷（421）	唐玄奘譯	大乘經/般若部
2-0422	0001-422麗02	33	麗02	大般若波羅蜜多經六百卷（422）	唐玄奘譯	大乘經/般若部
2-0423	0001-423麗03	32	麗03	大般若波羅蜜多經六百卷（423）	唐玄奘譯	大乘經/般若部
2-0424	0001-424麗04	31	麗04	大般若波羅蜜多經六百卷（424）	唐玄奘譯	大乘經/般若部
2-0425	0001-425麗05	32	麗05	大般若波羅蜜多經六百卷（425）	唐玄奘譯	大乘經/般若部
2-0426	0001-426麗06	0	麗06	大般若波羅蜜多經六百卷（426）	唐玄奘譯	大乘經/般若部
2-0427	0001-427麗07	0	麗07	大般若波羅蜜多經六百卷（427）	唐玄奘譯	大乘經/般若部
2-0428	0001-428麗08	33	麗08	大般若波羅蜜多經六百卷（428）	唐玄奘譯	大乘經/般若部
2-0429	0001-429麗09	33	麗09	大般若波羅蜜多經六百卷（429）	唐玄奘譯	大乘經/般若部
2-0430	0001-430麗10	36	麗10	大般若波羅蜜多經六百卷（430）	唐玄奘譯	大乘經/般若部
2-0431	0001-431水01	0	水01	大般若波羅蜜多經六百卷（431）	唐玄奘譯	大乘經/般若部
2-0432	0001-432水02	0	水02	大般若波羅蜜多經六百卷（432）	唐玄奘譯	大乘經/般若部
2-0433	0001-433水03	32	水03	大般若波羅蜜多經六百卷（433）	唐玄奘譯	大乘經/般若部
2-0434	0001-434水04	32	水04	大般若波羅蜜多經六百卷（434）	唐玄奘譯	大乘經/般若部
2-0435	0001-435水05	34	水05	大般若波羅蜜多經六百卷（435）	唐玄奘譯	大乘經/般若部
2-0436	0001-436水06	33	水06	大般若波羅蜜多經六百卷（436）	唐玄奘譯	大乘經/般若部
2-0437	0001-437水07	36	水07	大般若波羅蜜多經六百卷（437）	唐玄奘譯	大乘經/般若部
2-0438	0001-438水08	34	水08	大般若波羅蜜多經六百卷（438）	唐玄奘譯	大乘經/般若部
2-0439	0001-439水09	32	水09	大般若波羅蜜多經六百卷（439）	唐玄奘譯	大乘經/般若部
2-0440	0001-440水10	33	水10	大般若波羅蜜多經六百卷（440）	唐玄奘譯	大乘經/般若部
2-0441	0001-441玉01	36	玉01	大般若波羅蜜多經六百卷（441）	唐玄奘譯	大乘經/般若部
2-0442	0001-442玉02	33	玉02	大般若波羅蜜多經六百卷（442）	唐玄奘譯	大乘經/般若部
2-0443	0001-443玉03	35	玉03	大般若波羅蜜多經六百卷（443）	唐玄奘譯	大乘經/般若部
2-0444	0001-444玉04	34	玉04	大般若波羅蜜多經六百卷（444）	唐玄奘譯	大乘經/般若部
2-0445	0001-445玉05	32	玉05	大般若波羅蜜多經六百卷（445）	唐玄奘譯	大乘經/般若部
2-0446	0001-446玉06	34	玉06	大般若波羅蜜多經六百卷（446）	唐玄奘譯	大乘經/般若部
2-0447	0001-447玉07	34	玉07	大般若波羅蜜多經六百卷（447）	唐玄奘譯	大乘經/般若部
2-0448	0001-448玉08	35	玉08	大般若波羅蜜多經六百卷（448）	唐玄奘譯	大乘經/般若部
2-0449	0001-449玉09	32	玉09	大般若波羅蜜多經六百卷（449）	唐玄奘譯	大乘經/般若部
2-0450	0001-450玉10	31	玉10	大般若波羅蜜多經六百卷（450）	唐玄奘譯	大乘經/般若部
2-0451	0001-451出01	35	出01	大般若波羅蜜多經六百卷（451）	唐玄奘譯	大乘經/般若部
2-0452	0001-452出02	0	出02	大般若波羅蜜多經六百卷（452）	唐玄奘譯	大乘經/般若部
2-0453	0001-453出03	32	出03	大般若波羅蜜多經六百卷（453）	唐玄奘譯	大乘經/般若部
2-0454	0001-454出04	34	出04	大般若波羅蜜多經六百卷（454）	唐玄奘譯	大乘經/般若部
2-0455	0001-455出05	0	出05	大般若波羅蜜多經六百卷（455）	唐玄奘譯	大乘經/般若部
2-0456	0001-456出06	34	出06	大般若波羅蜜多經六百卷（456）	唐玄奘譯	大乘經/般若部
2-0457	0001-457出07	33	出07	大般若波羅蜜多經六百卷（457）	唐玄奘譯	大乘經/般若部
2-0458	0001-458出08	33	出08	大般若波羅蜜多經六百卷（458）	唐玄奘譯	大乘經/般若部
2-0459	0001-459出09	35	出09	大般若波羅蜜多經六百卷（459）	唐玄奘譯	大乘經/般若部
2-0460	0001-460出10	0	出10	大般若波羅蜜多經六百卷（460）	唐玄奘譯	大乘經/般若部
2-0461	0001-461崑01	35	崑01	大般若波羅蜜多經六百卷（461）	唐玄奘譯	大乘經/般若部
2-0462	0001-462崑02	32	崑02	大般若波羅蜜多經六百卷（462）	唐玄奘譯	大乘經/般若部
2-0463	0001-463崑03	32	崑03	大般若波羅蜜多經六百卷（463）	唐玄奘譯	大乘經/般若部
2-0464	0001-464崑04	34	崑04	大般若波羅蜜多經六百卷（464）	唐玄奘譯	大乘經/般若部
2-0465	0001-465崑05	36	崑05	大般若波羅蜜多經六百卷（465）	唐玄奘譯	大乘經/般若部
2-0466	0001-466崑06	34	崑06	大般若波羅蜜多經六百卷（466）	唐玄奘譯	大乘經/般若部
2-0467	0001-467崑07	34	崑07	大般若波羅蜜多經六百卷（467）	唐玄奘譯	大乘經/般若部
2-0468	0001-468崑08	34	崑08	大般若波羅蜜多經六百卷（468）	唐玄奘譯	大乘經/般若部
2-0469	0001-469崑09	34	崑09	大般若波羅蜜多經六百卷（469）	唐玄奘譯	大乘經/般若部
2-0470	0001-470崑10	36	崑10	大般若波羅蜜多經六百卷（470）	唐玄奘譯	大乘經/般若部
2-0471	0001-471崗01	37	崗01	大般若波羅蜜多經六百卷（471）	唐玄奘譯	大乘經/般若部
2-0472	0001-472崗02	33	崗02	大般若波羅蜜多經六百卷（472）	唐玄奘譯	大乘經/般若部
2-0473	0001-473崗03	33	崗03	大般若波羅蜜多經六百卷（473）	唐玄奘譯	大乘經/般若部
2-0474	0001-474崗04	35	崗04	大般若波羅蜜多經六百卷（474）	唐玄奘譯	大乘經/般若部
2-0475	0001-475崗05	34	崗05	大般若波羅蜜多經六百卷（475）	唐玄奘譯	大乘經/般若部
2-0476	0001-476崗06	33	崗06	大般若波羅蜜多經六百卷（476）	唐玄奘譯	大乘經/般若部
2-0477	0001-477崗07	36	崗07	大般若波羅蜜多經六百卷（477）	唐玄奘譯	大乘經/般若部
2-0478	0001-478崗08	38	崗08	大般若波羅蜜多經六百卷（478）	唐玄奘譯	大乘經/般若部
2-0479	0001-479崗09	36	崗09	大般若波羅蜜多經六百卷（479）	唐玄奘譯	大乘經/般若部
2-0480	0001-480崗10	35	崗10	大般若波羅蜜多經六百卷（480）	唐玄奘譯	大乘經/般若部
2-0481	0001-481劍01	35	劍01	大般若波羅蜜多經六百卷（481）	唐玄奘譯	大乘經/般若部
2-0482	0001-482劍02	0	劍02	大般若波羅蜜多經六百卷（482）	唐玄奘譯	大乘經/般若部
2-0483	0001-483劍03	0	劍03	大般若波羅蜜多經六百卷（483）	唐玄奘譯	大乘經/般若部
2-0484	0001-484劍04	36	劍04	大般若波羅蜜多經六百卷（484）	唐玄奘譯	大乘經/般若部
2-0485	0001-485劍05	36	劍05	大般若波羅蜜多經六百卷（485）	唐玄奘譯	大乘經/般若部
2-0486	0001-486劍06	0	劍06	大般若波羅蜜多經六百卷（486）	唐玄奘譯	大乘經/般若部
2-0487	0001-487劍07	37	劍07	大般若波羅蜜多經六百卷（487）	唐玄奘譯	大乘經/般若部
2-0488	0001-488劍08	0	劍08	大般若波羅蜜多經六百卷（488）	唐玄奘譯	大乘經/般若部
2-0489	0001-489劍09	35	劍09	大般若波羅蜜多經六百卷（489）	唐玄奘譯	大乘經/般若部
2-0490	0001-490劍10	34	劍10	大般若波羅蜜多經六百卷（490）	唐玄奘譯	大乘經/般若部
2-0491	0001-491號01	0	號01	大般若波羅蜜多經六百卷（491）	唐玄奘譯	大乘經/般若部
2-0492	0001-492號02	35	號02	大般若波羅蜜多經六百卷（492）	唐玄奘譯	大乘經/般若部
2-0493	0001-493號03	32	號03	大般若波羅蜜多經六百卷（493）	唐玄奘譯	大乘經/般若部
2-0494	0001-494號04	33	號04	大般若波羅蜜多經六百卷（494）	唐玄奘譯	大乘經/般若部
2-0495	0001-495號05	33	號05	大般若波羅蜜多經六百卷（495）	唐玄奘譯	大乘經/般若部
2-0496	0001-496號06	35	號06	大般若波羅蜜多經六百卷（496）	唐玄奘譯	大乘經/般若部
2-0497	0001-497號07	34	號07	大般若波羅蜜多經六百卷（497）	唐玄奘譯	大乘經/般若部
2-0498	0001-498號08	33	號08	大般若波羅蜜多經六百卷（498）	唐玄奘譯	大乘經/般若部
2-0499	0001-499號09	34	號09	大般若波羅蜜多經六百卷（499）	唐玄奘譯	大乘經/般若部
2-0500	0001-500號10	35	號10	大般若波羅蜜多經六百卷（500）	唐玄奘譯	大乘經/般若部
2-0501	0001-501巨01	36	巨01	大般若波羅蜜多經六百卷（501）	唐玄奘譯	大乘經/般若部
2-0502	0001-502巨02	37	巨02	大般若波羅蜜多經六百卷（502）	唐玄奘譯	大乘經/般若部
2-0503	0001-503巨03	37	巨03	大般若波羅蜜多經六百卷（503）	唐玄奘譯	大乘經/般若部
2-0504	0001-504巨04	36	巨04	大般若波羅蜜多經六百卷（504）	唐玄奘譯	大乘經/般若部
2-0505	0001-505巨05	36	巨05	大般若波羅蜜多經六百卷（505）	唐玄奘譯	大乘經/般若部
2-0506	0001-506巨06	37	巨06	大般若波羅蜜多經六百卷（506）	唐玄奘譯	大乘經/般若部
2-0507	0001-507巨07	36	巨07	大般若波羅蜜多經六百卷（507）	唐玄奘譯	大乘經/般若部
2-0508	0001-508巨08	35	巨08	大般若波羅蜜多經六百卷（508）	唐玄奘譯	大乘經/般若部
2-0509	0001-509巨09	41	巨09	大般若波羅蜜多經六百卷（509）	唐玄奘譯	大乘經/般若部
2-0510	0001-510巨10	35	巨10	大般若波羅蜜多經六百卷（510）	唐玄奘譯	大乘經/般若部
2-0511	0001-511闕01	39	闕01	大般若波羅蜜多經六百卷（511）	唐玄奘譯	大乘經/般若部
2-0512	0001-512闕02	37	闕02	大般若波羅蜜多經六百卷（512）	唐玄奘譯	大乘經/般若部
2-0513	0001-513闕03	37	闕03	大般若波羅蜜多經六百卷（513）	唐玄奘譯	大乘經/般若部
2-0514	0001-514闕04	36	闕04	大般若波羅蜜多經六百卷（514）	唐玄奘譯	大乘經/般若部
2-0515	0001-515闕05	36	闕05	大般若波羅蜜多經六百卷（515）	唐玄奘譯	大乘經/般若部
2-0516	0001-516闕06	35	闕06	大般若波羅蜜多經六百卷（516）	唐玄奘譯	大乘經/般若部
2-0517	0001-517闕07	37	闕07	大般若波羅蜜多經六百卷（517）	唐玄奘譯	大乘經/般若部
2-0518	0001-518闕08	35	闕08	大般若波羅蜜多經六百卷（518）	唐玄奘譯	大乘經/般若部
2-0519	0001-519闕09	36	闕09	大般若波羅蜜多經六百卷（519）	唐玄奘譯	大乘經/般若部
2-0520	0001-520闕10	37	闕10	大般若波羅蜜多經六百卷（520）	唐玄奘譯	大乘經/般若部
2-0521	0001-521珠01	39	珠01	大般若波羅蜜多經六百卷（521）	唐玄奘譯	大乘經/般若部
2-0522	0001-522珠02	36	珠02	大般若波羅蜜多經六百卷（522）	唐玄奘譯	大乘經/般若部
2-0523	0001-523珠03	36	珠03	大般若波羅蜜多經六百卷（523）	唐玄奘譯	大乘經/般若部
2-0524	0001-524珠04	36	珠04	大般若波羅蜜多經六百卷（524）	唐玄奘譯	大乘經/般若部
2-0525	0001-525珠05	39	珠05	大般若波羅蜜多經六百卷（525）	唐玄奘譯	大乘經/般若部
2-0526	0001-526珠06	37	珠06	大般若波羅蜜多經六百卷（526）	唐玄奘譯	大乘經/般若部
2-0527	0001-527珠07	35	珠07	大般若波羅蜜多經六百卷（527）	唐玄奘譯	大乘經/般若部
2-0528	0001-528珠08	35	珠08	大般若波羅蜜多經六百卷（528）	唐玄奘譯	大乘經/般若部
2-0529	0001-529珠09	33	珠09	大般若波羅蜜多經六百卷（529）	唐玄奘譯	大乘經/般若部
2-0530	0001-530珠10	34	珠10	大般若波羅蜜多經六百卷（530）	唐玄奘譯	大乘經/般若部
2-0531	0001-531稱01	36	稱01	大般若波羅蜜多經六百卷（531）	唐玄奘譯	大乘經/般若部
2-0532	0001-532稱02	34	稱02	大般若波羅蜜多經六百卷（532）	唐玄奘譯	大乘經/般若部
2-0533	0001-533稱03	34	稱03	大般若波羅蜜多經六百卷（533）	唐玄奘譯	大乘經/般若部
2-0534	0001-534稱04	33	稱04	大般若波羅蜜多經六百卷（534）	唐玄奘譯	大乘經/般若部
2-0535	0001-535稱05	32	稱05	大般若波羅蜜多經六百卷（535）	唐玄奘譯	大乘經/般若部
2-0536	0001-536稱06	0	稱06	大般若波羅蜜多經六百卷（536）	唐玄奘譯	大乘經/般若部
2-0537	0001-537稱07	33	稱07	大般若波羅蜜多經六百卷（537）	唐玄奘譯	大乘經/般若部
2-0538	0001-538稱08	35	稱08	大般若波羅蜜多經六百卷（538）	唐玄奘譯	大乘經/般若部
2-0539	0001-539稱09	34	稱09	大般若波羅蜜多經六百卷（539）	唐玄奘譯	大乘經/般若部
2-0540	0001-540稱10	36	稱10	大般若波羅蜜多經六百卷（540）	唐玄奘譯	大乘經/般若部
2-0541	0001-541夜01	0	夜01	大般若波羅蜜多經六百卷（541）	唐玄奘譯	大乘經/般若部
2-0542	0001-542夜02	34	夜02	大般若波羅蜜多經六百卷（542）	唐玄奘譯	大乘經/般若部
2-0543	0001-543夜03	34	夜03	大般若波羅蜜多經六百卷（543）	唐玄奘譯	大乘經/般若部
2-0544	0001-544夜04	35	夜04	大般若波羅蜜多經六百卷（544）	唐玄奘譯	大乘經/般若部
2-0545	0001-545夜05	35	夜05	大般若波羅蜜多經六百卷（545）	唐玄奘譯	大乘經/般若部
2-0546	0001-546夜06	37	夜06	大般若波羅蜜多經六百卷（546）	唐玄奘譯	大乘經/般若部
2-0547	0001-547夜07	34	夜07	大般若波羅蜜多經六百卷（547）	唐玄奘譯	大乘經/般若部
2-0548	0001-548夜08	36	夜08	大般若波羅蜜多經六百卷（548）	唐玄奘譯	大乘經/般若部
2-0549	0001-549夜09	36	夜09	大般若波羅蜜多經六百卷（549）	唐玄奘譯	大乘經/般若部
2-0550	0001-550夜10	37	夜10	大般若波羅蜜多經六百卷（550）	唐玄奘譯	大乘經/般若部
2-0551	0001-551光01	39	光01	大般若波羅蜜多經六百卷（551）	唐玄奘譯	大乘經/般若部
2-0552	0001-552光02	36	光02	大般若波羅蜜多經六百卷（552）	唐玄奘譯	大乘經/般若部
2-0553	0001-553光03	0	光03	大般若波羅蜜多經六百卷（553）	唐玄奘譯	大乘經/般若部
2-0554	0001-554光04	0	光04	大般若波羅蜜多經六百卷（554）	唐玄奘譯	大乘經/般若部
2-0555	0001-555光05	0	光05	大般若波羅蜜多經六百卷（555）	唐玄奘譯	大乘經/般若部
2-0556	0001-556光06	42	光06	大般若波羅蜜多經六百卷（556）	唐玄奘譯	大乘經/般若部
2-0557	0001-557光07	0	光07	大般若波羅蜜多經六百卷（557）	唐玄奘譯	大乘經/般若部
2-0558	0001-558光08	33	光08	大般若波羅蜜多經六百卷（558）	唐玄奘譯	大乘經/般若部
2-0559	0001-559光09	0	光09	大般若波羅蜜多經六百卷（559）	唐玄奘譯	大乘經/般若部
2-0560	0001-560光10	35	光10	大般若波羅蜜多經六百卷（560）	唐玄奘譯	大乘經/般若部
2-0561	0001-561果01	36	果01	大般若波羅蜜多經六百卷（561）	唐玄奘譯	大乘經/般若部
2-0562	0001-562果02	32	果02	大般若波羅蜜多經六百卷（562）	唐玄奘譯	大乘經/般若部
2-0563	0001-563果03	0	果03	大般若波羅蜜多經六百卷（563）	唐玄奘譯	大乘經/般若部
2-0564	0001-564果04	0	果04	大般若波羅蜜多經六百卷（564）	唐玄奘譯	大乘經/般若部
2-0565	0001-565果05	33	果05	大般若波羅蜜多經六百卷（565）	唐玄奘譯	大乘經/般若部
2-0566	0001-566果06	0	果06	大般若波羅蜜多經六百卷（566）	唐玄奘譯	大乘經/般若部
2-0567	0001-567果07	33	果07	大般若波羅蜜多經六百卷（567）	唐玄奘譯	大乘經/般若部
2-0568	0001-568果08	33	果08	大般若波羅蜜多經六百卷（568）	唐玄奘譯	大乘經/般若部
2-0569	0001-569果09	35	果09	大般若波羅蜜多經六百卷（569）	唐玄奘譯	大乘經/般若部
2-0570	0001-570果10	31	果10	大般若波羅蜜多經六百卷（570）	唐玄奘譯	大乘經/般若部
2-0571	0001-571珍01	38	珍01	大般若波羅蜜多經六百卷（571）	唐玄奘譯	大乘經/般若部
2-0572	0001-572珍02	37	珍02	大般若波羅蜜多經六百卷（572）	唐玄奘譯	大乘經/般若部
2-0573	0001-573珍03	0	珍03	大般若波羅蜜多經六百卷（573）	唐玄奘譯	大乘經/般若部
2-0574	0001-574珍04	34	珍04	大般若波羅蜜多經六百卷（574）	唐玄奘譯	大乘經/般若部
2-0575	0001-575珍05	32	珍05	大般若波羅蜜多經六百卷（575）	唐玄奘譯	大乘經/般若部
2-0576	0001-576珍06	0	珍06	大般若波羅蜜多經六百卷（576）	唐玄奘譯	大乘經/般若部
2-0577	0001-577珍07	0	珍07	大般若波羅蜜多經六百卷（577）	唐玄奘譯	大乘經/般若部
2-0578	0001-578珍08	34	珍08	大般若波羅蜜多經六百卷（578）	唐玄奘譯	大乘經/般若部
2-0579	0001-579珍09	35	珍09	大般若波羅蜜多經六百卷（579）	唐玄奘譯	大乘經/般若部
2-0580	0001-580珍10	33	珍10	大般若波羅蜜多經六百卷（580）	唐玄奘譯	大乘經/般若部
2-0581	0001-581李01	0	李01	大般若波羅蜜多經六百卷（581）	唐玄奘譯	大乘經/般若部
2-0582	0001-582李02	0	李02	大般若波羅蜜多經六百卷（582）	唐玄奘譯	大乘經/般若部
2-0583	0001-583李03	0	李03	大般若波羅蜜多經六百卷（583）	唐玄奘譯	大乘經/般若部
2-0584	0001-584李04	0	李04	大般若波羅蜜多經六百卷（584）	唐玄奘譯	大乘經/般若部
2-0585	0001-585李05	0	李05	大般若波羅蜜多經六百卷（585）	唐玄奘譯	大乘經/般若部
2-0586	0001-586李06	0	李06	大般若波羅蜜多經六百卷（586）	唐玄奘譯	大乘經/般若部
2-0587	0001-587李07	0	李07	大般若波羅蜜多經六百卷（587）	唐玄奘譯	大乘經/般若部
2-0588	0001-588李08	0	李08	大般若波羅蜜多經六百卷（588）	唐玄奘譯	大乘經/般若部
2-0589	0001-589李09	0	李09	大般若波羅蜜多經六百卷（589）	唐玄奘譯	大乘經/般若部
2-0590	0001-590李10	35	李10	大般若波羅蜜多經六百卷（590）	唐玄奘譯	大乘經/般若部
2-0591	0001-591奈01	36	柰01	大般若波羅蜜多經六百卷（591）	唐玄奘譯	大乘經/般若部
2-0592	0001-592奈02	32	柰02	大般若波羅蜜多經六百卷（592）	唐玄奘譯	大乘經/般若部
2-0593	0001-593奈03	36	柰03	大般若波羅蜜多經六百卷（593）	唐玄奘譯	大乘經/般若部
2-0594	0001-594奈04	34	柰04	大般若波羅蜜多經六百卷（594）	唐玄奘譯	大乘經/般若部
2-0595	0001-595奈05	0	柰05	大般若波羅蜜多經六百卷（595）	唐玄奘譯	大乘經/般若部
2-0596	0001-596奈06	35	柰06	大般若波羅蜜多經六百卷（596）	唐玄奘譯	大乘經/般若部
2-0597	0001-597奈07	35	柰07	大般若波羅蜜多經六百卷（597）	唐玄奘譯	大乘經/般若部
2-0598	0001-598奈08	35	柰08	大般若波羅蜜多經六百卷（598）	唐玄奘譯	大乘經/般若部
2-0599	0001-599奈09	37	柰09	大般若波羅蜜多經六百卷（599）	唐玄奘譯	大乘經/般若部
2-0600	0001-600奈10	30	柰10	大般若波羅蜜多經六百卷（600）	唐玄奘譯	大乘經/般若部
2-0601	0002-001菜01	29	菜01	放光般若波羅蜜經三十卷（01）	西晉無羅叉共竺叔蘭譯	大乘經/般若部
2-0602	0002-002菜02	42	菜02	放光般若波羅蜜經三十卷（02）	西晉無羅叉共竺叔蘭譯	大乘經/般若部
2-0603	0002-003菜03	31	菜03	放光般若波羅蜜經三十卷（03）	西晉無羅叉共竺叔蘭譯	大乘經/般若部
2-0604	0002-004菜04	38	菜04	放光般若波羅蜜經三十卷（04）	西晉無羅叉共竺叔蘭譯	大乘經/般若部
2-0605	0002-005菜05	39	菜05	放光般若波羅蜜經三十卷（05）	西晉無羅叉共竺叔蘭譯	大乘經/般若部
2-0606	0002-006菜06	32	菜06	放光般若波羅蜜經三十卷（06）	西晉無羅叉共竺叔蘭譯	大乘經/般若部
2-0607	0002-007菜07	28	菜07	放光般若波羅蜜經三十卷（07）	西晉無羅叉共竺叔蘭譯	大乘經/般若部
2-0608	0002-008菜08	33	菜08	放光般若波羅蜜經三十卷（08）	西晉無羅叉共竺叔蘭譯	大乘經/般若部
2-0609	0002-009菜09	31	菜09	放光般若波羅蜜經三十卷（09）	西晉無羅叉共竺叔蘭譯	大乘經/般若部
2-0610	0002-010菜10	53	菜10	放光般若波羅蜜經三十卷（10）	西晉無羅叉共竺叔蘭譯	大乘經/般若部
2-0611	0002-011重01	0	重01	放光般若波羅蜜經三十卷（11）	西晉無羅叉共竺叔蘭譯	大乘經/般若部
2-0612	0002-012重02	0	重02	放光般若波羅蜜經三十卷（12）	西晉無羅叉共竺叔蘭譯	大乘經/般若部
2-0613	0002-013重03	30	重03	放光般若波羅蜜經三十卷（13）	西晉無羅叉共竺叔蘭譯	大乘經/般若部
2-0614	0002-014重04	0	重04	放光般若波羅蜜經三十卷（14）	西晉無羅叉共竺叔蘭譯	大乘經/般若部
2-0615	0002-015重05	0	重05	放光般若波羅蜜經三十卷（15）	西晉無羅叉共竺叔蘭譯	大乘經/般若部
2-0616	0002-016重06	0	重06	放光般若波羅蜜經三十卷（16）	西晉無羅叉共竺叔蘭譯	大乘經/般若部
2-0617	0002-017重07	0	重07	放光般若波羅蜜經三十卷（17）	西晉無羅叉共竺叔蘭譯	大乘經/般若部
2-0618	0002-018重08	0	重08	放光般若波羅蜜經三十卷（18）	西晉無羅叉共竺叔蘭譯	大乘經/般若部
2-0619	0002-019重09	0	重09	放光般若波羅蜜經三十卷（19）	西晉無羅叉共竺叔蘭譯	大乘經/般若部
2-0620	0002-020重10	0	重10	放光般若波羅蜜經三十卷（20）	西晉無羅叉共竺叔蘭譯	大乘經/般若部
2-0621	0002-021芥01	19	芥01	放光般若波羅蜜經三十卷（21）	西晉無羅叉共竺叔蘭譯	大乘經/般若部
2-0622	0002-022芥02	33	芥02	放光般若波羅蜜經三十卷（22）	西晉無羅叉共竺叔蘭譯	大乘經/般若部
2-0623	0002-023芥03	33	芥03	放光般若波羅蜜經三十卷（23）	西晉無羅叉共竺叔蘭譯	大乘經/般若部
2-0624	0002-024芥04	32	芥04	放光般若波羅蜜經三十卷（24）	西晉無羅叉共竺叔蘭譯	大乘經/般若部
2-0625	0002-025芥05	32	芥05	放光般若波羅蜜經三十卷（25）	西晉無羅叉共竺叔蘭譯	大乘經/般若部
2-0626	0002-026芥06	33	芥06	放光般若波羅蜜經三十卷（26）	西晉無羅叉共竺叔蘭譯	大乘經/般若部
2-0627	0002-027芥07	33	芥07	放光般若波羅蜜經三十卷（27）	西晉無羅叉共竺叔蘭譯	大乘經/般若部
2-0628	0002-028芥08	33	芥08	放光般若波羅蜜經三十卷（28）	西晉無羅叉共竺叔蘭譯	大乘經/般若部
2-0629	0002-029芥09	28	芥09	放光般若波羅蜜經三十卷（29）	西晉無羅叉共竺叔蘭譯	大乘經/般若部
2-0630	0002-030芥10	28	芥10	放光般若波羅蜜經三十卷（30）	西晉無羅叉共竺叔蘭譯	大乘經/般若部
2-0631	0003-001薑01	0	薑01	摩訶般若波羅蜜經三十卷（01）	姚秦鳩摩羅什共僧叡譯	大乘經/般若部
2-0632	0003-002薑02	45	薑02	摩訶般若波羅蜜經三十卷（02）	姚秦鳩摩羅什共僧叡譯	大乘經/般若部
2-0633	0003-003薑03	39	薑03	摩訶般若波羅蜜經三十卷（03）	姚秦鳩摩羅什共僧叡譯	大乘經/般若部
2-0634	0003-004薑04	47	薑04	摩訶般若波羅蜜經三十卷（04）	姚秦鳩摩羅什共僧叡譯	大乘經/般若部
2-0635	0003-005薑05	34	薑05	摩訶般若波羅蜜經三十卷（05）	姚秦鳩摩羅什共僧叡譯	大乘經/般若部
2-0636	0003-006薑06	45	薑06	摩訶般若波羅蜜經三十卷（06）	姚秦鳩摩羅什共僧叡譯	大乘經/般若部
2-0637	0003-007薑07	36	薑07	摩訶般若波羅蜜經三十卷（07）	姚秦鳩摩羅什共僧叡譯	大乘經/般若部
2-0638	0003-008薑08	48	薑08	摩訶般若波羅蜜經三十卷（08）	姚秦鳩摩羅什共僧叡譯	大乘經/般若部
2-0639	0003-009薑09	41	薑09	摩訶般若波羅蜜經三十卷（09）	姚秦鳩摩羅什共僧叡譯	大乘經/般若部
2-0640	0003-010薑10	42	薑10	摩訶般若波羅蜜經三十卷（10）	姚秦鳩摩羅什共僧叡譯	大乘經/般若部
2-0641	0003-011海01	33	海01	摩訶般若波羅蜜經三十卷（11）	姚秦鳩摩羅什共僧叡譯	大乘經/般若部
2-0642	0003-012海02	32	海02	摩訶般若波羅蜜經三十卷（12）	姚秦鳩摩羅什共僧叡譯	大乘經/般若部
2-0643	0003-013海03	35	海03	摩訶般若波羅蜜經三十卷（13）	姚秦鳩摩羅什共僧叡譯	大乘經/般若部
2-0644	0003-014海04	39	海04	摩訶般若波羅蜜經三十卷（14）	姚秦鳩摩羅什共僧叡譯	大乘經/般若部
2-0645	0003-015海05	42	海05	摩訶般若波羅蜜經三十卷（15）	姚秦鳩摩羅什共僧叡譯	大乘經/般若部
2-0646	0003-016海06	45	海06	摩訶般若波羅蜜經三十卷（16）	姚秦鳩摩羅什共僧叡譯	大乘經/般若部
2-0647	0003-017海07	40	海07	摩訶般若波羅蜜經三十卷（17）	姚秦鳩摩羅什共僧叡譯	大乘經/般若部
2-0648	0003-018海08	39	海08	摩訶般若波羅蜜經三十卷（18）	姚秦鳩摩羅什共僧叡譯	大乘經/般若部
2-0649	0003-019海09	47	海09	摩訶般若波羅蜜經三十卷（19）	姚秦鳩摩羅什共僧叡譯	大乘經/般若部
2-0650	0003-020海10	38	海10	摩訶般若波羅蜜經三十卷（20）	姚秦鳩摩羅什共僧叡譯	大乘經/般若部
2-0651	0003-021咸01	0	鹹01	摩訶般若波羅蜜經三十卷（21）	姚秦鳩摩羅什共僧叡譯	大乘經/般若部
2-0652	0003-022咸02	0	鹹02	摩訶般若波羅蜜經三十卷（22）	姚秦鳩摩羅什共僧叡譯	大乘經/般若部
2-0653	0003-023咸03	0	鹹03	摩訶般若波羅蜜經三十卷（23）	姚秦鳩摩羅什共僧叡譯	大乘經/般若部
2-0654	0003-024咸04	0	鹹04	摩訶般若波羅蜜經三十卷（24）	姚秦鳩摩羅什共僧叡譯	大乘經/般若部
2-0655	0003-025咸05	0	鹹05	摩訶般若波羅蜜經三十卷（25）	姚秦鳩摩羅什共僧叡譯	大乘經/般若部
2-0656	0003-026咸06	0	鹹06	摩訶般若波羅蜜經三十卷（26）	姚秦鳩摩羅什共僧叡譯	大乘經/般若部
2-0657	0003-027咸07	0	鹹07	摩訶般若波羅蜜經三十卷（27）	姚秦鳩摩羅什共僧叡譯	大乘經/般若部
2-0658	0003-028咸08	0	鹹08	摩訶般若波羅蜜經三十卷（28）	姚秦鳩摩羅什共僧叡譯	大乘經/般若部
2-0659	0003-029咸09	0	鹹09	摩訶般若波羅蜜經三十卷（29）	姚秦鳩摩羅什共僧叡譯	大乘經/般若部
2-0660	0003-030咸10	0	鹹10	摩訶般若波羅蜜經三十卷（30）	姚秦鳩摩羅什共僧叡譯	大乘經/般若部
2-0661	0004-001河01	36	河01	光讃般若波羅蜜經十卷（01）	西晉竺法護譯	大乘經/般若部
2-0662	0004-002河02	52	河02	光讃般若波羅蜜經十卷（02）	西晉竺法護譯	大乘經/般若部
2-0663	0004-003河03	26	河03	光讃般若波羅蜜經十卷（03）	西晉竺法護譯	大乘經/般若部
2-0664	0004-004河04	37	河04	光讃般若波羅蜜經十卷（04）	西晉竺法護譯	大乘經/般若部
2-0665	0004-005河05	30	河05	光讃般若波羅蜜經十卷（05）	西晉竺法護譯	大乘經/般若部
2-0666	0004-006河06	35	河06	光讃般若波羅蜜經十卷（06）	西晉竺法護譯	大乘經/般若部
2-0667	0004-007河07	34	河07	光讃般若波羅蜜經十卷（07）	西晉竺法護譯	大乘經/般若部
2-0668	0004-008河08	37	河08	光讃般若波羅蜜經十卷（08）	西晉竺法護譯	大乘經/般若部
2-0669	0004-009河09	35	河09	光讃般若波羅蜜經十卷（09）	西晉竺法護譯	大乘經/般若部
2-0670	0004-010河10	33	河10	光讃般若波羅蜜經十卷（10）	西晉竺法護譯	大乘經/般若部
2-0671	0005-001淡01	39	淡01	道行般若波羅蜜經十卷（01）	後漢支婁迦讖譯	大乘經/般若部
2-0672	0005-002淡02	43	淡02	道行般若波羅蜜經十卷（02）	後漢支婁迦讖譯	大乘經/般若部
2-0673	0005-003淡03	34	淡03	道行般若波羅蜜經十卷（03）	後漢支婁迦讖譯	大乘經/般若部
2-0674	0005-004淡04	31	淡04	道行般若波羅蜜經十卷（04）	後漢支婁迦讖譯	大乘經/般若部
2-0675	0005-005淡05	0	淡05	道行般若波羅蜜經十卷（05）	後漢支婁迦讖譯	大乘經/般若部
2-0676	0005-006淡06	31	淡06	道行般若波羅蜜經十卷（06）	後漢支婁迦讖譯	大乘經/般若部
2-0677	0005-007淡07	30	淡07	道行般若波羅蜜經十卷（07）	後漢支婁迦讖譯	大乘經/般若部
2-0678	0005-008淡08	34	淡08	道行般若波羅蜜經十卷（08）	後漢支婁迦讖譯	大乘經/般若部
2-0679	0005-009淡09	30	淡09	道行般若波羅蜜經十卷（09）	後漢支婁迦讖譯	大乘經/般若部
2-0680	0005-010淡10	27	淡10	道行般若波羅蜜經十卷（10）	後漢支婁迦讖譯	大乘經/般若部
2-0681	0006-001鱗01	32	鱗01	小品般若波羅蜜經十卷（01）	姚秦鳩摩羅什譯	大乘經/般若部
2-0682	0006-002鱗02	30	鱗02	小品般若波羅蜜經十卷（02）	姚秦鳩摩羅什譯	大乘經/般若部
2-0683	0006-003鱗03	34	鱗03	小品般若波羅蜜經十卷（03）	姚秦鳩摩羅什譯	大乘經/般若部
2-0684	0006-004鱗04	35	鱗04	小品般若波羅蜜經十卷（04）	姚秦鳩摩羅什譯	大乘經/般若部
2-0685	0006-005鱗05	40	鱗05	小品般若波羅蜜經十卷（05）	姚秦鳩摩羅什譯	大乘經/般若部
2-0686	0006-006鱗06	28	鱗06	小品般若波羅蜜經十卷（06）	姚秦鳩摩羅什譯	大乘經/般若部
2-0687	0006-007鱗07	31	鱗07	小品般若波羅蜜經十卷（07）	姚秦鳩摩羅什譯	大乘經/般若部
2-0688	0006-008鱗08	24	鱗08	小品般若波羅蜜經十卷（08）	姚秦鳩摩羅什譯	大乘經/般若部
2-0689	0006-009鱗09	21	鱗09	小品般若波羅蜜經十卷（09）	姚秦鳩摩羅什譯	大乘經/般若部
2-0690	0006-010鱗10	40	鱗10	小品般若波羅蜜經十卷（10）	姚秦鳩摩羅什譯	大乘經/般若部
2-0691	0007-001潛01	32	潛01	摩訶般若波羅蜜鈔經五卷（01）	苻秦曇摩蜱共竺佛念等譯	大乘經/般若部
2-0692	0007-002潛02	38	潛02	摩訶般若波羅蜜鈔經五卷（02）	苻秦曇摩蜱共竺佛念等譯	大乘經/般若部
2-0693	0007-003潛03	33	潛03	摩訶般若波羅蜜鈔經五卷（03）	苻秦曇摩蜱共竺佛念等譯	大乘經/般若部
2-0694	0007-004潛04	39	潛04	摩訶般若波羅蜜鈔經五卷（04）	苻秦曇摩蜱共竺佛念等譯	大乘經/般若部
2-0695	0007-005潛05	33	潛05	摩訶般若波羅蜜鈔經五卷（05）	苻秦曇摩蜱共竺佛念等譯	大乘經/般若部
2-0696	0008-001潛06	51	潛06	大明度無極經六卷（01-02）	吳支謙譯	大乘經/般若部
2-0697	0008-002潛07	35	潛07	大明度無極經六卷（03）	吳支謙譯	大乘經/般若部
2-0698	0008-003潛08	31	潛08	大明度無極經六卷（04）	吳支謙譯	大乘經/般若部
2-0699	0008-004潛09	31	潛09	大明度無極經六卷（05）	吳支謙譯	大乘經/般若部
2-0700	0008-005潛10	33	潛10	大明度無極經六卷（06）	吳支謙譯	大乘經/般若部
2-0701	0009-001羽01	45	羽01	勝天王般若波羅蜜經七卷（01）	陳月婆首那譯	大乘經/般若部
2-0702	0009-002羽02	44	羽02	勝天王般若波羅蜜經七卷（02）	陳月婆首那譯	大乘經/般若部
2-0703	0009-003羽03	36	羽03	勝天王般若波羅蜜經七卷（03）	陳月婆首那譯	大乘經/般若部
2-0704	0009-004羽04	32	羽04	勝天王般若波羅蜜經七卷（04）	陳月婆首那譯	大乘經/般若部
2-0705	0009-005羽05	32	羽05	勝天王般若波羅蜜經七卷（05）	陳月婆首那譯	大乘經/般若部
2-0706	0009-006羽06	28	羽06	勝天王般若波羅蜜經七卷（06）	陳月婆首那譯	大乘經/般若部
2-0707	0009-007羽07	31	羽07	勝天王般若波羅蜜經七卷（07）	陳月婆首那譯	大乘經/般若部
2-0708	0010a-001羽0	26	羽08	金剛般若波羅蜜經一卷	姚秦鳩摩羅什譯	大乘經/般若部
2-0709	0010b-001羽0	28	羽09	金剛般若波羅蜜經一卷	元魏留支譯	大乘經/般若部
2-0710	0010c-001羽1	30	羽10	金剛般若波羅蜜經一卷	天竺真諦等譯	大乘經/般若部
2-0711	0011a-001翔0	38	翔01	能斷金剛般若波羅蜜多經一卷	唐玄奘譯	大乘經/般若部
2-0712	0011b-001翔0	23	翔02	能斷金剛般若波羅蜜多經一卷	唐義淨譯	大乘經/般若部
2-0713	0012-001翔03	31	翔03	金剛能斷般若波羅蜜經一卷	隋笈多譯	大乘經/般若部
2-0714	0013-001翔04	30	翔04	佛說濡首菩薩無上清淨分衛經二卷（01）	劉宋翔公譯	大乘經/般若部
2-0715	0013-002翔05	27	翔05	佛說濡首菩薩無上清淨分衛經二卷（02）	劉宋翔公譯	大乘經/般若部
2-0716	0014-001翔06	30	翔06	仁王護國般若波羅蜜經二卷（01）	姚秦鳩摩羅什譯	大乘經/般若部
2-0717	0014-002翔07	25	翔07	仁王護國般若波羅蜜經二卷（02）	姚秦鳩摩羅什譯	大乘經/般若部
2-0718	0017-001翔08	20	翔08	①實相般若波羅蜜經一卷②摩訶般若波羅蜜大明咒經一卷③般若波羅蜜多心經一卷	①唐菩提流志等譯②姚秦鳩摩羅什譯③唐玄奘譯	大乘經/般若部
2-0719	0018-001翔09	40	翔09	文殊師利所說摩訶般若波羅蜜經一卷	梁曼陀羅仙譯	大乘經/般若部
2-0720	0019-001翔10	38	翔10	文殊師利所說般若波羅蜜經一卷	梁僧伽婆羅譯	大乘經/般若部
2-0721	0020-001龍01	31	龍01	大寶積經一百二十卷（01）	唐菩提流志等譯	大乘經/寶積部
2-0722	0020-002龍02	0	龍02	大寶積經一百二十卷（02）	唐菩提流志等譯	大乘經/寶積部
2-0723	0020-003龍03	0	龍03	大寶積經一百二十卷（03）	唐菩提流志等譯	大乘經/寶積部
2-0724	0020-004龍04	34	龍04	大寶積經一百二十卷（04）	唐菩提流志等譯	大乘經/寶積部
2-0725	0020-005龍05	35	龍05	大寶積經一百二十卷（05）	唐菩提流志等譯	大乘經/寶積部
2-0726	0020-006龍06	0	龍06	大寶積經一百二十卷（06）	唐菩提流志等譯	大乘經/寶積部
2-0727	0020-007龍07	34	龍07	大寶積經一百二十卷（07）	唐菩提流志等譯	大乘經/寶積部
2-0728	0020-008龍08	0	龍08	大寶積經一百二十卷（08）	唐菩提流志等譯	大乘經/寶積部
2-0729	0020-009龍09	35	龍09	大寶積經一百二十卷（09）	唐菩提流志等譯	大乘經/寶積部
2-0730	0020-010龍10	0	龍10	大寶積經一百二十卷（10）	唐菩提流志等譯	大乘經/寶積部
2-0731	0020-011師01	33	師01	大寶積經一百二十卷（11）	唐菩提流志等譯	大乘經/寶積部
2-0732	0020-012師02	29	師02	大寶積經一百二十卷（12）	唐菩提流志等譯	大乘經/寶積部
2-0733	0020-013師03	36	師03	大寶積經一百二十卷（13）	唐菩提流志等譯	大乘經/寶積部
2-0734	0020-014師04	31	師04	大寶積經一百二十卷（14）	唐菩提流志等譯	大乘經/寶積部
2-0735	0020-015師05	31	師05	大寶積經一百二十卷（15）	唐菩提流志等譯	大乘經/寶積部
2-0736	0020-016師06	33	師06	大寶積經一百二十卷（16）	唐菩提流志等譯	大乘經/寶積部
2-0737	0020-017師07	30	師07	大寶積經一百二十卷（17）	唐菩提流志等譯	大乘經/寶積部
2-0738	0020-018師08	32	師08	大寶積經一百二十卷（18）	唐菩提流志等譯	大乘經/寶積部
2-0739	0020-019師09	32	師09	大寶積經一百二十卷（19）	唐菩提流志等譯	大乘經/寶積部
2-0740	0020-020師10	35	師10	大寶積經一百二十卷（20）	唐菩提流志等譯	大乘經/寶積部
2-0741	0020-021火01	39	火01	大寶積經一百二十卷（21）	唐菩提流志等譯	大乘經/寶積部
2-0742	0020-022火02	0	火02	大寶積經一百二十卷（22）	唐菩提流志等譯	大乘經/寶積部
2-0743	0020-023火03	0	火03	大寶積經一百二十卷（23）	唐菩提流志等譯	大乘經/寶積部
2-0744	0020-024火04	0	火04	大寶積經一百二十卷（24）	唐菩提流志等譯	大乘經/寶積部
2-0745	0020-025火05	32	火05	大寶積經一百二十卷（25）	唐菩提流志等譯	大乘經/寶積部
2-0746	0020-026火06	26	火06	大寶積經一百二十卷（26）	唐菩提流志等譯	大乘經/寶積部
2-0747	0020-027火07	26	火07	大寶積經一百二十卷（27）	唐菩提流志等譯	大乘經/寶積部
2-0748	0020-028火08	46	火08	大寶積經一百二十卷（28）	唐菩提流志等譯	大乘經/寶積部
2-0749	0020-029火09	24	火09	大寶積經一百二十卷（29）	唐菩提流志等譯	大乘經/寶積部
2-0750	0020-030火10	31	火10	大寶積經一百二十卷（30）	唐菩提流志等譯	大乘經/寶積部
2-0751	0020-031帝01	34	帝01	大寶積經一百二十卷（31）	唐菩提流志等譯	大乘經/寶積部
2-0752	0020-032帝02	32	帝02	大寶積經一百二十卷（32）	唐菩提流志等譯	大乘經/寶積部
2-0753	0020-033帝03	31	帝03	大寶積經一百二十卷（33）	唐菩提流志等譯	大乘經/寶積部
2-0754	0020-034帝04	33	帝04	大寶積經一百二十卷（34）	唐菩提流志等譯	大乘經/寶積部
2-0755	0020-035帝05	46	帝05	大寶積經一百二十卷（35）	唐菩提流志等譯	大乘經/寶積部
2-0756	0020-036帝06	31	帝06	大寶積經一百二十卷（36）	唐菩提流志等譯	大乘經/寶積部
2-0757	0020-037帝07	42	帝07	大寶積經一百二十卷（37）	唐菩提流志等譯	大乘經/寶積部
2-0758	0020-038帝08	48	帝08	大寶積經一百二十卷（38）	唐菩提流志等譯	大乘經/寶積部
2-0759	0020-039帝09	33	帝09	大寶積經一百二十卷（39）	唐菩提流志等譯	大乘經/寶積部
2-0760	0020-040帝10	30	帝10	大寶積經一百二十卷（40）	唐菩提流志等譯	大乘經/寶積部
2-0761	0020-041鳥01	0	鳥01	大寶積經一百二十卷（41）	唐菩提流志等譯	大乘經/寶積部
2-0762	0020-042鳥02	0	鳥02	大寶積經一百二十卷（42）	唐菩提流志等譯	大乘經/寶積部
2-0763	0020-043鳥03	0	鳥03	大寶積經一百二十卷（43）	唐菩提流志等譯	大乘經/寶積部
2-0764	0020-044鳥04	0	鳥04	大寶積經一百二十卷（44）	唐菩提流志等譯	大乘經/寶積部
2-0765	0020-045鳥05	0	鳥05	大寶積經一百二十卷（45）	唐菩提流志等譯	大乘經/寶積部
2-0766	0020-046鳥06	0	鳥06	大寶積經一百二十卷（46）	唐菩提流志等譯	大乘經/寶積部
2-0767	0020-047鳥07	40	鳥07	大寶積經一百二十卷（47）	唐菩提流志等譯	大乘經/寶積部
2-0768	0020-048鳥08	0	鳥08	大寶積經一百二十卷（48）	唐菩提流志等譯	大乘經/寶積部
2-0769	0020-049鳥09	0	鳥09	大寶積經一百二十卷（49）	唐菩提流志等譯	大乘經/寶積部
2-0770	0020-050鳥10	33	鳥10	大寶積經一百二十卷（50）	唐菩提流志等譯	大乘經/寶積部
2-0771	0020-051官01	34	官01	大寶積經一百二十卷（51）	唐菩提流志等譯	大乘經/寶積部
2-0772	0020-052官02	38	官02	大寶積經一百二十卷（52）	唐菩提流志等譯	大乘經/寶積部
2-0773	0020-053官03	38	官03	大寶積經一百二十卷（53）	唐菩提流志等譯	大乘經/寶積部
2-0774	0020-054官04	38	官04	大寶積經一百二十卷（54）	唐菩提流志等譯	大乘經/寶積部
2-0775	0020-055官05	28	官05	大寶積經一百二十卷（55）	唐菩提流志等譯	大乘經/寶積部
2-0776	0020-056官06	30	官06	大寶積經一百二十卷（56）	唐菩提流志等譯	大乘經/寶積部
2-0777	0020-057官07	35	官07	大寶積經一百二十卷（57）	唐菩提流志等譯	大乘經/寶積部
2-0778	0020-058官08	27	官08	大寶積經一百二十卷（58）	唐菩提流志等譯	大乘經/寶積部
2-0779	0020-059官09	0	官09	大寶積經一百二十卷（59）	唐菩提流志等譯	大乘經/寶積部
2-0780	0020-060官10	28	官10	大寶積經一百二十卷（60）	唐菩提流志等譯	大乘經/寶積部
2-0781	0020-061人01	32	人01	大寶積經一百二十卷（61）	唐菩提流志等譯	大乘經/寶積部
2-0782	0020-062人02	36	人02	大寶積經一百二十卷（62）	唐菩提流志等譯	大乘經/寶積部
2-0783	0020-063人03	34	人03	大寶積經一百二十卷（63）	唐菩提流志等譯	大乘經/寶積部
2-0784	0020-064人04	0	人04	大寶積經一百二十卷（64）	唐菩提流志等譯	大乘經/寶積部
2-0785	0020-065人05	25	人05	大寶積經一百二十卷（65）	唐菩提流志等譯	大乘經/寶積部
2-0786	0020-066人06	0	人06	大寶積經一百二十卷（66）	唐菩提流志等譯	大乘經/寶積部
2-0787	0020-067人07	0	人07	大寶積經一百二十卷（67）	唐菩提流志等譯	大乘經/寶積部
2-0788	0020-068人08	28	人08	大寶積經一百二十卷（68）	唐菩提流志等譯	大乘經/寶積部
2-0789	0020-069人09	0	人09	大寶積經一百二十卷（69）	唐菩提流志等譯	大乘經/寶積部
2-0790	0020-070人10	0	人10	大寶積經一百二十卷（70）	唐菩提流志等譯	大乘經/寶積部
2-0791	0020-071皇01	56	皇01	大寶積經一百二十卷（71）	唐菩提流志等譯	大乘經/寶積部
2-0792	0020-072皇02	0	皇02	大寶積經一百二十卷（72）	唐菩提流志等譯	大乘經/寶積部
2-0793	0020-073皇03	30	皇03	大寶積經一百二十卷（73）	唐菩提流志等譯	大乘經/寶積部
2-0794	0020-074皇04	0	皇04	大寶積經一百二十卷（74）	唐菩提流志等譯	大乘經/寶積部
2-0795	0020-075皇05	28	皇05	大寶積經一百二十卷（75）	唐菩提流志等譯	大乘經/寶積部
2-0796	0020-076皇06	37	皇06	大寶積經一百二十卷（76）	唐菩提流志等譯	大乘經/寶積部
2-0797	0020-077皇07	49	皇07	大寶積經一百二十卷（77）	唐菩提流志等譯	大乘經/寶積部
2-0798	0020-078皇08	38	皇08	大寶積經一百二十卷（78）	唐菩提流志等譯	大乘經/寶積部
2-0799	0020-079皇09	41	皇09	大寶積經一百二十卷（79）	唐菩提流志等譯	大乘經/寶積部
2-0800	0020-080皇10	47	皇10	大寶積經一百二十卷（80）	唐菩提流志等譯	大乘經/寶積部
2-0801	0020-081始01	42	始01	大寶積經一百二十卷（81）	唐菩提流志等譯	大乘經/寶積部
2-0802	0020-082始02	50	始02	大寶積經一百二十卷（82）	唐菩提流志等譯	大乘經/寶積部
2-0803	0020-083始03	17	始03	大寶積經一百二十卷（83）	唐菩提流志等譯	大乘經/寶積部
2-0804	0020-084始04	19	始04	大寶積經一百二十卷（84）	唐菩提流志等譯	大乘經/寶積部
2-0805	0020-085始05	0	始05	大寶積經一百二十卷（85）	唐菩提流志等譯	大乘經/寶積部
2-0806	0020-086始06	28	始06	大寶積經一百二十卷（86）	唐菩提流志等譯	大乘經/寶積部
2-0807	0020-087始07	25	始07	大寶積經一百二十卷（87）	唐菩提流志等譯	大乘經/寶積部
2-0808	0020-088始08	36	始08	大寶積經一百二十卷（88）	唐菩提流志等譯	大乘經/寶積部
2-0809	0020-089始09	40	始09	大寶積經一百二十卷（89）	唐菩提流志等譯	大乘經/寶積部
2-0810	0020-090始10	0	始10	大寶積經一百二十卷（90）	唐菩提流志等譯	大乘經/寶積部
2-0811	0020-091制01	0	制01	大寶積經一百二十卷（91）	唐菩提流志等譯	大乘經/寶積部
2-0812	0020-092制02	0	制02	大寶積經一百二十卷（92）	唐菩提流志等譯	大乘經/寶積部
2-0813	0020-093制03	0	制03	大寶積經一百二十卷（93）	唐菩提流志等譯	大乘經/寶積部
2-0814	0020-094制04	0	制04	大寶積經一百二十卷（94）	唐菩提流志等譯	大乘經/寶積部
2-0815	0020-095制05	0	制05	大寶積經一百二十卷（95）	唐菩提流志等譯	大乘經/寶積部
2-0816	0020-096制06	0	制06	大寶積經一百二十卷（96）	唐菩提流志等譯	大乘經/寶積部
2-0817	0020-097制07	0	制07	大寶積經一百二十卷（97）	唐菩提流志等譯	大乘經/寶積部
2-0818	0020-098制08	0	制08	大寶積經一百二十卷（98）	唐菩提流志等譯	大乘經/寶積部
2-0819	0020-099制09	0	制09	大寶積經一百二十卷（99）	唐菩提流志等譯	大乘經/寶積部
2-0820	0020-100制10	0	制10	大寶積經一百二十卷（100）	唐菩提流志等譯	大乘經/寶積部
2-0821	0020-101文01	41	文01	大寶積經一百二十卷（101）	唐菩提流志等譯	大乘經/寶積部
2-0822	0020-102文02	31	文02	大寶積經一百二十卷（102）	唐菩提流志等譯	大乘經/寶積部
2-0823	0020-103文03	33	文03	大寶積經一百二十卷（103）	唐菩提流志等譯	大乘經/寶積部
2-0824	0020-104文04	0	文04	大寶積經一百二十卷（104）	唐菩提流志等譯	大乘經/寶積部
2-0825	0020-105文05	35	文05	大寶積經一百二十卷（105）	唐菩提流志等譯	大乘經/寶積部
2-0826	0020-106文06	35	文06	大寶積經一百二十卷（106）	唐菩提流志等譯	大乘經/寶積部
2-0827	0020-107文07	0	文07	大寶積經一百二十卷（107）	唐菩提流志等譯	大乘經/寶積部
2-0828	0020-108文08	29	文08	大寶積經一百二十卷（108）	唐菩提流志等譯	大乘經/寶積部
2-0829	0020-109文09	33	文09	大寶積經一百二十卷（109）	唐菩提流志等譯	大乘經/寶積部
2-0830	0020-110文10	34	文10	大寶積經一百二十卷（110）	唐菩提流志等譯	大乘經/寶積部
2-0831	0020-111字01	50	字01	大寶積經一百二十卷（111）	唐菩提流志等譯	大乘經/寶積部
2-0832	0020-112字02	0	字02	大寶積經一百二十卷（112）	唐菩提流志等譯	大乘經/寶積部
2-0833	0020-113字03	0	字03	大寶積經一百二十卷（113）	唐菩提流志等譯	大乘經/寶積部
2-0834	0020-114字04	24	字04	大寶積經一百二十卷（114）	唐菩提流志等譯	大乘經/寶積部
2-0835	0020-115字05	0	字05	大寶積經一百二十卷（115）	唐菩提流志等譯	大乘經/寶積部
2-0836	0020-116字06	0	字06	大寶積經一百二十卷（116）	唐菩提流志等譯	大乘經/寶積部
2-0837	0020-117字07	0	字07	大寶積經一百二十卷（117）	唐菩提流志等譯	大乘經/寶積部
2-0838	0020-118字08	45	字08	大寶積經一百二十卷（118）	唐菩提流志等譯	大乘經/寶積部
2-0839	0020-119字09	0	字09	大寶積經一百二十卷（119）	唐菩提流志等譯	大乘經/寶積部
2-0840	0020-120字10	0	字10	大寶積經一百二十卷（120）	唐菩提流志等譯	大乘經/寶積部
2-0841	0021-001乃01	28	乃01	大方廣三戒經三卷（01）	北涼曇無讖譯	大乘經/寶積部
2-0842	0021-002乃02	34	乃02	大方廣三戒經三卷（02）	北涼曇無讖譯	大乘經/寶積部
2-0843	0021-003乃03	37	乃03	大方廣三戒經三卷（03）	北涼曇無讖譯	大乘經/寶積部
2-0844	0022-001乃04	46	乃04	佛說無量清淨平等覺經三卷（01）	後漢支婁迦讖譯	大乘經/寶積部
2-0845	0022-002乃05	38	乃05	佛說無量清淨平等覺經三卷（02）	後漢支婁迦讖譯	大乘經/寶積部
2-0846	0022-003乃06	39	乃06	佛說無量清淨平等覺經三卷（03）	後漢支婁迦讖譯	大乘經/寶積部
2-0847	0023-001乃07	57	乃07	佛說阿彌陀經二卷（01）	吳支謙譯	大乘經/寶積部
2-0848	0023-002乃08	48	乃08	佛說阿彌陀經二卷（02）	吳支謙譯	大乘經/寶積部
2-0849	0024-001乃09	35	乃09	佛說無量壽經二卷（01）	曹魏康僧鎧譯	大乘經/寶積部
2-0850	0024-002乃10	39	乃10	佛說無量壽經二卷（02）	曹魏康僧鎧譯	大乘經/寶積部
2-0851	0025-001服01	0	服01	佛說阿閦佛國經三卷（01）	後漢支婁迦讖譯	大乘經/寶積部
2-0852	0025-002服02	0	服02	佛說阿閦佛國經三卷（02）	後漢支婁迦讖譯	大乘經/寶積部
2-0853	0025-003服03	0	服03	佛說阿閦佛國經三卷（03）	後漢支婁迦讖譯	大乘經/寶積部
2-0854	0026-001服04	0	服04	佛說大乘十法經一卷	梁僧伽婆羅譯	大乘經/寶積部
2-0855	0027-001服05	0	服05	佛說普門品經一卷	西晉竺法護譯	大乘經/寶積部
2-0856	0028-001服06	0	服06	文殊師利佛土嚴淨經二卷（01）	西晉竺法護譯	大乘經/寶積部
2-0857	0028-002服07	0	服07	文殊師利佛土嚴淨經二卷（02）	西晉竺法護譯	大乘經/寶積部
2-0858	0029-001服08	0	服08	佛說胞胎經一卷	西晉竺法護譯	大乘經/寶積部
2-0859	0030-001服09	0	服09	佛說法鏡經二卷（01）	後漢安玄共嚴佛調譯	大乘經/寶積部
2-0860	0030-002服10	0	服10	佛說法鏡經二卷（02）	後漢安玄共嚴佛調譯	大乘經/寶積部
2-0861	0031-001衣01	49	衣01	鬱迦羅越問菩薩行經一卷	西晉竺法護譯	大乘經/寶積部
2-0862	0032-001衣02	36	衣02	幻士仁賢經一卷	西晉竺法護譯	大乘經/寶積部
2-0863	0033-001衣03	33	衣03	佛說決定毘尼經一卷	敦煌法師譯	大乘經/寶積部
2-0864	0034-001衣04	32	衣04	發覺淨心經二卷（01）	隋闍那崛多譯	大乘經/寶積部
2-0865	0034-002衣05	23	衣05	發覺淨心經二卷（02）	隋闍那崛多譯	大乘經/寶積部
2-0866	0036-001衣06	43	衣06	①佛說優填王經一卷②佛說須摩提經一卷③佛說須摩提菩薩經一卷	①西晉法炬譯②西晉竺法護譯③姚秦鳩摩羅什譯	大乘經/寶積部
2-0867	0038-001衣07	46	衣07	佛說離垢施女經一卷	西晉竺法護譯	大乘經/寶積部
2-0868	0039-001衣08	35	衣08	佛說阿闍世王女阿術達菩薩經一卷	西晉竺法護譯	大乘經/寶積部
2-0869	0040a-001衣0	28	衣09	佛說須賴經一卷	曹魏白延譯	大乘經/寶積部
2-0870	0040b-001衣1	38	衣10	佛說須賴經一卷	前涼優婆塞支施崘譯	大乘經/寶積部
2-0871	0041-001裳01	53	裳01	得無垢女經一卷	元魏般若流支譯	大乘經/寶積部
2-0872	0042-001裳02	22	裳02	文殊師利所說不思議佛境界經二卷（01）	唐菩提流志等譯	大乘經/寶積部
2-0873	0042-002裳03	25	裳03	文殊師利所說不思議佛境界經二卷（02）	唐菩提流志等譯	大乘經/寶積部
2-0874	0043-001裳04	45	裳04	佛說如幻三昧經三卷（01）	西晉竺法護譯	大乘經/寶積部
2-0875	0043-002裳05	40	裳05	佛說如幻三昧經三卷（02）	西晉竺法護譯	大乘經/寶積部
2-0876	0043-003裳06	29	裳06	佛說如幻三昧經三卷（03）	西晉竺法護譯	大乘經/寶積部
2-0877	0044-001裳07	35	裳07	善住意天子所問經三卷（01）	元魏毘目智仙共流支等譯	大乘經/寶積部
2-0878	0044-002裳08	37	裳08	善住意天子所問經三卷（02）	元魏毘目智仙共流支等譯	大乘經/寶積部
2-0879	0044-003裳09	39	裳09	善住意天子所問經三卷（03）	元魏毘目智仙共流支等譯	大乘經/寶積部
2-0880	0047-001裳10	34	裳10	①太子刷護經一卷②太子和休經一卷③入法界體性經一卷	①西晉竺法護譯②失譯人名附西晉錄③隋闍那崛多譯	大乘經/寶積部
2-0881	0048-001推01	32	推01	慧上菩薩問大善權經二卷（01）	西晉竺法護譯	大乘經/寶積部
2-0882	0048-002推02	28	推02	慧上菩薩問大善權經二卷（02）	西晉竺法護譯	大乘經/寶積部
2-0883	0049-001推03	0	推03	大乘顯識經二卷（01）	唐地婆訶羅等譯	大乘經/寶積部
2-0884	0049-002推04	28	推04	大乘顯識經二卷（02）	唐地婆訶羅等譯	大乘經/寶積部
2-0885	0052-001推05	39	推05	①佛說大乘方等要慧經一卷②彌勒菩薩所問本願經一卷③度一切諸佛境界智嚴經一卷	①後漢安世高譯②西晉竺法護譯③梁僧伽婆羅等譯	大乘經/寶積部
2-0886	0053-001推06	31	推06	佛遺日摩尼寶經一卷	後漢支婁迦讖譯	大乘經/寶積部
2-0887	0054-001推07	40	推07	佛說摩訶衍寶嚴經一卷	晉代失譯人名	大乘經/寶積部
2-0888	0055-001推08	36	推08	勝鬘師子吼一乘大方便方廣經一卷	劉宋求那跋陀羅譯	大乘經/寶積部
2-0889	0056-001推09	32	推09	毘耶娑問經二卷（01）	元魏般若流支譯	大乘經/寶積部
2-0890	0056-002推10	32	推10	毘耶娑問經二卷（02）	元魏般若流支譯	大乘經/寶積部
2-0891	0057-001位01	45	位01	大方等大集經三十卷（01）	北涼曇無讖譯	大乘經/寶積部
2-0892	0057-002位02	33	位02	大方等大集經三十卷（02）	北涼曇無讖譯	大乘經/寶積部
2-0893	0057-003位03	46	位03	大方等大集經三十卷（03）	北涼曇無讖譯	大乘經/寶積部
2-0894	0057-004位04	38	位04	大方等大集經三十卷（04）	北涼曇無讖譯	大乘經/寶積部
2-0895	0057-005位05	33	位05	大方等大集經三十卷（05）	北涼曇無讖譯	大乘經/寶積部
2-0896	0057-006位06	40	位06	大方等大集經三十卷（06）	北涼曇無讖譯	大乘經/寶積部
2-0897	0057-007位07	37	位07	大方等大集經三十卷（07）	北涼曇無讖譯	大乘經/寶積部
2-0898	0057-008位08	38	位08	大方等大集經三十卷（08）	北涼曇無讖譯	大乘經/寶積部
2-0899	0057-009位09	53	位09	大方等大集經三十卷（09）	北涼曇無讖譯	大乘經/寶積部
2-0900	0057-010位10	37	位10	大方等大集經三十卷（10）	北涼曇無讖譯	大乘經/寶積部
2-0901	0057-011讓01	47	讓01	大方等大集經三十卷（11）	北涼曇無讖譯	大乘經/寶積部
2-0902	0057-012讓02	43	讓02	大方等大集經三十卷（12）	北涼曇無讖譯	大乘經/寶積部
2-0903	0057-013讓03	0	讓03	大方等大集經三十卷（13）	北涼曇無讖譯	大乘經/寶積部
2-0904	0057-014讓04	38	讓04	大方等大集經三十卷（14）	北涼曇無讖譯	大乘經/寶積部
2-0905	0057-015讓05	45	讓05	大方等大集經三十卷（15）	北涼曇無讖譯	大乘經/寶積部
2-0906	0057-016讓06	35	讓06	大方等大集經三十卷（16）	北涼曇無讖譯	大乘經/寶積部
2-0907	0057-017讓07	55	讓07	大方等大集經三十卷（17）	北涼曇無讖譯	大乘經/寶積部
2-0908	0057-018讓08	55	讓08	大方等大集經三十卷（18）	北涼曇無讖譯	大乘經/寶積部
2-0909	0057-019讓09	34	讓09	大方等大集經三十卷（19）	北涼曇無讖譯	大乘經/寶積部
2-0910	0057-020讓10	0	讓10	大方等大集經三十卷（20）	北涼曇無讖譯	大乘經/寶積部
2-0911	0057-021國01	44	國01	大方等大集經三十卷（21）	北涼曇無讖譯	大乘經/寶積部
2-0912	0057-022國02	35	國02	大方等大集經三十卷（22）	北涼曇無讖譯	大乘經/寶積部
2-0913	0057-023國03	49	國03	大方等大集經三十卷（23）	北涼曇無讖譯	大乘經/寶積部
2-0914	0057-024國04	38	國04	大方等大集經三十卷（24）	北涼曇無讖譯	大乘經/寶積部
2-0915	0057-025國05	28	國05	大方等大集經三十卷（25）	北涼曇無讖譯	大乘經/寶積部
2-0916	0057-026國06	34	國06	大方等大集經三十卷（26）	北涼曇無讖譯	大乘經/寶積部
2-0917	0057-027國07	31	國07	大方等大集經三十卷（27）	北涼曇無讖譯	大乘經/寶積部
2-0918	0057-028國08	37	國08	大方等大集經三十卷（28）	北涼曇無讖譯	大乘經/寶積部
2-0919	0057-029國09	40	國09	大方等大集經三十卷（29）	北涼曇無讖譯	大乘經/寶積部
2-0920	0057-030國10	39	國10	大方等大集經三十卷（30）	北涼曇無讖譯	大乘經/寶積部
2-0921	0058-001有01	39	有01	大乘大方等日藏經十卷（01）	隋那連提耶舍譯	大乘經/大集部
2-0922	0058-002有02	37	有02	大乘大方等日藏經十卷（02）	隋那連提耶舍譯	大乘經/大集部
2-0923	0058-003有03	32	有03	大乘大方等日藏經十卷（03）	隋那連提耶舍譯	大乘經/大集部
2-0924	0058-004有04	30	有04	大乘大方等日藏經十卷（04）	隋那連提耶舍譯	大乘經/大集部
2-0925	0058-005有05	43	有05	大乘大方等日藏經十卷（05）	隋那連提耶舍譯	大乘經/大集部
2-0926	0058-006有06	43	有06	大乘大方等日藏經十卷（06）	隋那連提耶舍譯	大乘經/大集部
2-0927	0058-007有07	38	有07	大乘大方等日藏經十卷（07）	隋那連提耶舍譯	大乘經/大集部
2-0928	0058-008有08	45	有08	大乘大方等日藏經十卷（08）	隋那連提耶舍譯	大乘經/大集部
2-0929	0058-009有09	47	有09	大乘大方等日藏經十卷（09）	隋那連提耶舍譯	大乘經/大集部
2-0930	0058-010有10	46	有10	大乘大方等日藏經十卷（10）	隋那連提耶舍譯	大乘經/大集部
2-0931	0059-001虞01	35	虞01	大方等大集月藏經十卷（01）	高齊那連提耶舍譯	大乘經/大集部
2-0932	0059-002虞02	45	虞02	大方等大集月藏經十卷（02）	高齊那連提耶舍譯	大乘經/大集部
2-0933	0059-003虞03	41	虞03	大方等大集月藏經十卷（03）	高齊那連提耶舍譯	大乘經/大集部
2-0934	0059-004虞04	33	虞04	大方等大集月藏經十卷（04）	高齊那連提耶舍譯	大乘經/大集部
2-0935	0059-005虞05	37	虞05	大方等大集月藏經十卷（05）	高齊那連提耶舍譯	大乘經/大集部
2-0936	0059-006虞06	38	虞06	大方等大集月藏經十卷（06）	高齊那連提耶舍譯	大乘經/大集部
2-0937	0059-007虞07	49	虞07	大方等大集月藏經十卷（07）	高齊那連提耶舍譯	大乘經/大集部
2-0938	0059-008虞08	53	虞08	大方等大集月藏經十卷（08）	高齊那連提耶舍譯	大乘經/大集部
2-0939	0059-009虞09	47	虞09	大方等大集月藏經十卷（09）	高齊那連提耶舍譯	大乘經/大集部
2-0940	0059-010虞10	54	虞10	大方等大集月藏經十卷（10）	高齊那連提耶舍譯	大乘經/大集部
2-0941	0060-001陶01	46	陶01	大乘大集地藏十輪經十卷（01）	唐玄奘譯	大乘經/大集部
2-0942	0060-002陶02	40	陶02	大乘大集地藏十輪經十卷（02）	唐玄奘譯	大乘經/大集部
2-0943	0060-003陶03	28	陶03	大乘大集地藏十輪經十卷（03）	唐玄奘譯	大乘經/大集部
2-0944	0060-004陶04	33	陶04	大乘大集地藏十輪經十卷（04）	唐玄奘譯	大乘經/大集部
2-0945	0060-005陶05	34	陶05	大乘大集地藏十輪經十卷（05）	唐玄奘譯	大乘經/大集部
2-0946	0060-006陶06	31	陶06	大乘大集地藏十輪經十卷（06）	唐玄奘譯	大乘經/大集部
2-0947	0060-007陶07	33	陶07	大乘大集地藏十輪經十卷（07）	唐玄奘譯	大乘經/大集部
2-0948	0060-008陶08	30	陶08	大乘大集地藏十輪經十卷（08）	唐玄奘譯	大乘經/大集部
2-0949	0060-009陶09	31	陶09	大乘大集地藏十輪經十卷（09）	唐玄奘譯	大乘經/大集部
2-0950	0060-010陶10	30	陶10	大乘大集地藏十輪經十卷（10）	唐玄奘譯	大乘經/大集部
2-0951	0061-001唐01	31	唐01	佛說大方廣十輪經八卷（01）	失譯人名附北涼錄	大乘經/大集部
2-0952	0061-002唐02	27	唐02	佛說大方廣十輪經八卷（02）	失譯人名附北涼錄	大乘經/大集部
2-0953	0061-003唐03	34	唐03	佛說大方廣十輪經八卷（03）	失譯人名附北涼錄	大乘經/大集部
2-0954	0061-004唐04	32	唐04	佛說大方廣十輪經八卷（04）	失譯人名附北涼錄	大乘經/大集部
2-0955	0061-005唐05	0	唐05	佛說大方廣十輪經八卷（05）	失譯人名附北涼錄	大乘經/大集部
2-0956	0061-006唐06	27	唐06	佛說大方廣十輪經八卷（06）	失譯人名附北涼錄	大乘經/大集部
2-0957	0061-007唐07	27	唐07	佛說大方廣十輪經八卷（07）	失譯人名附北涼錄	大乘經/大集部
2-0958	0061-008唐08	24	唐08	佛說大方廣十輪經八卷（08）	失譯人名附北涼錄	大乘經/大集部
2-0959	0062-001唐09	39	唐09	大集須彌藏經二卷（01）	高齊那連提耶舍共法智譯	大乘經/大集部
2-0960	0062-002唐10	38	唐10	大集須彌藏經二卷（02）	高齊那連提耶舍共法智譯	大乘經/大集部
2-0961	0063-001弔01	0	弔01	虛空孕菩薩經二卷（01）	隋闍那崛多譯	大乘經/大集部
2-0962	0063-002弔02	30	弔02	虛空孕菩薩經二卷（02）	隋闍那崛多譯	大乘經/大集部
2-0963	0064-001弔03	52	弔03	虛空藏菩薩經一卷	姚秦佛陁耶舍譯	大乘經/大集部
2-0964	0066-001弔04	38	弔04	①虛空藏菩薩神咒經一卷②觀虛空藏菩薩經一卷	劉宋曇摩蜜多譯	大乘經/大集部
2-0965	0067-001弔05	36	弔05	佛說菩薩念佛三昧經六卷（01）	劉宋功德直共玄暢譯	大乘經/大集部
2-0966	0067-002弔06	26	弔06	佛說菩薩念佛三昧經六卷（02）	劉宋功德直共玄暢譯	大乘經/大集部
2-0967	0067-003弔07	34	弔07	佛說菩薩念佛三昧經六卷（03）	劉宋功德直共玄暢譯	大乘經/大集部
2-0968	0067-004弔08	31	弔08	佛說菩薩念佛三昧經六卷（04）	劉宋功德直共玄暢譯	大乘經/大集部
2-0969	0067-005弔09	34	弔09	佛說菩薩念佛三昧經六卷（05）	劉宋功德直共玄暢譯	大乘經/大集部
2-0970	0067-006弔10	34	弔10	佛說菩薩念佛三昧經六卷（06）	劉宋功德直共玄暢譯	大乘經/大集部
2-0971	0068-001民01	26	民01	佛說大方等大集菩薩念佛三昧經十卷（01）	隋達磨笈多譯	大乘經/大集部
2-0972	0068-002民02	0	民02	佛說大方等大集菩薩念佛三昧經十卷（02）	隋達磨笈多譯	大乘經/大集部
2-0973	0068-003民03	29	民03	佛說大方等大集菩薩念佛三昧經十卷（03）	隋達磨笈多譯	大乘經/大集部
2-0974	0068-004民04	27	民04	佛說大方等大集菩薩念佛三昧經十卷（04）	隋達磨笈多譯	大乘經/大集部
2-0975	0068-005民05	26	民05	佛說大方等大集菩薩念佛三昧經十卷（05）	隋達磨笈多譯	大乘經/大集部
2-0976	0068-006民06	27	民06	佛說大方等大集菩薩念佛三昧經十卷（06）	隋達磨笈多譯	大乘經/大集部
2-0977	0068-007民07	28	民07	佛說大方等大集菩薩念佛三昧經十卷（07）	隋達磨笈多譯	大乘經/大集部
2-0978	0068-008民08	23	民08	佛說大方等大集菩薩念佛三昧經十卷（08）	隋達磨笈多譯	大乘經/大集部
2-0979	0068-009民09	29	民09	佛說大方等大集菩薩念佛三昧經十卷（09）	隋達磨笈多譯	大乘經/大集部
2-0980	0068-010民10	25	民10	佛說大方等大集菩薩念佛三昧經十卷（10）	隋達磨笈多譯	大乘經/大集部
2-0981	0069-001伐01	35	伐01	般舟三昧經三卷（01）	後漢支婁迦讖譯	大乘經/大集部
2-0982	0069-002伐02	0	伐02	般舟三昧經三卷（02）	後漢支婁迦讖譯	大乘經/大集部
2-0983	0069-003伐03	31	伐03	般舟三昧經三卷（03）	後漢支婁迦讖譯	大乘經/大集部
2-0984	0070-001伐04	27	伐04	阿差末菩薩經七卷（01）	西晉竺法護譯	大乘經/大集部
2-0985	0070-002伐05	28	伐05	阿差末菩薩經七卷（02）	西晉竺法護譯	大乘經/大集部
2-0986	0070-003伐06	27	伐06	阿差末菩薩經七卷（03）	西晉竺法護譯	大乘經/大集部
2-0987	0070-004伐07	28	伐07	阿差末菩薩經七卷（04）	西晉竺法護譯	大乘經/大集部
2-0988	0070-005伐08	25	伐08	阿差末菩薩經七卷（05）	西晉竺法護譯	大乘經/大集部
2-0989	0070-006伐09	26	伐09	阿差末菩薩經七卷（06）	西晉竺法護譯	大乘經/大集部
2-0990	0070-007伐10	23	伐10	阿差末菩薩經七卷（07）	西晉竺法護譯	大乘經/大集部
2-0991	0071-001罪01	31	罪01	大方等大集賢護經五卷（01）	隋闍那崛多共笈多等譯	大乘經/大集部
2-0992	0071-002罪02	30	罪02	大方等大集賢護經五卷（02）	隋闍那崛多共笈多等譯	大乘經/大集部
2-0993	0071-003罪03	30	罪03	大方等大集賢護經五卷（03）	隋闍那崛多共笈多等譯	大乘經/大集部
2-0994	0071-004罪04	37	罪04	大方等大集賢護經五卷（04）	隋闍那崛多共笈多等譯	大乘經/大集部
2-0995	0071-005罪05	35	罪05	大方等大集賢護經五卷（05）	隋闍那崛多共笈多等譯	大乘經/大集部
2-0996	0072-001罪06	28	罪06	拔陂菩薩經一卷	後漢支婁迦讖譯	大乘經/大集部
2-0997	0073-001罪07	47	罪07	無盡意菩薩經四卷（01）	劉宋智嚴共寶雲譯	大乘經/大集部
2-0998	0073-002罪08	44	罪08	無盡意菩薩經四卷（02）	劉宋智嚴共寶雲譯	大乘經/大集部
2-0999	0073-003罪09	38	罪09	無盡意菩薩經四卷（03）	劉宋智嚴共寶雲譯	大乘經/大集部
2-1000	0073-004罪10	44	罪10	無盡意菩薩經四卷（04）	劉宋智嚴共寶雲譯	大乘經/大集部
2-1001	0074-001周01	39	周01	大集譬喻王經二卷（01）	隋闍那崛多等譯	大乘經/大集部
2-1002	0074-002周02	31	周02	大集譬喻王經二卷（02）	隋闍那崛多等譯	大乘經/大集部
2-1003	0075-001周03	0	周03	大哀經八卷（01）	西晉竺法護譯	大乘經/大集部
2-1004	0075-002周04	36	周04	大哀經八卷（02）	西晉竺法護譯	大乘經/大集部
2-1005	0075-003周05	0	周05	大哀經八卷（03）	西晉竺法護譯	大乘經/大集部
2-1006	0075-004周06	23	周06	大哀經八卷（04）	西晉竺法護譯	大乘經/大集部
2-1007	0075-005周07	26	周07	大哀經八卷（05）	西晉竺法護譯	大乘經/大集部
2-1008	0075-006周08	0	周08	大哀經八卷（06）	西晉竺法護譯	大乘經/大集部
2-1009	0075-007周09	0	周09	大哀經八卷（07）	西晉竺法護譯	大乘經/大集部
2-1010	0075-008周10	35	周10	大哀經八卷（08）	西晉竺法護譯	大乘經/大集部
2-1011	0076-001發01	36	發01	寶女所問經四卷（01）	西晉竺法護譯	大乘經/大集部
2-1012	0076-002發02	27	發02	寶女所問經四卷（02）	西晉竺法護譯	大乘經/大集部
2-1013	0076-003發03	38	發03	寶女所問經四卷（03）	西晉竺法護譯	大乘經/大集部
2-1014	0076-004發04	28	發04	寶女所問經四卷（04）	西晉竺法護譯	大乘經/大集部
2-1015	0077-001發05	0	發05	無言童子經二卷（01）	西晉竺法護譯	大乘經/大集部
2-1016	0077-002發06	0	發06	無言童子經二卷（02）	西晉竺法護譯	大乘經/大集部
2-1017	0078-001發07	0	發07	自在王菩薩經二卷（01）	姚秦鳩摩羅什譯	大乘經/大集部
2-1018	0078-002發08	0	發08	自在王菩薩經二卷（02）	姚秦鳩摩羅什譯	大乘經/大集部
2-1019	0079-001發09	0	發09	奮迅王問經二卷（01）	元魏般若流支等譯	大乘經/大集部
2-1020	0079-002發10	39	發10	奮迅王問經二卷（02）	元魏般若流支等譯	大乘經/大集部
2-1021	0080-001殷01	29	殷01	寶星陀羅尼經八卷（01）	唐波羅頗密多羅譯	大乘經/大集部
2-1022	0080-002殷02	31	殷02	寶星陀羅尼經八卷（02）	唐波羅頗密多羅譯	大乘經/大集部
2-1023	0080-003殷03	33	殷03	寶星陀羅尼經八卷（03）	唐波羅頗密多羅譯	大乘經/大集部
2-1024	0080-004殷04	31	殷04	寶星陀羅尼經八卷（04）	唐波羅頗密多羅譯	大乘經/大集部
2-1025	0080-005殷05	27	殷05	寶星陀羅尼經八卷（05）	唐波羅頗密多羅譯	大乘經/大集部
2-1026	0080-006殷06	39	殷06	寶星陀羅尼經八卷（06）	唐波羅頗密多羅譯	大乘經/大集部
2-1027	0080-007殷07	39	殷07	寶星陀羅尼經八卷（07）	唐波羅頗密多羅譯	大乘經/大集部
2-1028	0080-008殷08	36	殷08	寶星陀羅尼經八卷（08）	唐波羅頗密多羅譯	大乘經/大集部
2-1029	0081-001殷09	33	殷09	度諸佛境界智光嚴經一卷	失譯人名附三秦錄	大乘經/大集部
2-1030	0082-001殷10	34	殷10	大乘金剛髻珠菩薩修行分經一卷	唐菩提流志譯	大乘經/大集部
2-1031	0083-001湯01	34	湯01	大方廣佛華嚴經六十卷（01）	東晉佛陀跋陀羅等譯	大乘經/華嚴部
2-1032	0083-002湯02	30	湯02	大方廣佛華嚴經六十卷（02）	東晉佛陀跋陀羅等譯	大乘經/華嚴部
2-1033	0083-003湯03	40	湯03	大方廣佛華嚴經六十卷（03）	東晉佛陀跋陀羅等譯	大乘經/華嚴部
2-1034	0083-004湯04	43	湯04	大方廣佛華嚴經六十卷（04）	東晉佛陀跋陀羅等譯	大乘經/華嚴部
2-1035	0083-005湯05	35	湯05	大方廣佛華嚴經六十卷（05）	東晉佛陀跋陀羅等譯	大乘經/華嚴部
2-1036	0083-006湯06	0	湯06	大方廣佛華嚴經六十卷（06）	東晉佛陀跋陀羅等譯	大乘經/華嚴部
2-1037	0083-007湯07	0	湯07	大方廣佛華嚴經六十卷（07）	東晉佛陀跋陀羅等譯	大乘經/華嚴部
2-1038	0083-008湯08	46	湯08	大方廣佛華嚴經六十卷（08）	東晉佛陀跋陀羅等譯	大乘經/華嚴部
2-1039	0083-009湯09	42	湯09	大方廣佛華嚴經六十卷（09）	東晉佛陀跋陀羅等譯	大乘經/華嚴部
2-1040	0083-010湯10	26	湯10	大方廣佛華嚴經六十卷（10）	東晉佛陀跋陀羅等譯	大乘經/華嚴部
2-1041	0083-011坐01	0	坐01	大方廣佛華嚴經六十卷（11）	東晉佛陀跋陀羅等譯	大乘經/華嚴部
2-1042	0083-012坐02	32	坐02	大方廣佛華嚴經六十卷（12）	東晉佛陀跋陀羅等譯	大乘經/華嚴部
2-1043	0083-013坐03	0	坐03	大方廣佛華嚴經六十卷（13）	東晉佛陀跋陀羅等譯	大乘經/華嚴部
2-1044	0083-014坐04	38	坐04	大方廣佛華嚴經六十卷（14）	東晉佛陀跋陀羅等譯	大乘經/華嚴部
2-1045	0083-015坐05	0	坐05	大方廣佛華嚴經六十卷（15）	東晉佛陀跋陀羅等譯	大乘經/華嚴部
2-1046	0083-016坐06	0	坐06	大方廣佛華嚴經六十卷（16）	東晉佛陀跋陀羅等譯	大乘經/華嚴部
2-1047	0083-017坐07	36	坐07	大方廣佛華嚴經六十卷（17）	東晉佛陀跋陀羅等譯	大乘經/華嚴部
2-1048	0083-018坐08	34	坐08	大方廣佛華嚴經六十卷（18）	東晉佛陀跋陀羅等譯	大乘經/華嚴部
2-1049	0083-019坐09	38	坐09	大方廣佛華嚴經六十卷（19）	東晉佛陀跋陀羅等譯	大乘經/華嚴部
2-1050	0083-020坐10	48	坐10	大方廣佛華嚴經六十卷（20）	東晉佛陀跋陀羅等譯	大乘經/華嚴部
2-1051	0083-021朝01	37	朝01	大方廣佛華嚴經六十卷（21）	東晉佛陀跋陀羅等譯	大乘經/華嚴部
2-1052	0083-022朝02	37	朝02	大方廣佛華嚴經六十卷（22）	東晉佛陀跋陀羅等譯	大乘經/華嚴部
2-1053	0083-023朝03	41	朝03	大方廣佛華嚴經六十卷（23）	東晉佛陀跋陀羅等譯	大乘經/華嚴部
2-1054	0083-024朝04	36	朝04	大方廣佛華嚴經六十卷（24）	東晉佛陀跋陀羅等譯	大乘經/華嚴部
2-1055	0083-025朝05	35	朝05	大方廣佛華嚴經六十卷（25）	東晉佛陀跋陀羅等譯	大乘經/華嚴部
2-1056	0083-026朝06	33	朝06	大方廣佛華嚴經六十卷（26）	東晉佛陀跋陀羅等譯	大乘經/華嚴部
2-1057	0083-027朝07	36	朝07	大方廣佛華嚴經六十卷（27）	東晉佛陀跋陀羅等譯	大乘經/華嚴部
2-1058	0083-028朝08	37	朝08	大方廣佛華嚴經六十卷（28）	東晉佛陀跋陀羅等譯	大乘經/華嚴部
2-1059	0083-029朝09	31	朝09	大方廣佛華嚴經六十卷（29）	東晉佛陀跋陀羅等譯	大乘經/華嚴部
2-1060	0083-030朝10	0	朝10	大方廣佛華嚴經六十卷（30）	東晉佛陀跋陀羅等譯	大乘經/華嚴部
2-1061	0083-031問01	35	問01	大方廣佛華嚴經六十卷（31）	東晉佛陀跋陀羅等譯	大乘經/華嚴部
2-1062	0083-032問02	0	問02	大方廣佛華嚴經六十卷（32）	東晉佛陀跋陀羅等譯	大乘經/華嚴部
2-1063	0083-033問03	35	問03	大方廣佛華嚴經六十卷（33）	東晉佛陀跋陀羅等譯	大乘經/華嚴部
2-1064	0083-034問04	44	問04	大方廣佛華嚴經六十卷（34）	東晉佛陀跋陀羅等譯	大乘經/華嚴部
2-1065	0083-035問05	34	問05	大方廣佛華嚴經六十卷（35）	東晉佛陀跋陀羅等譯	大乘經/華嚴部
2-1066	0083-036問06	0	問06	大方廣佛華嚴經六十卷（36）	東晉佛陀跋陀羅等譯	大乘經/華嚴部
2-1067	0083-037問07	0	問07	大方廣佛華嚴經六十卷（37）	東晉佛陀跋陀羅等譯	大乘經/華嚴部
2-1068	0083-038問08	0	問08	大方廣佛華嚴經六十卷（38）	東晉佛陀跋陀羅等譯	大乘經/華嚴部
2-1069	0083-039問09	0	問09	大方廣佛華嚴經六十卷（39）	東晉佛陀跋陀羅等譯	大乘經/華嚴部
2-1070	0083-040問10	0	問10	大方廣佛華嚴經六十卷（40）	東晉佛陀跋陀羅等譯	大乘經/華嚴部
2-1071	0083-041道01	0	道01	大方廣佛華嚴經六十卷（41）	東晉佛陀跋陀羅等譯	大乘經/華嚴部
2-1072	0083-042道02	0	道02	大方廣佛華嚴經六十卷（42）	東晉佛陀跋陀羅等譯	大乘經/華嚴部
2-1073	0083-043道03	34	道03	大方廣佛華嚴經六十卷（43）	東晉佛陀跋陀羅等譯	大乘經/華嚴部
2-1074	0083-044道04	0	道04	大方廣佛華嚴經六十卷（44）	東晉佛陀跋陀羅等譯	大乘經/華嚴部
2-1075	0083-045道05	0	道05	大方廣佛華嚴經六十卷（45）	東晉佛陀跋陀羅等譯	大乘經/華嚴部
2-1076	0083-046道06	45	道06	大方廣佛華嚴經六十卷（46）	東晉佛陀跋陀羅等譯	大乘經/華嚴部
2-1077	0083-047道07	0	道07	大方廣佛華嚴經六十卷（47）	東晉佛陀跋陀羅等譯	大乘經/華嚴部
2-1078	0083-048道08	0	道08	大方廣佛華嚴經六十卷（48）	東晉佛陀跋陀羅等譯	大乘經/華嚴部
2-1079	0083-049道09	0	道09	大方廣佛華嚴經六十卷（49）	東晉佛陀跋陀羅等譯	大乘經/華嚴部
2-1080	0083-050道10	38	道10	大方廣佛華嚴經六十卷（50）	東晉佛陀跋陀羅等譯	大乘經/華嚴部
2-1081	0083-051垂01	36	垂01	大方廣佛華嚴經六十卷（51）	東晉佛陀跋陀羅等譯	大乘經/華嚴部
2-1082	0083-052垂02	34	垂02	大方廣佛華嚴經六十卷（52）	東晉佛陀跋陀羅等譯	大乘經/華嚴部
2-1083	0083-053垂03	0	垂03	大方廣佛華嚴經六十卷（53）	東晉佛陀跋陀羅等譯	大乘經/華嚴部
2-1084	0083-054垂04	45	垂04	大方廣佛華嚴經六十卷（54）	東晉佛陀跋陀羅等譯	大乘經/華嚴部
2-1085	0083-055垂05	49	垂05	大方廣佛華嚴經六十卷（55）	東晉佛陀跋陀羅等譯	大乘經/華嚴部
2-1086	0083-056垂06	0	垂06	大方廣佛華嚴經六十卷（56）	東晉佛陀跋陀羅等譯	大乘經/華嚴部
2-1087	0083-057垂07	45	垂07	大方廣佛華嚴經六十卷（57）	東晉佛陀跋陀羅等譯	大乘經/華嚴部
2-1088	0083-058垂08	46	垂08	大方廣佛華嚴經六十卷（58）	東晉佛陀跋陀羅等譯	大乘經/華嚴部
2-1089	0083-059垂09	45	垂09	大方廣佛華嚴經六十卷（59）	東晉佛陀跋陀羅等譯	大乘經/華嚴部
2-1090	0083-060垂10	44	垂10	大方廣佛華嚴經六十卷（60）	東晉佛陀跋陀羅等譯	大乘經/華嚴部
2-1091	0084-001拱01	0	拱01	大方廣佛華嚴經八十卷（01）	唐實叉難陀譯	大乘經/華嚴部
2-1092	0084-002拱02	0	拱02	大方廣佛華嚴經八十卷（02）	唐實叉難陀譯	大乘經/華嚴部
2-1093	0084-003拱03	0	拱03	大方廣佛華嚴經八十卷（03）	唐實叉難陀譯	大乘經/華嚴部
2-1094	0084-004拱04	0	拱04	大方廣佛華嚴經八十卷（04）	唐實叉難陀譯	大乘經/華嚴部
2-1095	0084-005拱05	0	拱05	大方廣佛華嚴經八十卷（05）	唐實叉難陀譯	大乘經/華嚴部
2-1096	0084-006拱06	37	拱06	大方廣佛華嚴經八十卷（06）	唐實叉難陀譯	大乘經/華嚴部
2-1097	0084-007拱07	37	拱07	大方廣佛華嚴經八十卷（07）	唐實叉難陀譯	大乘經/華嚴部
2-1098	0084-008拱08	0	拱08	大方廣佛華嚴經八十卷（08）	唐實叉難陀譯	大乘經/華嚴部
2-1099	0084-009拱09	30	拱09	大方廣佛華嚴經八十卷（09）	唐實叉難陀譯	大乘經/華嚴部
2-1100	0084-010拱10	27	拱10	大方廣佛華嚴經八十卷（10）	唐實叉難陀譯	大乘經/華嚴部
2-1101	0084-011平01	0	平01	大方廣佛華嚴經八十卷（11）	唐實叉難陀譯	大乘經/華嚴部
2-1102	0084-012平02	29	平02	大方廣佛華嚴經八十卷（12）	唐實叉難陀譯	大乘經/華嚴部
2-1103	0084-013平03	37	平03	大方廣佛華嚴經八十卷（13）	唐實叉難陀譯	大乘經/華嚴部
2-1104	0084-014平04	35	平04	大方廣佛華嚴經八十卷（14）	唐實叉難陀譯	大乘經/華嚴部
2-1105	0084-015平05	0	平05	大方廣佛華嚴經八十卷（15）	唐實叉難陀譯	大乘經/華嚴部
2-1106	0084-016平06	42	平06	大方廣佛華嚴經八十卷（16）	唐實叉難陀譯	大乘經/華嚴部
2-1107	0084-017平07	42	平07	大方廣佛華嚴經八十卷（17）	唐實叉難陀譯	大乘經/華嚴部
2-1108	0084-018平08	25	平08	大方廣佛華嚴經八十卷（18）	唐實叉難陀譯	大乘經/華嚴部
2-1109	0084-019平09	36	平09	大方廣佛華嚴經八十卷（19）	唐實叉難陀譯	大乘經/華嚴部
2-1110	0084-020平10	34	平10	大方廣佛華嚴經八十卷（20）	唐實叉難陀譯	大乘經/華嚴部
2-1111	0084-021章01	27	章01	大方廣佛華嚴經八十卷（21）	唐實叉難陀譯	大乘經/華嚴部
2-1112	0084-022章02	37	章02	大方廣佛華嚴經八十卷（22）	唐實叉難陀譯	大乘經/華嚴部
2-1113	0084-023章03	35	章03	大方廣佛華嚴經八十卷（23）	唐實叉難陀譯	大乘經/華嚴部
2-1114	0084-024章04	34	章04	大方廣佛華嚴經八十卷（24）	唐實叉難陀譯	大乘經/華嚴部
2-1115	0084-025章05	33	章05	大方廣佛華嚴經八十卷（25）	唐實叉難陀譯	大乘經/華嚴部
2-1116	0084-026章06	33	章06	大方廣佛華嚴經八十卷（26）	唐實叉難陀譯	大乘經/華嚴部
2-1117	0084-027章07	36	章07	大方廣佛華嚴經八十卷（27）	唐實叉難陀譯	大乘經/華嚴部
2-1118	0084-028章08	42	章08	大方廣佛華嚴經八十卷（28）	唐實叉難陀譯	大乘經/華嚴部
2-1119	0084-029章09	25	章09	大方廣佛華嚴經八十卷（29）	唐實叉難陀譯	大乘經/華嚴部
2-1120	0084-030章10	29	章10	大方廣佛華嚴經八十卷（30）	唐實叉難陀譯	大乘經/華嚴部
2-1121	0084-031愛01	38	愛01	大方廣佛華嚴經八十卷（31）	唐實叉難陀譯	大乘經/華嚴部
2-1122	0084-032愛02	24	愛02	大方廣佛華嚴經八十卷（32）	唐實叉難陀譯	大乘經/華嚴部
2-1123	0084-033愛03	26	愛03	大方廣佛華嚴經八十卷（33）	唐實叉難陀譯	大乘經/華嚴部
2-1124	0084-034愛04	36	愛04	大方廣佛華嚴經八十卷（34）	唐實叉難陀譯	大乘經/華嚴部
2-1125	0084-035愛05	28	愛05	大方廣佛華嚴經八十卷（35）	唐實叉難陀譯	大乘經/華嚴部
2-1126	0084-036愛06	26	愛06	大方廣佛華嚴經八十卷（36）	唐實叉難陀譯	大乘經/華嚴部
2-1127	0084-037愛07	32	愛07	大方廣佛華嚴經八十卷（37）	唐實叉難陀譯	大乘經/華嚴部
2-1128	0084-038愛08	38	愛08	大方廣佛華嚴經八十卷（38）	唐實叉難陀譯	大乘經/華嚴部
2-1129	0084-039愛09	38	愛09	大方廣佛華嚴經八十卷（39）	唐實叉難陀譯	大乘經/華嚴部
2-1130	0084-040愛10	26	愛10	大方廣佛華嚴經八十卷（40）	唐實叉難陀譯	大乘經/華嚴部
2-1131	0084-041育01	27	育01	大方廣佛華嚴經八十卷（41）	唐實叉難陀譯	大乘經/華嚴部
2-1132	0084-042育02	30	育02	大方廣佛華嚴經八十卷（42）	唐實叉難陀譯	大乘經/華嚴部
2-1133	0084-043育03	0	育03	大方廣佛華嚴經八十卷（43）	唐實叉難陀譯	大乘經/華嚴部
2-1134	0084-044育04	41	育04	大方廣佛華嚴經八十卷（44）	唐實叉難陀譯	大乘經/華嚴部
2-1135	0084-045育05	30	育05	大方廣佛華嚴經八十卷（45）	唐實叉難陀譯	大乘經/華嚴部
2-1136	0084-046育06	0	育06	大方廣佛華嚴經八十卷（46）	唐實叉難陀譯	大乘經/華嚴部
2-1137	0084-047育07	32	育07	大方廣佛華嚴經八十卷（47）	唐實叉難陀譯	大乘經/華嚴部
2-1138	0084-048育08	38	育08	大方廣佛華嚴經八十卷（48）	唐實叉難陀譯	大乘經/華嚴部
2-1139	0084-049育09	0	育09	大方廣佛華嚴經八十卷（49）	唐實叉難陀譯	大乘經/華嚴部
2-1140	0084-050育10	38	育10	大方廣佛華嚴經八十卷（50）	唐實叉難陀譯	大乘經/華嚴部
2-1141	0084-051黎01	0	黎01	大方廣佛華嚴經八十卷（51）	唐實叉難陀譯	大乘經/華嚴部
2-1142	0084-052黎02	33	黎02	大方廣佛華嚴經八十卷（52）	唐實叉難陀譯	大乘經/華嚴部
2-1143	0084-053黎03	31	黎03	大方廣佛華嚴經八十卷（53）	唐實叉難陀譯	大乘經/華嚴部
2-1144	0084-054黎04	31	黎04	大方廣佛華嚴經八十卷（54）	唐實叉難陀譯	大乘經/華嚴部
2-1145	0084-055黎05	31	黎05	大方廣佛華嚴經八十卷（55）	唐實叉難陀譯	大乘經/華嚴部
2-1146	0084-056黎06	35	黎06	大方廣佛華嚴經八十卷（56）	唐實叉難陀譯	大乘經/華嚴部
2-1147	0084-057黎07	34	黎07	大方廣佛華嚴經八十卷（57）	唐實叉難陀譯	大乘經/華嚴部
2-1148	0084-058黎08	37	黎08	大方廣佛華嚴經八十卷（58）	唐實叉難陀譯	大乘經/華嚴部
2-1149	0084-059黎09	40	黎09	大方廣佛華嚴經八十卷（59）	唐實叉難陀譯	大乘經/華嚴部
2-1150	0084-060黎10	45	黎10	大方廣佛華嚴經八十卷（60）	唐實叉難陀譯	大乘經/華嚴部
2-1151	0084-061首01	33	首01	大方廣佛華嚴經八十卷（61）	唐實叉難陀譯	大乘經/華嚴部
2-1152	0084-062首02	33	首02	大方廣佛華嚴經八十卷（62）	唐實叉難陀譯	大乘經/華嚴部
2-1153	0084-063首03	34	首03	大方廣佛華嚴經八十卷（63）	唐實叉難陀譯	大乘經/華嚴部
2-1154	0084-064首04	32	首04	大方廣佛華嚴經八十卷（64）	唐實叉難陀譯	大乘經/華嚴部
2-1155	0084-065首05	33	首05	大方廣佛華嚴經八十卷（65）	唐實叉難陀譯	大乘經/華嚴部
2-1156	0084-066首06	39	首06	大方廣佛華嚴經八十卷（66）	唐實叉難陀譯	大乘經/華嚴部
2-1157	0084-067首07	35	首07	大方廣佛華嚴經八十卷（67）	唐實叉難陀譯	大乘經/華嚴部
2-1158	0084-068首08	40	首08	大方廣佛華嚴經八十卷（68）	唐實叉難陀譯	大乘經/華嚴部
2-1159	0084-069首09	33	首09	大方廣佛華嚴經八十卷（69）	唐實叉難陀譯	大乘經/華嚴部
2-1160	0084-070首10	34	首10	大方廣佛華嚴經八十卷（70）	唐實叉難陀譯	大乘經/華嚴部
2-1161	0084-071臣01	44	臣01	大方廣佛華嚴經八十卷（71）	唐實叉難陀譯	大乘經/華嚴部
2-1162	0084-072臣02	31	臣02	大方廣佛華嚴經八十卷（72）	唐實叉難陀譯	大乘經/華嚴部
2-1163	0084-073臣03	33	臣03	大方廣佛華嚴經八十卷（73）	唐實叉難陀譯	大乘經/華嚴部
2-1164	0084-074臣04	24	臣04	大方廣佛華嚴經八十卷（74）	唐實叉難陀譯	大乘經/華嚴部
2-1165	0084-075臣05	44	臣05	大方廣佛華嚴經八十卷（75）	唐實叉難陀譯	大乘經/華嚴部
2-1166	0084-076臣06	37	臣06	大方廣佛華嚴經八十卷（76）	唐實叉難陀譯	大乘經/華嚴部
2-1167	0084-077臣07	46	臣07	大方廣佛華嚴經八十卷（77）	唐實叉難陀譯	大乘經/華嚴部
2-1168	0084-078臣08	41	臣08	大方廣佛華嚴經八十卷（78）	唐實叉難陀譯	大乘經/華嚴部
2-1169	0084-079臣09	27	臣09	大方廣佛華嚴經八十卷（79）	唐實叉難陀譯	大乘經/華嚴部
2-1170	0084-080臣10	36	臣10	大方廣佛華嚴經八十卷（80）	唐實叉難陀譯	大乘經/華嚴部
2-1171	0085-001伏01	28	伏01	大方廣佛華嚴經四十卷（01）	唐般若譯	大乘經/華嚴部
2-1172	0085-002伏02	0	伏02	大方廣佛華嚴經四十卷（02）	唐般若譯	大乘經/華嚴部
2-1173	0085-003伏03	0	伏03	大方廣佛華嚴經四十卷（03）	唐般若譯	大乘經/華嚴部
2-1174	0085-004伏04	0	伏04	大方廣佛華嚴經四十卷（04）	唐般若譯	大乘經/華嚴部
2-1175	0085-005伏05	31	伏05	大方廣佛華嚴經四十卷（05）	唐般若譯	大乘經/華嚴部
2-1176	0085-006伏06	30	伏06	大方廣佛華嚴經四十卷（06）	唐般若譯	大乘經/華嚴部
2-1177	0085-007伏07	0	伏07	大方廣佛華嚴經四十卷（07）	唐般若譯	大乘經/華嚴部
2-1178	0085-008伏08	0	伏08	大方廣佛華嚴經四十卷（08）	唐般若譯	大乘經/華嚴部
2-1179	0085-009伏09	0	伏09	大方廣佛華嚴經四十卷（09）	唐般若譯	大乘經/華嚴部
2-1180	0085-010伏10	33	伏10	大方廣佛華嚴經四十卷（10）	唐般若譯	大乘經/華嚴部
2-1181	0085-011戎01	0	戎01	大方廣佛華嚴經四十卷（11）	唐般若譯	大乘經/華嚴部
2-1182	0085-012戎02	0	戎02	大方廣佛華嚴經四十卷（12）	唐般若譯	大乘經/華嚴部
2-1183	0085-013戎03	0	戎03	大方廣佛華嚴經四十卷（13）	唐般若譯	大乘經/華嚴部
2-1184	0085-014戎04	0	戎04	大方廣佛華嚴經四十卷（14）	唐般若譯	大乘經/華嚴部
2-1185	0085-015戎05	0	戎05	大方廣佛華嚴經四十卷（15）	唐般若譯	大乘經/華嚴部
2-1186	0085-016戎06	0	戎06	大方廣佛華嚴經四十卷（16）	唐般若譯	大乘經/華嚴部
2-1187	0085-017戎07	0	戎07	大方廣佛華嚴經四十卷（17）	唐般若譯	大乘經/華嚴部
2-1188	0085-018戎08	0	戎08	大方廣佛華嚴經四十卷（18）	唐般若譯	大乘經/華嚴部
2-1189	0085-019戎09	0	戎09	大方廣佛華嚴經四十卷（19）	唐般若譯	大乘經/華嚴部
2-1190	0085-020戎10	0	戎10	大方廣佛華嚴經四十卷（20）	唐般若譯	大乘經/華嚴部
2-1191	0085-021羌01	0	羌01	大方廣佛華嚴經四十卷（21）	唐般若譯	大乘經/華嚴部
2-1192	0085-022羌02	23	羌02	大方廣佛華嚴經四十卷（22）	唐般若譯	大乘經/華嚴部
2-1193	0085-023羌03	27	羌03	大方廣佛華嚴經四十卷（23）	唐般若譯	大乘經/華嚴部
2-1194	0085-024羌04	32	羌04	大方廣佛華嚴經四十卷（24）	唐般若譯	大乘經/華嚴部
2-1195	0085-025羌05	29	羌05	大方廣佛華嚴經四十卷（25）	唐般若譯	大乘經/華嚴部
2-1196	0085-026羌06	32	羌06	大方廣佛華嚴經四十卷（26）	唐般若譯	大乘經/華嚴部
2-1197	0085-027羌07	32	羌07	大方廣佛華嚴經四十卷（27）	唐般若譯	大乘經/華嚴部
2-1198	0085-028羌08	26	羌08	大方廣佛華嚴經四十卷（28）	唐般若譯	大乘經/華嚴部
2-1199	0085-029羌09	32	羌09	大方廣佛華嚴經四十卷（29）	唐般若譯	大乘經/華嚴部
2-1200	0085-030羌10	33	羌10	大方廣佛華嚴經四十卷（30）	唐般若譯	大乘經/華嚴部
2-1201	0085-031遐01	23	遐01	大方廣佛華嚴經四十卷（31）	唐般若譯	大乘經/華嚴部
2-1202	0085-032遐02	31	遐02	大方廣佛華嚴經四十卷（32）	唐般若譯	大乘經/華嚴部
2-1203	0085-033遐03	29	遐03	大方廣佛華嚴經四十卷（33）	唐般若譯	大乘經/華嚴部
2-1204	0085-034遐04	30	遐04	大方廣佛華嚴經四十卷（34）	唐般若譯	大乘經/華嚴部
2-1205	0085-035遐05	32	遐05	大方廣佛華嚴經四十卷（35）	唐般若譯	大乘經/華嚴部
2-1206	0085-036遐06	31	遐06	大方廣佛華嚴經四十卷（36）	唐般若譯	大乘經/華嚴部
2-1207	0085-037遐07	24	遐07	大方廣佛華嚴經四十卷（37）	唐般若譯	大乘經/華嚴部
2-1208	0085-038遐08	30	遐08	大方廣佛華嚴經四十卷（38）	唐般若譯	大乘經/華嚴部
2-1209	0085-039遐09	28	遐09	大方廣佛華嚴經四十卷（39）	唐般若譯	大乘經/華嚴部
2-1210	0085-040遐10	33	遐10	大方廣佛華嚴經四十卷（40）	唐般若譯	大乘經/華嚴部
2-1211	0086-001邇01	39	邇01	信力入印法門經五卷（01）	元魏曇摩流支譯	大乘經/華嚴部
2-1212	0086-002邇02	0	邇02	信力入印法門經五卷（02）	元魏曇摩流支譯	大乘經/華嚴部
2-1213	0086-003邇03	38	邇03	信力入印法門經五卷（03）	元魏曇摩流支譯	大乘經/華嚴部
2-1214	0086-004邇04	36	邇04	信力入印法門經五卷（04）	元魏曇摩流支譯	大乘經/華嚴部
2-1215	0086-005邇05	39	邇05	信力入印法門經五卷（05）	元魏曇摩流支譯	大乘經/華嚴部
2-1216	0087-001邇06	0	邇06	佛華嚴入如來德智不思議境界經一卷	隋闍那崛多譯	大乘經/華嚴部
2-1217	0088-001邇07	37	邇07	佛說如來興顯經四卷（01）	西晉竺法護譯	大乘經/華嚴部
2-1218	0088-002邇08	35	邇08	佛說如來興顯經四卷（02）	西晉竺法護譯	大乘經/華嚴部
2-1219	0088-003邇09	36	邇09	佛說如來興顯經四卷（03）	西晉竺法護譯	大乘經/華嚴部
2-1220	0088-004邇10	33	邇10	佛說如來興顯經四卷（04）	西晉竺法護譯	大乘經/華嚴部
2-1221	0091-001壹01	45	壹01	①大方廣入如來智德不思議經一卷②大方廣佛華嚴經修慈分一卷③顯無邊佛土功德經一卷	①唐實叉難陀譯②唐提雲般若等譯③唐玄奘譯	大乘經/華嚴部
2-1222	0093-001壹02	0	壹02	①大方廣佛華嚴經不思議佛境界分一卷②大方廣如來不思議境界經一卷	①唐提曇般若譯②唐實叉難陀譯	大乘經/華嚴部
2-1223	0096-001壹03	44	壹03	①大方廣普賢所說經一卷②莊嚴菩提心經一卷③佛說菩薩本業經一卷	①唐實叉難陀譯②姚秦鳩摩羅什譯③吳支謙譯	大乘經/華嚴部
2-1224	0099-001壹04	0	壹04	①大方廣佛華嚴經續入法界品一卷②佛說兜沙經一卷③大方廣菩薩十地經一卷	①唐地婆訶羅譯②後漢支婁迦讖譯③元魏吉迦夜共曇曜譯	大乘經/華嚴部
2-1225	0100-001壹05	36	壹05	度世品經六卷（01）	西晉竺法護譯	大乘經/華嚴部
2-1226	0100-002壹06	41	壹06	度世品經六卷（02）	西晉竺法護譯	大乘經/華嚴部
2-1227	0100-003壹07	38	壹07	度世品經六卷（03）	西晉竺法護譯	大乘經/華嚴部
2-1228	0100-004壹08	40	壹08	度世品經六卷（04）	西晉竺法護譯	大乘經/華嚴部
2-1229	0100-005壹09	0	壹09	度世品經六卷（05）	西晉竺法護譯	大乘經/華嚴部
2-1230	0100-006壹10	44	壹10	度世品經六卷（06）	西晉竺法護譯	大乘經/華嚴部
2-1231	0101-001體01	39	體01	十住經六卷（01）	姚秦鳩摩羅什共佛陀耶舍譯	大乘經/華嚴部
2-1232	0101-002體02	29	體02	十住經六卷（02）	姚秦鳩摩羅什共佛陀耶舍譯	大乘經/華嚴部
2-1233	0101-003體03	39	體03	十住經六卷（03）	姚秦鳩摩羅什共佛陀耶舍譯	大乘經/華嚴部
2-1234	0101-004體04	38	體04	十住經六卷（04）	姚秦鳩摩羅什共佛陀耶舍譯	大乘經/華嚴部
2-1235	0101-005體05	0	體05	十住經六卷（05）	姚秦鳩摩羅什共佛陀耶舍譯	大乘經/華嚴部
2-1236	0101-006體06	29	體06	十住經六卷（06）	姚秦鳩摩羅什共佛陀耶舍譯	大乘經/華嚴部
2-1237	0102-001體07	35	體07	佛說羅摩伽經四卷（01）	乞伏秦聖堅譯	大乘經/華嚴部
2-1238	0102-002體08	36	體08	佛說羅摩伽經四卷（02）	乞伏秦聖堅譯	大乘經/華嚴部
2-1239	0102-003體09	0	體09	佛說羅摩伽經四卷（03）	乞伏秦聖堅譯	大乘經/華嚴部
2-1240	0102-004體10	38	體10	佛說羅摩伽經四卷（04）	乞伏秦聖堅譯	大乘經/華嚴部
2-1241	0105-001率01	46	率01	①諸菩薩求佛本業經一卷②菩薩十住行道品經一卷③佛說菩薩十住經一卷	①西晉聶道真譯②西晉竺法護譯③東晉祇多蜜譯	大乘經/華嚴部
2-1242	0106-001率02	42	率02	漸備一切智德經五卷（01）	西晉竺法護譯	大乘經/華嚴部
2-1243	0106-002率03	43	率03	漸備一切智德經五卷（02）	西晉竺法護譯	大乘經/華嚴部
2-1244	0106-003率04	50	率04	漸備一切智德經五卷（03）	西晉竺法護譯	大乘經/華嚴部
2-1245	0106-004率05	43	率05	漸備一切智德經五卷（04）	西晉竺法護譯	大乘經/華嚴部
2-1246	0106-005率06	43	率06	漸備一切智德經五卷（05）	西晉竺法護譯	大乘經/華嚴部
2-1247	0107-001率07	0	率07	等目菩薩所問三昧經三卷（01）	西晉竺法護譯	大乘經/華嚴部
2-1248	0107-002率08	0	率08	等目菩薩所問三昧經三卷（02）	西晉竺法護譯	大乘經/華嚴部
2-1249	0107-003率09	41	率09	等目菩薩所問三昧經三卷（03）	西晉竺法護譯	大乘經/華嚴部
2-1250	0108-001率10	0	率10	文殊師利問菩薩署經一卷	後漢支婁迦讖譯	大乘經/華嚴部
2-1251	0109-001賓01	39	賓01	大般涅槃經四十卷（01）	北涼曇無讖譯	大乘經/涅槃部
2-1252	0109-002賓02	43	賓02	大般涅槃經四十卷（02）	北涼曇無讖譯	大乘經/涅槃部
2-1253	0109-003賓03	37	賓03	大般涅槃經四十卷（03）	北涼曇無讖譯	大乘經/涅槃部
2-1254	0109-004賓04	31	賓04	大般涅槃經四十卷（04）	北涼曇無讖譯	大乘經/涅槃部
2-1255	0109-005賓05	39	賓05	大般涅槃經四十卷（05）	北涼曇無讖譯	大乘經/涅槃部
2-1256	0109-006賓06	36	賓06	大般涅槃經四十卷（06）	北涼曇無讖譯	大乘經/涅槃部
2-1257	0109-007賓07	37	賓07	大般涅槃經四十卷（07）	北涼曇無讖譯	大乘經/涅槃部
2-1258	0109-008賓08	40	賓08	大般涅槃經四十卷（08）	北涼曇無讖譯	大乘經/涅槃部
2-1259	0109-009賓09	33	賓09	大般涅槃經四十卷（09）	北涼曇無讖譯	大乘經/涅槃部
2-1260	0109-010賓10	38	賓10	大般涅槃經四十卷（10）	北涼曇無讖譯	大乘經/涅槃部
2-1261	0109-011歸01	41	歸01	大般涅槃經四十卷（11）	北涼曇無讖譯	大乘經/涅槃部
2-1262	0109-012歸02	0	歸02	大般涅槃經四十卷（12）	北涼曇無讖譯	大乘經/涅槃部
2-1263	0109-013歸03	0	歸03	大般涅槃經四十卷（13）	北涼曇無讖譯	大乘經/涅槃部
2-1264	0109-014歸04	0	歸04	大般涅槃經四十卷（14）	北涼曇無讖譯	大乘經/涅槃部
2-1265	0109-015歸05	36	歸05	大般涅槃經四十卷（15）	北涼曇無讖譯	大乘經/涅槃部
2-1266	0109-016歸06	33	歸06	大般涅槃經四十卷（16）	北涼曇無讖譯	大乘經/涅槃部
2-1267	0109-017歸07	0	歸07	大般涅槃經四十卷（17）	北涼曇無讖譯	大乘經/涅槃部
2-1268	0109-018歸08	0	歸08	大般涅槃經四十卷（18）	北涼曇無讖譯	大乘經/涅槃部
2-1269	0109-019歸09	0	歸09	大般涅槃經四十卷（19）	北涼曇無讖譯	大乘經/涅槃部
2-1270	0109-020歸10	0	歸10	大般涅槃經四十卷（20）	北涼曇無讖譯	大乘經/涅槃部
2-1271	0109-021王01	0	王01	大般涅槃經四十卷（21）	北涼曇無讖譯	大乘經/涅槃部
2-1272	0109-022王02	35	王02	大般涅槃經四十卷（22）	北涼曇無讖譯	大乘經/涅槃部
2-1273	0109-023王03	35	王03	大般涅槃經四十卷（23）	北涼曇無讖譯	大乘經/涅槃部
2-1274	0109-024王04	39	王04	大般涅槃經四十卷（24）	北涼曇無讖譯	大乘經/涅槃部
2-1275	0109-025王05	0	王05	大般涅槃經四十卷（25）	北涼曇無讖譯	大乘經/涅槃部
2-1276	0109-026王06	0	王06	大般涅槃經四十卷（26）	北涼曇無讖譯	大乘經/涅槃部
2-1277	0109-027王07	39	王07	大般涅槃經四十卷（27）	北涼曇無讖譯	大乘經/涅槃部
2-1278	0109-028王08	34	王08	大般涅槃經四十卷（28）	北涼曇無讖譯	大乘經/涅槃部
2-1279	0109-029王09	37	王09	大般涅槃經四十卷（29）	北涼曇無讖譯	大乘經/涅槃部
2-1280	0109-030王10	38	王10	大般涅槃經四十卷（30）	北涼曇無讖譯	大乘經/涅槃部
2-1281	0109-031鳴01	41	鳴01	大般涅槃經四十卷（31）	北涼曇無讖譯	大乘經/涅槃部
2-1282	0109-032鳴02	0	鳴02	大般涅槃經四十卷（32）	北涼曇無讖譯	大乘經/涅槃部
2-1283	0109-033鳴03	39	鳴03	大般涅槃經四十卷（33）	北涼曇無讖譯	大乘經/涅槃部
2-1284	0109-034鳴04	33	鳴04	大般涅槃經四十卷（34）	北涼曇無讖譯	大乘經/涅槃部
2-1285	0109-035鳴05	33	鳴05	大般涅槃經四十卷（35）	北涼曇無讖譯	大乘經/涅槃部
2-1286	0109-036鳴06	34	鳴06	大般涅槃經四十卷（36）	北涼曇無讖譯	大乘經/涅槃部
2-1287	0109-037鳴07	33	鳴07	大般涅槃經四十卷（37）	北涼曇無讖譯	大乘經/涅槃部
2-1288	0109-038鳴08	33	鳴08	大般涅槃經四十卷（38）	北涼曇無讖譯	大乘經/涅槃部
2-1289	0109-039鳴09	31	鳴09	大般涅槃經四十卷（39）	北涼曇無讖譯	大乘經/涅槃部
2-1290	0109-040鳴10	35	鳴10	大般涅槃經四十卷（40）	北涼曇無讖譯	大乘經/涅槃部
2-1291	0110-001鳳01	42	鳳01	南本大般涅槃經三十六卷（01）	北涼曇無讖譯	大乘經/涅槃部
2-1292	0110-002鳳02	42	鳳02	南本大般涅槃經三十六卷（02）	北涼曇無讖譯	大乘經/涅槃部
2-1293	0110-003鳳03	36	鳳03	南本大般涅槃經三十六卷（03）	北涼曇無讖譯	大乘經/涅槃部
2-1294	0110-004鳳04	30	鳳04	南本大般涅槃經三十六卷（04）	北涼曇無讖譯	大乘經/涅槃部
2-1295	0110-005鳳05	0	鳳05	南本大般涅槃經三十六卷（05）	北涼曇無讖譯	大乘經/涅槃部
2-1296	0110-006鳳06	36	鳳06	南本大般涅槃經三十六卷（06）	北涼曇無讖譯	大乘經/涅槃部
2-1297	0110-007鳳07	29	鳳07	南本大般涅槃經三十六卷（07）	北涼曇無讖譯	大乘經/涅槃部
2-1298	0110-008鳳08	48	鳳08	南本大般涅槃經三十六卷（08）	北涼曇無讖譯	大乘經/涅槃部
2-1299	0110-009鳳09	46	鳳09	南本大般涅槃經三十六卷（09）	北涼曇無讖譯	大乘經/涅槃部
2-1300	0110-010鳳10	48	鳳10	南本大般涅槃經三十六卷（10）	北涼曇無讖譯	大乘經/涅槃部
2-1301	0110-011在01	0	在01	南本大般涅槃經三十六卷（11）	北涼曇無讖譯	大乘經/涅槃部
2-1302	0110-012在02	33	在02	南本大般涅槃經三十六卷（12）	北涼曇無讖譯	大乘經/涅槃部
2-1303	0110-013在03	0	在03	南本大般涅槃經三十六卷（13）	北涼曇無讖譯	大乘經/涅槃部
2-1304	0110-014在04	0	在04	南本大般涅槃經三十六卷（14）	北涼曇無讖譯	大乘經/涅槃部
2-1305	0110-015在05	44	在05	南本大般涅槃經三十六卷（15）	北涼曇無讖譯	大乘經/涅槃部
2-1306	0110-016在06	0	在06	南本大般涅槃經三十六卷（16）	北涼曇無讖譯	大乘經/涅槃部
2-1307	0110-017在07	0	在07	南本大般涅槃經三十六卷（17）	北涼曇無讖譯	大乘經/涅槃部
2-1308	0110-018在08	33	在08	南本大般涅槃經三十六卷（18）	北涼曇無讖譯	大乘經/涅槃部
2-1309	0110-019在09	0	在09	南本大般涅槃經三十六卷（19）	北涼曇無讖譯	大乘經/涅槃部
2-1310	0110-020在10	36	在10	南本大般涅槃經三十六卷（20）	北涼曇無讖譯	大乘經/涅槃部
2-1311	0110-021樹01	32	樹01	南本大般涅槃經三十六卷（21）	北涼曇無讖譯	大乘經/涅槃部
2-1312	0110-022樹02	0	樹02	南本大般涅槃經三十六卷（22）	北涼曇無讖譯	大乘經/涅槃部
2-1313	0110-023樹03	44	樹03	南本大般涅槃經三十六卷（23）	北涼曇無讖譯	大乘經/涅槃部
2-1314	0110-024樹04	29	樹04	南本大般涅槃經三十六卷（24）	北涼曇無讖譯	大乘經/涅槃部
2-1315	0110-025樹05	35	樹05	南本大般涅槃經三十六卷（25）	北涼曇無讖譯	大乘經/涅槃部
2-1316	0110-026樹06	44	樹06	南本大般涅槃經三十六卷（26）	北涼曇無讖譯	大乘經/涅槃部
2-1317	0110-027樹07	37	樹07	南本大般涅槃經三十六卷（27）	北涼曇無讖譯	大乘經/涅槃部
2-1318	0110-028樹08	37	樹08	南本大般涅槃經三十六卷（28）	北涼曇無讖譯	大乘經/涅槃部
2-1319	0110-029樹09	38	樹09	南本大般涅槃經三十六卷（29）	北涼曇無讖譯	大乘經/涅槃部
2-1320	0110-030樹10	0	樹10	南本大般涅槃經三十六卷（30）	北涼曇無讖譯	大乘經/涅槃部
2-1321	0110-031白01	54	白01	南本大般涅槃經三十六卷（31）	北涼曇無讖譯	大乘經/涅槃部
2-1322	0110-032白02	46	白02	南本大般涅槃經三十六卷（32）	北涼曇無讖譯	大乘經/涅槃部
2-1323	0110-033白03	42	白03	南本大般涅槃經三十六卷（33）	北涼曇無讖譯	大乘經/涅槃部
2-1324	0110-034白04	42	白04	南本大般涅槃經三十六卷（34）	北涼曇無讖譯	大乘經/涅槃部
2-1325	0110-035白05	38	白05	南本大般涅槃經三十六卷（35）	北涼曇無讖譯	大乘經/涅槃部
2-1326	0110-036白06	41	白06	南本大般涅槃經三十六卷（36）	北涼曇無讖譯	大乘經/涅槃部
2-1327	0111-001白07	0	白07	大般涅槃經後分二卷（01）	唐若那跋陀羅共會寧等譯	大乘經/涅槃部
2-1328	0111-002白08	37	白08	大般涅槃經後分二卷（02）	唐若那跋陀羅共會寧等譯	大乘經/涅槃部
2-1329	0112-001白09	50	白09	佛說方等般泥洹經二卷（01）	西晉竺法護譯	大乘經/涅槃部
2-1330	0112-002白10	44	白10	佛說方等般泥洹經二卷（02）	西晉竺法護譯	大乘經/涅槃部
2-1331	0113-001駒01	37	駒01	大悲經五卷（01）	高齊那連提黎耶舍共法智譯	大乘經/涅槃部
2-1332	0113-002駒02	38	駒02	大悲經五卷（02）	高齊那連提黎耶舍共法智譯	大乘經/涅槃部
2-1333	0113-003駒03	35	駒03	大悲經五卷（03）	高齊那連提黎耶舍共法智譯	大乘經/涅槃部
2-1334	0113-004駒04	31	駒04	大悲經五卷（04）	高齊那連提黎耶舍共法智譯	大乘經/涅槃部
2-1335	0113-005駒05	31	駒05	大悲經五卷（05）	高齊那連提黎耶舍共法智譯	大乘經/涅槃部
2-1336	0114-001駒06	31	駒06	大般涅槃經三卷（01）	東晉法顯譯	大乘經/涅槃部
2-1337	0114-002駒07	34	駒07	大般涅槃經三卷（02）	東晉法顯譯	大乘經/涅槃部
2-1338	0114-003駒08	0	駒08	大般涅槃經三卷（03）	東晉法顯譯	大乘經/涅槃部
2-1339	0115-001駒09	45	駒09	佛說方等泥洹經二卷（01）	失譯人名附東晉錄	大乘經/涅槃部
2-1340	0115-002駒10	44	駒10	佛說方等泥洹經二卷（02）	失譯人名附東晉錄	大乘經/涅槃部
2-1341	0116-001食01	50	食01	大般泥洹經六卷（01）	東晉法顯共覺賢譯	大乘經/涅槃部
2-1342	0116-002食02	42	食02	大般泥洹經六卷（02）	東晉法顯共覺賢譯	大乘經/涅槃部
2-1343	0116-003食03	47	食03	大般泥洹經六卷（03）	東晉法顯共覺賢譯	大乘經/涅槃部
2-1344	0116-004食04	42	食04	大般泥洹經六卷（04）	東晉法顯共覺賢譯	大乘經/涅槃部
2-1345	0116-005食05	48	食05	大般泥洹經六卷（05）	東晉法顯共覺賢譯	大乘經/涅槃部
2-1346	0116-006食06	50	食06	大般泥洹經六卷（06）	東晉法顯共覺賢譯	大乘經/涅槃部
2-1347	0117-001食07	32	食07	四童子三昧經三卷（01）	隋闍那崛多譯	大乘經/涅槃部
2-1348	0117-002食08	31	食08	四童子三昧經三卷（02）	隋闍那崛多譯	大乘經/涅槃部
2-1349	0117-003食09	31	食09	四童子三昧經三卷（03）	隋闍那崛多譯	大乘經/涅槃部
2-1350	0121-001食10	30	食10	①佛垂般涅槃略說教誡經一卷②佛臨涅槃記法住經一卷③佛滅度後棺斂葬送經一卷④般泥洹後灌臘經一卷	①姚秦鳩摩羅什譯②唐玄奘譯③失譯人名附西晉錄④西晉竺法護譯	大乘經/涅槃部
2-1351	0122-001場01	38	場01	金光明最勝王經十卷（01）	唐義淨譯	大乘經/五大部外重譯經
2-1352	0122-002場02	31	場02	金光明最勝王經十卷（02）	唐義淨譯	大乘經/五大部外重譯經
2-1353	0122-003場03	25	場03	金光明最勝王經十卷（03）	唐義淨譯	大乘經/五大部外重譯經
2-1354	0122-004場04	27	場04	金光明最勝王經十卷（04）	唐義淨譯	大乘經/五大部外重譯經
2-1355	0122-005場05	30	場05	金光明最勝王經十卷（05）	唐義淨譯	大乘經/五大部外重譯經
2-1356	0122-006場06	31	場06	金光明最勝王經十卷（06）	唐義淨譯	大乘經/五大部外重譯經
2-1357	0122-007場07	28	場07	金光明最勝王經十卷（07）	唐義淨譯	大乘經/五大部外重譯經
2-1358	0122-008場08	32	場08	金光明最勝王經十卷（08）	唐義淨譯	大乘經/五大部外重譯經
2-1359	0122-009場09	35	場09	金光明最勝王經十卷（09）	唐義淨譯	大乘經/五大部外重譯經
2-1360	0122-010場10	27	場10	金光明最勝王經十卷（10）	唐義淨譯	大乘經/五大部外重譯經
2-1361	0123-001化01	32	化01	金光明經四卷（01）	北涼曇無讖譯	大乘經/五大部外重譯經
2-1362	0123-002化02	34	化02	金光明經四卷（02）	北涼曇無讖譯	大乘經/五大部外重譯經
2-1363	0123-003化03	31	化03	金光明經四卷（03）	北涼曇無讖譯	大乘經/五大部外重譯經
2-1364	0123-004化04	31	化04	金光明經四卷（04）	北涼曇無讖譯	大乘經/五大部外重譯經
2-1365	0124-001化05	34	化05	等集眾德三昧經三卷（01）	西晉竺法護譯	大乘經/五大部外重譯經
2-1366	0124-002化06	32	化06	等集眾德三昧經三卷（02）	西晉竺法護譯	大乘經/五大部外重譯經
2-1367	0124-003化07	32	化07	等集眾德三昧經三卷（03）	西晉竺法護譯	大乘經/五大部外重譯經
2-1368	0125-001化08	32	化08	集一切福德三昧經三卷（01）	姚秦鳩摩羅什譯	大乘經/五大部外重譯經
2-1369	0125-002化09	33	化09	集一切福德三昧經三卷（02）	姚秦鳩摩羅什譯	大乘經/五大部外重譯經
2-1370	0125-003化10	33	化10	集一切福德三昧經三卷（03）	姚秦鳩摩羅什譯	大乘經/五大部外重譯經
2-1371	0126-001被01	37	被01	合部金光明經八卷（01）	隋寶貴對、志德合入	大乘經/五大部外重譯經
2-1372	0126-002被02	39	被02	合部金光明經八卷（02）	隋寶貴對、志德合入	大乘經/五大部外重譯經
2-1373	0126-003被03	28	被03	合部金光明經八卷（03）	隋寶貴對、志德合入	大乘經/五大部外重譯經
2-1374	0126-004被04	0	被04	合部金光明經八卷（04）	隋寶貴對、志德合入	大乘經/五大部外重譯經
2-1375	0126-005被05	24	被05	合部金光明經八卷（05）	隋寶貴對、志德合入	大乘經/五大部外重譯經
2-1376	0126-006被06	31	被06	合部金光明經八卷（06）	隋寶貴對、志德合入	大乘經/五大部外重譯經
2-1377	0126-007被07	30	被07	合部金光明經八卷（07）	隋寶貴對、志德合入	大乘經/五大部外重譯經
2-1378	0126-008被08	27	被08	合部金光明經八卷（08）	隋寶貴對、志德合入	大乘經/五大部外重譯經
2-1379	0127-001被09	0	被09	入定不定印經一卷	唐義淨譯	大乘經/五大部外重譯經
2-1380	0128-001被10	41	被10	不必定入定入印經一卷	元魏般若流支譯	大乘經/五大部外重譯經
2-1381	0129-001草01	0	草01	無量義經一卷	蕭齊曇摩迦陀耶舍譯	大乘經/五大部外重譯經
2-1382	0130-001草02	46	草02	妙法蓮華經七卷（01）	姚秦鳩摩羅什譯	大乘經/五大部外重譯經
2-1383	0130-002草03	44	草03	妙法蓮華經七卷（02）	姚秦鳩摩羅什譯	大乘經/五大部外重譯經
2-1384	0130-003草04	0	草04	妙法蓮華經七卷（03）	姚秦鳩摩羅什譯	大乘經/五大部外重譯經
2-1385	0130-004草05	50	草05	妙法蓮華經七卷（04）	姚秦鳩摩羅什譯	大乘經/五大部外重譯經
2-1386	0130-005草06	48	草06	妙法蓮華經七卷（05）	姚秦鳩摩羅什譯	大乘經/五大部外重譯經
2-1387	0130-006草07	46	草07	妙法蓮華經七卷（06）	姚秦鳩摩羅什譯	大乘經/五大部外重譯經
2-1388	0130-007草08	39	草08	妙法蓮華經七卷（07）	姚秦鳩摩羅什譯	大乘經/五大部外重譯經
2-1389	0132-001草09	31	草09	①法華三昧經一卷②薩曇芬陀利經一卷	①劉宋智嚴譯②失譯人名附西晉錄	大乘經/五大部外重譯經
2-1390	0133-001草10	14	草10	妙法蓮華經觀世音菩薩普門品經一卷	姚秦鳩摩羅什等譯長行，隋闍那笈多譯重頌	大乘經/五大部外重譯經
2-1391	0134-001木01	54	木01	正法華經十卷（01）	西晉竺法護譯	大乘經/五大部外重譯經
2-1392	0134-002木02	0	木02	正法華經十卷（02）	西晉竺法護譯	大乘經/五大部外重譯經
2-1393	0134-003木03	44	木03	正法華經十卷（03）	西晉竺法護譯	大乘經/五大部外重譯經
2-1394	0134-004木04	32	木04	正法華經十卷（04）	西晉竺法護譯	大乘經/五大部外重譯經
2-1395	0134-005木05	26	木05	正法華經十卷（05）	西晉竺法護譯	大乘經/五大部外重譯經
2-1396	0134-006木06	39	木06	正法華經十卷（06）	西晉竺法護譯	大乘經/五大部外重譯經
2-1397	0134-007木07	37	木07	正法華經十卷（07）	西晉竺法護譯	大乘經/五大部外重譯經
2-1398	0134-008木08	32	木08	正法華經十卷（08）	西晉竺法護譯	大乘經/五大部外重譯經
2-1399	0134-009木09	43	木09	正法華經十卷（09）	西晉竺法護譯	大乘經/五大部外重譯經
2-1400	0134-010木10	44	木10	正法華經十卷（10）	西晉竺法護譯	大乘經/五大部外重譯經
2-1401	0135-001賴01	46	賴01	添品妙法蓮華經八卷（01）	隋闍那崛多共達摩笈多添品譯	大乘經/五大部外重譯經
2-1402	0135-002賴02	44	賴02	添品妙法蓮華經八卷（02）	隋闍那崛多共達摩笈多添品譯	大乘經/五大部外重譯經
2-1403	0135-003賴03	53	賴03	添品妙法蓮華經八卷（03）	隋闍那崛多共達摩笈多添品譯	大乘經/五大部外重譯經
2-1404	0135-004賴04	45	賴04	添品妙法蓮華經八卷（04）	隋闍那崛多共達摩笈多添品譯	大乘經/五大部外重譯經
2-1405	0135-005賴05	0	賴05	添品妙法蓮華經八卷（05）	隋闍那崛多共達摩笈多添品譯	大乘經/五大部外重譯經
2-1406	0135-006賴06	42	賴06	添品妙法蓮華經八卷（06）	隋闍那崛多共達摩笈多添品譯	大乘經/五大部外重譯經
2-1407	0135-007賴07	39	賴07	添品妙法蓮華經八卷（07）	隋闍那崛多共達摩笈多添品譯	大乘經/五大部外重譯經
2-1408	0135-008賴08	27	賴08	添品妙法蓮華經八卷（08）	隋闍那崛多共達摩笈多添品譯	大乘經/五大部外重譯經
2-1409	0136-001賴09	39	賴09	分別緣起初勝法門經二卷（01-02）	唐玄奘譯	大乘經/五大部外重譯經
2-1410	0137-001賴10	37	賴10	緣生初勝分法本經二卷（01-02）	隋達磨笈多譯	大乘經/五大部外重譯經
2-1411	0138-001及01	46	及01	悲華經十卷（01）	北涼曇無讖譯	大乘經/五大部外重譯經
2-1412	0138-002及02	40	及02	悲華經十卷（02）	北涼曇無讖譯	大乘經/五大部外重譯經
2-1413	0138-003及03	0	及03	悲華經十卷（03）	北涼曇無讖譯	大乘經/五大部外重譯經
2-1414	0138-004及04	42	及04	悲華經十卷（04）	北涼曇無讖譯	大乘經/五大部外重譯經
2-1415	0138-005及05	35	及05	悲華經十卷（05）	北涼曇無讖譯	大乘經/五大部外重譯經
2-1416	0138-006及06	38	及06	悲華經十卷（06）	北涼曇無讖譯	大乘經/五大部外重譯經
2-1417	0138-007及07	39	及07	悲華經十卷（07）	北涼曇無讖譯	大乘經/五大部外重譯經
2-1418	0138-008及08	37	及08	悲華經十卷（08）	北涼曇無讖譯	大乘經/五大部外重譯經
2-1419	0138-009及09	0	及09	悲華經十卷（09）	北涼曇無讖譯	大乘經/五大部外重譯經
2-1420	0138-010及10	36	及10	悲華經十卷（10）	北涼曇無讖譯	大乘經/五大部外重譯經
2-1421	0139-001萬01	0	萬01	六度集經八卷（01）	吳康僧會譯	大乘經/五大部外重譯經
2-1422	0139-002萬02	0	萬02	六度集經八卷（02）	吳康僧會譯	大乘經/五大部外重譯經
2-1423	0139-003萬03	31	萬03	六度集經八卷（03）	吳康僧會譯	大乘經/五大部外重譯經
2-1424	0139-004萬04	41	萬04	六度集經八卷（04）	吳康僧會譯	大乘經/五大部外重譯經
2-1425	0139-005萬05	0	萬05	六度集經八卷（05）	吳康僧會譯	大乘經/五大部外重譯經
2-1426	0139-006萬06	0	萬06	六度集經八卷（06）	吳康僧會譯	大乘經/五大部外重譯經
2-1427	0139-007萬07	0	萬07	六度集經八卷（07）	吳康僧會譯	大乘經/五大部外重譯經
2-1428	0139-008萬08	0	萬08	六度集經八卷（08）	吳康僧會譯	大乘經/五大部外重譯經
2-1429	0140-001萬09	0	萬09	大乘頂王經一卷	梁月婆首那譯	大乘經/五大部外重譯經
2-1430	0141-001萬10	0	萬10	大方等頂王經一卷	西晉竺法護譯	大乘經/五大部外重譯經
2-1431	0142-001方01	44	方01	維摩詰所說經三卷（01）	姚秦鳩摩羅什譯	大乘經/五大部外重譯經
2-1432	0142-002方02	42	方02	維摩詰所說經三卷（02）	姚秦鳩摩羅什譯	大乘經/五大部外重譯經
2-1433	0142-003方03	33	方03	維摩詰所說經三卷（03）	姚秦鳩摩羅什譯	大乘經/五大部外重譯經
2-1434	0143-001方04	40	方04	維摩詰經三卷（01）	吳支謙譯	大乘經/五大部外重譯經
2-1435	0143-002方05	38	方05	維摩詰經三卷（02）	吳支謙譯	大乘經/五大部外重譯經
2-1436	0143-003方06	31	方06	維摩詰經三卷（03）	吳支謙譯	大乘經/五大部外重譯經
2-1437	0144-001方07	26	方07	道神足無極變化經四卷（01）	西晉安法欽譯	大乘經/五大部外重譯經
2-1438	0144-002方08	24	方08	道神足無極變化經四卷（02）	西晉安法欽譯	大乘經/五大部外重譯經
2-1439	0144-003方09	26	方09	道神足無極變化經四卷（03）	西晉安法欽譯	大乘經/五大部外重譯經
2-1440	0144-004方10	26	方10	道神足無極變化經四卷（04）	西晉安法欽譯	大乘經/五大部外重譯經
2-1441	0145-001蓋01	25	蓋01	說無垢稱經六卷（01）	唐玄奘譯	大乘經/五大部外重譯經
2-1442	0145-002蓋02	37	蓋02	說無垢稱經六卷（02）	唐玄奘譯	大乘經/五大部外重譯經
2-1443	0145-003蓋03	31	蓋03	說無垢稱經六卷（03）	唐玄奘譯	大乘經/五大部外重譯經
2-1444	0145-004蓋04	36	蓋04	說無垢稱經六卷（04）	唐玄奘譯	大乘經/五大部外重譯經
2-1445	0145-005蓋05	31	蓋05	說無垢稱經六卷（05）	唐玄奘譯	大乘經/五大部外重譯經
2-1446	0145-006蓋06	25	蓋06	說無垢稱經六卷（06）	唐玄奘譯	大乘經/五大部外重譯經
2-1447	0146-001蓋07	32	蓋07	阿惟越致遮經四卷（01）	西晉竺法護譯	大乘經/五大部外重譯經
2-1448	0146-002蓋08	40	蓋08	阿惟越致遮經四卷（02）	西晉竺法護譯	大乘經/五大部外重譯經
2-1449	0146-003蓋09	37	蓋09	阿惟越致遮經四卷（03）	西晉竺法護譯	大乘經/五大部外重譯經
2-1450	0146-004蓋10	38	蓋10	阿惟越致遮經四卷（04）	西晉竺法護譯	大乘經/五大部外重譯經
2-1451	0147-001此01	0	此01	佛說寶雨經十卷（01）	唐達磨流支等譯	大乘經/五大部外重譯經
2-1452	0147-002此02	26	此02	佛說寶雨經十卷（02）	唐達磨流支等譯	大乘經/五大部外重譯經
2-1453	0147-003此03	28	此03	佛說寶雨經十卷（03）	唐達磨流支等譯	大乘經/五大部外重譯經
2-1454	0147-004此04	27	此04	佛說寶雨經十卷（04）	唐達磨流支等譯	大乘經/五大部外重譯經
2-1455	0147-005此05	28	此05	佛說寶雨經十卷（05）	唐達磨流支等譯	大乘經/五大部外重譯經
2-1456	0147-006此06	28	此06	佛說寶雨經十卷（06）	唐達磨流支等譯	大乘經/五大部外重譯經
2-1457	0147-007此07	31	此07	佛說寶雨經十卷（07）	唐達磨流支等譯	大乘經/五大部外重譯經
2-1458	0147-008此08	25	此08	佛說寶雨經十卷（08）	唐達磨流支等譯	大乘經/五大部外重譯經
2-1459	0147-009此09	27	此09	佛說寶雨經十卷（09）	唐達磨流支等譯	大乘經/五大部外重譯經
2-1460	0147-010此10	28	此10	佛說寶雨經十卷（10）	唐達磨流支等譯	大乘經/五大部外重譯經
2-1461	0148-001身01	0	身01	佛說寶雲經七卷(01)	梁曼陀羅仙共僧伽婆羅譯	大乘經/五大部外重譯經
2-1462	0148-002身02	0	身02	佛說寶雲經七卷(02)	梁曼陀羅仙共僧伽婆羅譯	大乘經/五大部外重譯經
2-1463	0148-003身03	0	身03	佛說寶雲經七卷(03)	梁曼陀羅仙共僧伽婆羅譯	大乘經/五大部外重譯經
2-1464	0148-004身04	0	身04	佛說寶雲經七卷(04)	梁曼陀羅仙共僧伽婆羅譯	大乘經/五大部外重譯經
2-1465	0148-005身05	0	身05	佛說寶雲經七卷(05)	梁曼陀羅仙共僧伽婆羅譯	大乘經/五大部外重譯經
2-1466	0148-006身06	0	身06	佛說寶雲經七卷(06)	梁曼陀羅仙共僧伽婆羅譯	大乘經/五大部外重譯經
2-1467	0148-007身07	0	身07	佛說寶雲經七卷(07)	梁曼陀羅仙共僧伽婆羅譯	大乘經/五大部外重譯經
2-1468	0149-001身08	0	身08	佛升忉利天為母說法經三卷(01)	西晉竺法護譯	大乘經/五大部外重譯經
2-1469	0149-002身09	0	身09	佛升忉利天為母說法經三卷(02)	西晉竺法護譯	大乘經/五大部外重譯經
2-1470	0149-003身10	0	身10	佛升忉利天為母說法經三卷(03)	西晉竺法護譯	大乘經/五大部外重譯經
2-1471	0151-001髮01	37	髮01	①相續解脫地波羅蜜了義經一卷②相續解脫如來所作隨順處了義經一卷	劉宋求那跋陀羅譯	大乘經/五大部外重譯經
2-1472	0152-001髮02	21	髮02	佛說解節經一卷	陳真諦譯	大乘經/五大部外重譯經
2-1473	0153-001髮03	42	髮03	不退轉法輪經四卷(01)	失譯人名附北涼錄	大乘經/五大部外重譯經
2-1474	0153-002髮04	39	髮04	不退轉法輪經四卷(02)	失譯人名附北涼錄	大乘經/五大部外重譯經
2-1475	0153-003髮05	43	髮05	不退轉法輪經四卷(03)	失譯人名附北涼錄	大乘經/五大部外重譯經
2-1476	0153-004髮06	0	髮06	不退轉法輪經四卷(04)	失譯人名附北涼錄	大乘經/五大部外重譯經
2-1477	0154-001髮07	0	髮07	廣博嚴淨不退轉法輪經四卷(01)	劉宋智嚴共寶雲譯	大乘經/五大部外重譯經
2-1478	0154-002髮08	0	髮08	廣博嚴淨不退轉法輪經四卷(02)	劉宋智嚴共寶雲譯	大乘經/五大部外重譯經
2-1479	0154-003髮09	38	髮09	廣博嚴淨不退轉法輪經四卷(03)	劉宋智嚴共寶雲譯	大乘經/五大部外重譯經
2-1480	0154-004髮10	0	髮10	廣博嚴淨不退轉法輪經四卷(04)	劉宋智嚴共寶雲譯	大乘經/五大部外重譯經
2-1481	0155-001四01	0	四01	方廣大莊嚴經十二卷（01）	唐地婆訶羅譯	大乘經/五大部外重譯經
2-1482	0155-002四02	32	四02	方廣大莊嚴經十二卷（02）	唐地婆訶羅譯	大乘經/五大部外重譯經
2-1483	0155-003四03	37	四03	方廣大莊嚴經十二卷（03）	唐地婆訶羅譯	大乘經/五大部外重譯經
2-1484	0155-004四04	40	四04	方廣大莊嚴經十二卷（04）	唐地婆訶羅譯	大乘經/五大部外重譯經
2-1485	0155-005四05	36	四05	方廣大莊嚴經十二卷（05）	唐地婆訶羅譯	大乘經/五大部外重譯經
2-1486	0155-006四06	35	四06	方廣大莊嚴經十二卷（06）	唐地婆訶羅譯	大乘經/五大部外重譯經
2-1487	0155-007四07	29	四07	方廣大莊嚴經十二卷（07）	唐地婆訶羅譯	大乘經/五大部外重譯經
2-1488	0155-008四08	32	四08	方廣大莊嚴經十二卷（08）	唐地婆訶羅譯	大乘經/五大部外重譯經
2-1489	0155-009四09	39	四09	方廣大莊嚴經十二卷（09）	唐地婆訶羅譯	大乘經/五大部外重譯經
2-1490	0155-010四10	43	四10	方廣大莊嚴經十二卷（10）	唐地婆訶羅譯	大乘經/五大部外重譯經
2-1491	0155-011大01	36	大01	方廣大莊嚴經十二卷（11）	唐地婆訶羅譯	大乘經/五大部外重譯經
2-1492	0155-012大02	33	大02	方廣大莊嚴經十二卷（12）	唐地婆訶羅譯	大乘經/五大部外重譯經
2-1493	0156-001大03	0	大03	普曜經八卷（01）	西晉竺法護譯	大乘經/五大部外重譯經
2-1494	0156-002大04	40	大04	普曜經八卷（02）	西晉竺法護譯	大乘經/五大部外重譯經
2-1495	0156-003大05	30	大05	普曜經八卷（03）	西晉竺法護譯	大乘經/五大部外重譯經
2-1496	0156-004大06	42	大06	普曜經八卷（04）	西晉竺法護譯	大乘經/五大部外重譯經
2-1497	0156-005大07	36	大07	普曜經八卷（05）	西晉竺法護譯	大乘經/五大部外重譯經
2-1498	0156-006大08	0	大08	普曜經八卷（06）	西晉竺法護譯	大乘經/五大部外重譯經
2-1499	0156-007大09	0	大09	普曜經八卷（07）	西晉竺法護譯	大乘經/五大部外重譯經
2-1500	0156-008大10	32	大10	普曜經八卷（08）	西晉竺法護譯	大乘經/五大部外重譯經
2-1501	0157-001五01	43	五01	伅真陀羅所問寶如來三昧經三卷（01）	後漢支婁迦讖譯	大乘經/五大部外重譯經
2-1502	0157-002五02	0	五02	伅真陀羅所問寶如來三昧經三卷（02）	後漢支婁迦讖譯	大乘經/五大部外重譯經
2-1503	0157-003五03	0	五03	伅真陀羅所問寶如來三昧經三卷（03）	後漢支婁迦讖譯	大乘經/五大部外重譯經
2-1504	0158-001五04	28	五04	大樹緊那羅王所問經四卷（01）	姚秦鳩摩羅什譯	大乘經/五大部外重譯經
2-1505	0158-002五05	37	五05	大樹緊那羅王所問經四卷（02）	姚秦鳩摩羅什譯	大乘經/五大部外重譯經
2-1506	0158-003五06	34	五06	大樹緊那羅王所問經四卷（03）	姚秦鳩摩羅什譯	大乘經/五大部外重譯經
2-1507	0158-004五07	0	五07	大樹緊那羅王所問經四卷（04）	姚秦鳩摩羅什譯	大乘經/五大部外重譯經
2-1508	0159-001五08	24	五08	諸法本無經三卷（01）	隋闍那崛多譯	大乘經/五大部外重譯經
2-1509	0159-002五09	20	五09	諸法本無經三卷（02）	隋闍那崛多譯	大乘經/五大部外重譯經
2-1510	0159-003五10	34	五10	諸法本無經三卷（03）	隋闍那崛多譯	大乘經/五大部外重譯經
2-1511	0160-001常01	37	常01	諸法無行經二卷（01）	姚秦鳩摩羅什譯	大乘經/五大部外重譯經
2-1512	0160-002常02	29	常02	諸法無行經二卷（02）	姚秦鳩摩羅什譯	大乘經/五大部外重譯經
2-1513	0161-001常03	28	常03	持人菩薩所問經四卷（01）	西晉竺法護譯	大乘經/五大部外重譯經
2-1514	0161-002常04	27	常04	持人菩薩所問經四卷（02）	西晉竺法護譯	大乘經/五大部外重譯經
2-1515	0161-003常05	23	常05	持人菩薩所問經四卷（03）	西晉竺法護譯	大乘經/五大部外重譯經
2-1516	0161-004常06	27	常06	持人菩薩所問經四卷（04）	西晉竺法護譯	大乘經/五大部外重譯經
2-1517	0162-001常07	36	常07	持世經四卷（01）	姚秦鳩摩羅什譯	大乘經/五大部外重譯經
2-1518	0162-002常08	40	常08	持世經四卷（02）	姚秦鳩摩羅什譯	大乘經/五大部外重譯經
2-1519	0162-003常09	0	常09	持世經四卷（03）	姚秦鳩摩羅什譯	大乘經/五大部外重譯經
2-1520	0162-004常10	38	常10	持世經四卷（04）	姚秦鳩摩羅什譯	大乘經/五大部外重譯經
2-1521	0163-001恭01	45	恭01	佛說大灌頂神咒經十二卷（01-02）	東晉帛尸梨蜜多羅譯	大乘經/五大部外重譯經
2-1522	0163-002恭02	0	恭02	佛說大灌頂神咒經十二卷（03-04）	東晉帛尸梨蜜多羅譯	大乘經/五大部外重譯經
2-1523	0163-003恭03	0	恭03	佛說大灌頂神咒經十二卷（05-06）	東晉帛尸梨蜜多羅譯	大乘經/五大部外重譯經
2-1524	0163-004恭04	35	恭04	佛說大灌頂神咒經十二卷（07-08）	東晉帛尸梨蜜多羅譯	大乘經/五大部外重譯經
2-1525	0163-005恭05	39	恭05	佛說大灌頂神咒經十二卷（09-10）	東晉帛尸梨蜜多羅譯	大乘經/五大部外重譯經
2-1526	0163-006恭06	44	恭06	佛說大灌頂神咒經十二卷（11-12）	東晉帛尸梨蜜多羅譯	大乘經/五大部外重譯經
2-1527	0164-001恭07	0	恭07	佛說文殊師利現寶藏經二卷（01）	西晉竺法護譯	大乘經/五大部外重譯經
2-1528	0164-002恭08	43	恭08	佛說文殊師利現寶藏經二卷（02）	西晉竺法護譯	大乘經/五大部外重譯經
2-1529	0165-001恭09	39	恭09	大方廣寶篋經二卷（01）	劉宋求那跋陀羅譯	大乘經/五大部外重譯經
2-1530	0165-002恭10	45	恭10	大方廣寶篋經二卷（02）	劉宋求那跋陀羅譯	大乘經/五大部外重譯經
2-1531	0166-001惟01	23	惟01	佛說藥師如來本願經一卷	隋達磨笈多譯	大乘經/五大部外重譯經
2-1532	0167-001惟02	23	惟02	藥師琉璃光如來本願功德經一卷	唐玄奘譯	大乘經/五大部外重譯經
2-1533	0168-001惟03	28	惟03	藥師琉璃光七佛本願功德經二卷（01）	唐義淨譯	大乘經/五大部外重譯經
2-1534	0168-002惟04	27	惟04	藥師琉璃光七佛本願功德經二卷（02）	唐義淨譯	大乘經/五大部外重譯經
2-1535	0169-001惟05	0	惟05	佛說阿闍世王經二卷（01）	後漢支婁迦讖譯	大乘經/五大部外重譯經
2-1536	0169-002惟06	0	惟06	佛說阿闍世王經二卷（02）	後漢支婁迦讖譯	大乘經/五大部外重譯經
2-1537	0170-001惟07	0	惟07	楞伽阿跋多羅寶經四卷（01）	劉宋求那跋陀羅譯	大乘經/五大部外重譯經
2-1538	0170-002惟08	0	惟08	楞伽阿跋多羅寶經四卷（02）	劉宋求那跋陀羅譯	大乘經/五大部外重譯經
2-1539	0170-003惟09	0	惟09	楞伽阿跋多羅寶經四卷（03）	劉宋求那跋陀羅譯	大乘經/五大部外重譯經
2-1540	0170-004惟10	0	惟10	楞伽阿跋多羅寶經四卷（04）	劉宋求那跋陀羅譯	大乘經/五大部外重譯經
2-1541	0171-001鞠01	0	鞠01	入楞伽經十卷（01）	元魏菩提留支譯	大乘經/五大部外重譯經
2-1542	0171-002鞠02	0	鞠02	入楞伽經十卷（02）	元魏菩提留支譯	大乘經/五大部外重譯經
2-1543	0171-003鞠03	0	鞠03	入楞伽經十卷（03）	元魏菩提留支譯	大乘經/五大部外重譯經
2-1544	0171-004鞠04	0	鞠04	入楞伽經十卷（04）	元魏菩提留支譯	大乘經/五大部外重譯經
2-1545	0171-005鞠05	0	鞠05	入楞伽經十卷（05）	元魏菩提留支譯	大乘經/五大部外重譯經
2-1546	0171-006鞠06	0	鞠06	入楞伽經十卷（06）	元魏菩提留支譯	大乘經/五大部外重譯經
2-1547	0171-007鞠07	0	鞠07	入楞伽經十卷（07）	元魏菩提留支譯	大乘經/五大部外重譯經
2-1548	0171-008鞠08	0	鞠08	入楞伽經十卷（08）	元魏菩提留支譯	大乘經/五大部外重譯經
2-1549	0171-009鞠09	0	鞠09	入楞伽經十卷（09）	元魏菩提留支譯	大乘經/五大部外重譯經
2-1550	0171-010鞠10	0	鞠10	入楞伽經十卷（10）	元魏菩提留支譯	大乘經/五大部外重譯經
2-1551	0172-001養01	0	養01	大乘入楞伽經七卷（01）	唐實叉難陀譯	大乘經/五大部外重譯經
2-1552	0172-002養02	0	養02	大乘入楞伽經七卷（02）	唐實叉難陀譯	大乘經/五大部外重譯經
2-1553	0172-003養03	0	養03	大乘入楞伽經七卷（03）	唐實叉難陀譯	大乘經/五大部外重譯經
2-1554	0172-004養04	36	養04	大乘入楞伽經七卷（04）	唐實叉難陀譯	大乘經/五大部外重譯經
2-1555	0172-005養05	42	養05	大乘入楞伽經七卷（05）	唐實叉難陀譯	大乘經/五大部外重譯經
2-1556	0172-006養06	41	養06	大乘入楞伽經七卷（06）	唐實叉難陀譯	大乘經/五大部外重譯經
2-1557	0172-007養07	42	養07	大乘入楞伽經七卷（07）	唐實叉難陀譯	大乘經/五大部外重譯經
2-1558	0173-001養08	31	養08	菩薩行方便境界神通變化經三卷（01）	劉宋求那跋陀羅譯	大乘經/五大部外重譯經
2-1559	0173-002養09	36	養09	菩薩行方便境界神通變化經三卷（02）	劉宋求那跋陀羅譯	大乘經/五大部外重譯經
2-1560	0173-003養10	32	養10	菩薩行方便境界神通變化經三卷（03）	劉宋求那跋陀羅譯	大乘經/五大部外重譯經
2-1561	0174-001豈01	0	豈01	大薩遮尼乾子受記經十卷（01）	元魏菩提留支譯	大乘經/五大部外重譯經
2-1562	0174-002豈02	0	豈02	大薩遮尼乾子受記經十卷（02）	元魏菩提留支譯	大乘經/五大部外重譯經
2-1563	0174-003豈03	0	豈03	大薩遮尼乾子受記經十卷（03）	元魏菩提留支譯	大乘經/五大部外重譯經
2-1564	0174-004豈04	0	豈04	大薩遮尼乾子受記經十卷（04）	元魏菩提留支譯	大乘經/五大部外重譯經
2-1565	0174-005豈05	0	豈05	大薩遮尼乾子受記經十卷（05）	元魏菩提留支譯	大乘經/五大部外重譯經
2-1566	0174-006豈06	0	豈06	大薩遮尼乾子受記經十卷（06）	元魏菩提留支譯	大乘經/五大部外重譯經
2-1567	0174-007豈07	0	豈07	大薩遮尼乾子受記經十卷（07）	元魏菩提留支譯	大乘經/五大部外重譯經
2-1568	0174-008豈08	0	豈08	大薩遮尼乾子受記經十卷（08）	元魏菩提留支譯	大乘經/五大部外重譯經
2-1569	0174-009豈09	28	豈09	大薩遮尼乾子受記經十卷（09）	元魏菩提留支譯	大乘經/五大部外重譯經
2-1570	0174-010豈10	0	豈10	大薩遮尼乾子受記經十卷（10）	元魏菩提留支譯	大乘經/五大部外重譯經
2-1571	0175-001敢01	0	敢01	大乘大悲分陀利經八卷（01）	失譯人名附秦錄	大乘經/五大部外重譯經
2-1572	0175-002敢02	0	敢02	大乘大悲分陀利經八卷（02）	失譯人名附秦錄	大乘經/五大部外重譯經
2-1573	0175-003敢03	0	敢03	大乘大悲分陀利經八卷（03）	失譯人名附秦錄	大乘經/五大部外重譯經
2-1574	0175-004敢04	0	敢04	大乘大悲分陀利經八卷（04）	失譯人名附秦錄	大乘經/五大部外重譯經
2-1575	0175-005敢05	0	敢05	大乘大悲分陀利經八卷（05）	失譯人名附秦錄	大乘經/五大部外重譯經
2-1576	0175-006敢06	0	敢06	大乘大悲分陀利經八卷（06）	失譯人名附秦錄	大乘經/五大部外重譯經
2-1577	0175-007敢07	0	敢07	大乘大悲分陀利經八卷（07）	失譯人名附秦錄	大乘經/五大部外重譯經
2-1578	0175-008敢08	0	敢08	大乘大悲分陀利經八卷（08）	失譯人名附秦錄	大乘經/五大部外重譯經
2-1579	0176-001敢09	0	敢09	善思童子經二卷（01）	隋闍那崛多譯	大乘經/五大部外重譯經
2-1580	0176-002敢10	0	敢10	善思童子經二卷（02）	隋闍那崛多譯	大乘經/五大部外重譯經
2-1581	0177-001毀01	0	毀01	普超三昧經四卷（01）	西晉竺法護譯	大乘經/五大部外重譯經
2-1582	0177-002毀02	0	毀02	普超三昧經四卷（02）	西晉竺法護譯	大乘經/五大部外重譯經
2-1583	0177-003毀03	0	毀03	普超三昧經四卷（03）	西晉竺法護譯	大乘經/五大部外重譯經
2-1584	0178-001毀04	0	毀04	①普超三昧經四卷（04）②佛說放鉢經一卷	①西晉竺法護譯②失譯人名附西晉錄	大乘經/五大部外重譯經
2-1585	0179-001毀05	0	毀05	佛說大淨法門品經一卷	西晉竺法護譯	大乘經/五大部外重譯經
2-1586	0180-001毀06	0	毀06	大莊嚴法門經二卷（01）	隋那連提黎耶舍譯	大乘經/五大部外重譯經
2-1587	0180-002毀07	0	毀07	大莊嚴法門經二卷（02）	隋那連提黎耶舍譯	大乘經/五大部外重譯經
2-1588	0181-001毀08	35	毀08	佛說大方等大雲請雨經一卷	隋闍那崛多等譯	大乘經/五大部外重譯經
2-1589	0182-001毀09	0	毀09	大雲請雨經一卷	北周闍那耶舍等譯	大乘經/五大部外重譯經
2-1590	0183-001毀10	0	毀10	大雲輪請雨經二卷（01-02）	隋那連提耶舍譯	大乘經/五大部外重譯經
2-1591	0184-001傷01	0	傷01	勝思惟梵天所問經六卷（01）	元魏菩提留支譯	大乘經/五大部外重譯經
2-1592	0184-002傷02	0	傷02	勝思惟梵天所問經六卷（02）	元魏菩提留支譯	大乘經/五大部外重譯經
2-1593	0184-003傷03	18	傷03	勝思惟梵天所問經六卷（03）	元魏菩提留支譯	大乘經/五大部外重譯經
2-1594	0184-004傷04	30	傷04	勝思惟梵天所問經六卷（04）	元魏菩提留支譯	大乘經/五大部外重譯經
2-1595	0184-005傷05	0	傷05	勝思惟梵天所問經六卷（05）	元魏菩提留支譯	大乘經/五大部外重譯經
2-1596	0184-006傷06	0	傷06	勝思惟梵天所問經六卷（06）	元魏菩提留支譯	大乘經/五大部外重譯經
2-1597	0185-001傷07	0	傷07	思益梵天所問經四卷（01）	姚秦鳩摩羅什譯	大乘經/五大部外重譯經
2-1598	0185-002傷08	0	傷08	思益梵天所問經四卷（02）	姚秦鳩摩羅什譯	大乘經/五大部外重譯經
2-1599	0185-003傷09	0	傷09	思益梵天所問經四卷（03）	姚秦鳩摩羅什譯	大乘經/五大部外重譯經
2-1600	0185-004傷10	0	傷10	思益梵天所問經四卷（04）	姚秦鳩摩羅什譯	大乘經/五大部外重譯經
2-1601	0186-001女01	0	女01	月燈三昧經十一卷（01）	高齊那連提黎耶舍譯	大乘經/五大部外重譯經
2-1602	0186-002女02	0	女02	月燈三昧經十一卷（02）	高齊那連提黎耶舍譯	大乘經/五大部外重譯經
2-1603	0186-003女03	0	女03	月燈三昧經十一卷（03）	高齊那連提黎耶舍譯	大乘經/五大部外重譯經
2-1604	0186-004女04	0	女04	月燈三昧經十一卷（04-05）	高齊那連提黎耶舍譯	大乘經/五大部外重譯經
2-1605	0186-005女05	0	女05	月燈三昧經十一卷（06）	高齊那連提黎耶舍譯	大乘經/五大部外重譯經
2-1606	0186-006女06	0	女06	月燈三昧經十一卷（07）	高齊那連提黎耶舍譯	大乘經/五大部外重譯經
2-1607	0186-007女07	0	女07	月燈三昧經十一卷（08）	高齊那連提黎耶舍譯	大乘經/五大部外重譯經
2-1608	0186-008女08	0	女08	月燈三昧經十一卷（09）	高齊那連提黎耶舍譯	大乘經/五大部外重譯經
2-1609	0186-009女09	0	女09	月燈三昧經十一卷（10）	高齊那連提黎耶舍譯	大乘經/五大部外重譯經
2-1610	0186-010女10	0	女10	月燈三昧經十一卷（11）	高齊那連提黎耶舍譯	大乘經/五大部外重譯經
2-1611	0188-001慕01	53	慕01	①月燈三昧經一卷②佛說象腋經一卷	①劉宋先公譯②劉宋曇摩蜜多譯	大乘經/五大部外重譯經
2-1612	0190-001慕02	38	慕02	佛說無所希望經一卷	西晉竺法護譯	大乘經/五大部外重譯經
2-1613	0190-002慕03	35	慕03	佛說大乘同性經二卷（01）	北周闍那耶舍共僧安譯	大乘經/五大部外重譯經
2-1614	0190-003慕04	39	慕04	佛說大乘同性經二卷（02）	北周闍那耶舍共僧安譯	大乘經/五大部外重譯經
2-1615	0191-001慕05	0	慕05	佛說證契大乘經二卷（01）	唐地婆訶羅等譯	大乘經/五大部外重譯經
2-1616	0191-002慕06	25	慕06	佛說證契大乘經二卷（02）	唐地婆訶羅等譯	大乘經/五大部外重譯經
2-1617	0192-001慕07	0	慕07	持心梵天所問經四卷（01）	西晉竺法護譯	大乘經/五大部外重譯經
2-1618	0192-002慕08	0	慕08	持心梵天所問經四卷（02）	西晉竺法護譯	大乘經/五大部外重譯經
2-1619	0192-003慕09	0	慕09	持心梵天所問經四卷（03）	西晉竺法護譯	大乘經/五大部外重譯經
2-1620	0192-004慕10	0	慕10	持心梵天所問經四卷（04）	西晉竺法護譯	大乘經/五大部外重譯經
2-1621	0193-001貞01	0	貞01	佛說觀無量壽佛經一卷	劉宋畺良耶舍譯	大乘經/五大部外重譯經
2-1622	0197-001貞02	0	貞02	①稱贊淨土佛攝受經一卷②佛說阿彌陀經一卷③拔一切業障根本得生淨土神咒經一卷④後出阿彌陀佛偈經一卷	①唐玄奘譯②姚秦鳩摩羅什譯③劉宋求那跋陀羅重譯④後漢失譯人名	大乘經/五大部外重譯經
2-1623	0198-001貞03	0	貞03	大阿彌陀經二卷（01）	吳支謙譯	大乘經/五大部外重譯經
2-1624	0198-002貞04	0	貞04	大阿彌陀經二卷（02）	吳支謙譯	大乘經/五大部外重譯經
2-1625	0200-001貞05	0	貞05	①佛說觀彌勒菩薩上生兜率陀天經一卷②佛說彌勒下生經一卷	劉宋沮渠京聲譯	大乘經/五大部外重譯經
2-1626	0202-001貞06	0	貞06	①佛說彌勒來時經一卷②佛說彌勒下生成佛經一卷③佛說觀彌勒菩薩下生經一卷	①失譯人名附東晉錄②唐義淨譯③西晉竺法護譯	大乘經/五大部外重譯經
2-1627	0204-001貞07	0	貞07	佛說彌勒成佛經一卷	姚秦鳩摩羅什譯	大乘經/五大部外重譯經
2-1628	0205-001貞08	0	貞08	佛說第一義法勝經一卷	元魏般若流支譯	大乘經/五大部外重譯經
2-1629	0206-001貞09	0	貞09	佛說大威燈光仙人問疑經一卷	隋闍那崛多譯	大乘經/五大部外重譯經
2-1630	0207-001貞10	0	貞10	一切法高王經一卷	元魏般若流支譯	大乘經/五大部外重譯經
2-1631	0208-001潔01	0	潔01	佛說諸法勇王經一卷	劉宋曇摩蜜多譯	大乘經/五大部外重譯經
2-1632	0209-001潔02	0	潔02	順權方便經二卷（01）	西晉竺法護譯	大乘經/五大部外重譯經
2-1633	0209-002潔03	0	潔03	順權方便經二卷（02）	西晉竺法護譯	大乘經/五大部外重譯經
2-1634	0210-001潔04	0	潔04	佛說樂瓔珞莊嚴方便經一卷	姚秦曇摩耶舍譯	大乘經/五大部外重譯經
2-1635	0215-001潔05	0	潔05	①菩薩睒子經一卷②佛說睒子經一卷③佛說九色鹿經一卷④佛說太子沐魄經一卷⑤太子慕魄經一卷	①失譯人名附西晉錄②乞伏秦聖堅譯③吳支謙譯④西晉竺法護譯⑤後漢安世高譯	大乘經/五大部外重譯經
2-1636	0221-001潔06	0	潔06	①無字寶篋經一卷②大乘離文字普光明藏經一卷③大乘遍照光明藏無字法門經一卷④佛說老女人經一卷⑤佛說老母經一卷⑥佛說老母女六英經一卷	①元魏菩提留支譯②唐地婆訶羅譯③唐地婆訶羅譯④吳支謙譯⑤失譯人名附劉宋錄⑥劉宋求那跋陀羅譯	大乘經/五大部外重譯經
2-1637	0226-001潔07	0	潔07	①佛說長者子製經一卷②佛說菩薩逝經一卷③佛說逝童子經一卷④佛說月光童子經一卷⑤佛說申日兒本經一卷	①後漢安世高譯②西晉白法祖譯③西晉支法度譯④西晉竺法護譯⑤劉宋求那跋陀羅譯	大乘經/五大部外重譯經
2-1638	0227-001潔08	0	潔08	佛說德護長者經二卷（01）	隋那連提黎耶舍譯	大乘經/五大部外重譯經
2-1639	0227-002潔09	0	潔09	佛說德護長者經二卷（02）	隋那連提黎耶舍譯	大乘經/五大部外重譯經
2-1640	0231-001潔10	0	潔10	①佛說犢子經一卷②佛說乳光佛經一卷③佛說無垢賢女經一卷④佛說腹中女聽經一卷	①吳支謙譯②西晉竺法護譯③西晉竺法護譯④北涼曇無讖譯	大乘經/五大部外重譯經
2-1641	0232-001男01	0	男01	佛說轉女身經一卷	劉宋曇摩蜜多譯	大乘經/五大部外重譯經
2-1642	0234-001男02	0	男02	①文殊師利問菩提經一卷②伽耶山頂經一卷	①姚秦鳩摩羅什譯②元魏菩提留支譯	大乘經/五大部外重譯經
2-1643	0236-001男03	0	男03	①佛說象頭精舍經一卷②大乘伽耶山頂經一卷	①隋毘尼多流支譯②唐菩提流志等譯	大乘經/五大部外重譯經
2-1644	0238-001男04	0	男04	①佛說決定總持經一卷②佛說謗佛經一卷	①西晉竺法護譯②元魏菩提留支譯	大乘經/五大部外重譯經
2-1645	0239-001男05	0	男05	大方等大雲經四卷（01）	北涼曇無讖譯	大乘經/五大部外重譯經
2-1646	0239-002男06	0	男06	大方等大雲經四卷（02）	北涼曇無讖譯	大乘經/五大部外重譯經
2-1647	0239-003男07	0	男07	大方等大雲經四卷（03）	北涼曇無讖譯	大乘經/五大部外重譯經
2-1648	0239-004男08	0	男08	大方等大雲經四卷（04）	北涼曇無讖譯	大乘經/五大部外重譯經
2-1649	0240-001男09	0	男09	如來莊嚴智慧光明入一切佛境界經二卷（01）	元魏曇摩流支譯	大乘經/五大部外重譯經
2-1650	0240-002男10	0	男10	如來莊嚴智慧光明入一切佛境界經二卷（02）	元魏曇摩流支譯	大乘經/五大部外重譯經
2-1651	0241-001效01	32	效01	深密解脫經五卷（01）	元魏菩提留支譯	大乘經/五大部外重譯經
2-1652	0241-002效02	29	效02	深密解脫經五卷（02）	元魏菩提留支譯	大乘經/五大部外重譯經
2-1653	0241-003效03	30	效03	深密解脫經五卷（03）	元魏菩提留支譯	大乘經/五大部外重譯經
2-1654	0241-004效04	28	效04	深密解脫經五卷（04）	元魏菩提留支譯	大乘經/五大部外重譯經
2-1655	0241-005效05	28	效05	深密解脫經五卷（05）	元魏菩提留支譯	大乘經/五大部外重譯經
2-1656	0242-001效06	28	效06	解深密經五卷（01）	唐玄奘譯	大乘經/五大部外重譯經
2-1657	0242-002效07	29	效07	解深密經五卷（02）	唐玄奘譯	大乘經/五大部外重譯經
2-1658	0242-003效08	34	效08	解深密經五卷（03）	唐玄奘譯	大乘經/五大部外重譯經
2-1659	0242-004效09	30	效09	解深密經五卷（04）	唐玄奘譯	大乘經/五大部外重譯經
2-1660	0242-005效10	0	效10	解深密經五卷（05）	唐玄奘譯	大乘經/五大部外重譯經
2-1661	0246-001才01	44	才01	①佛說諫王經一卷②如來示教勝軍王經一卷③佛為勝光天子說王法經一卷④寶積三昧文殊師利菩薩問法身經一卷	①劉宋沮渠京聲譯②唐玄奘譯③唐義淨譯④後漢安世高譯	大乘經/五大部外重譯經
2-1662	0247-001才02	28	才02	佛說濟諸方等學經一卷	西晉竺法護譯	大乘經/五大部外重譯經
2-1663	0248-001才03	26	才03	大乘方廣總持經一卷	隋毘尼多流支譯	大乘經/五大部外重譯經
2-1664	0249-001才04	33	才04	太子須大拏經一卷	乞伏秦聖堅譯	大乘經/五大部外重譯經
2-1665	0250-001才05	38	才05	佛說如來智印經一卷	失譯人名附劉宋錄	大乘經/五大部外重譯經
2-1666	0251-001才06	39	才06	佛說慧印三昧經一卷	吳支謙譯	大乘經/五大部外重譯經
2-1667	0252-001才07	29	才07	佛說無極寶三昧經二卷（01）	西晉竺法護譯	大乘經/五大部外重譯經
2-1668	0252-002才08	34	才08	佛說無極寶三昧經二卷（02）	西晉竺法護譯	大乘經/五大部外重譯經
2-1669	0253-001才09	39	才09	寶如來三昧經二卷（01）	東晉祇多蜜譯	大乘經/五大部外重譯經
2-1670	0253-002才10	37	才10	寶如來三昧經二卷（02）	東晉祇多蜜譯	大乘經/五大部外重譯經
2-1671	0254-001良01	37	良01	無上依經二卷（01）	梁真諦譯	大乘經/五大部外重譯經
2-1672	0254-002良02	26	良02	無上依經二卷（02）	梁真諦譯	大乘經/五大部外重譯經
2-1673	0258-001良03	34	良03	①佛說未曾有經一卷②佛說甚希有經一卷③佛說如來師子吼經一卷④佛說大方廣師子吼經一卷	①失譯人名附後漢錄②唐玄奘譯③元魏佛陀扇多譯④唐地婆訶羅等譯	大乘經/五大部外重譯經
2-1674	0263-001良04	42	良04	①佛說大乘百福相經一卷②佛說大乘百福莊嚴相經一卷③佛說大乘四法經一卷④佛說菩薩修行四法經一卷⑤佛說希有校量功德經一卷	①唐地婆訶羅譯②唐地婆訶羅等譯③唐地婆訶羅譯④唐地婆訶羅譯⑤隋闍那崛多譯	大乘經/五大部外重譯經
2-1675	0265-001良05	29	良05	①佛說最無比經一卷②佛說前世三轉經一卷	①唐玄奘譯②西晉法炬譯	大乘經/五大部外重譯經
2-1676	0269-001良06	33	良06	①佛說銀色女經一卷②佛說阿闍世王受決經一卷③採華違王上佛授決經一卷④佛說正恭敬經一卷	①元魏佛陀扇多譯②西晉法炬譯③東晉曇無蘭譯④元魏佛陀扇多譯	大乘經/五大部外重譯經
2-1677	0272-001良07	28	良07	①佛說善恭敬經一卷②稱讃大乘功德經一卷③妙法決定業障經一卷	①隋闍那崛多譯②唐玄奘譯③唐智嚴譯	大乘經/五大部外重譯經
2-1678	0275-001良08	22	良08	①佛說貝多樹下思惟十二因緣經一卷②佛說緣起聖道經一卷③佛說稻稈經一卷	①吳支謙譯②唐玄奘譯③失譯人名附東晉錄	大乘經/五大部外重譯經
2-1679	0278-001良09	37	良09	①佛說了本生死經一卷②佛說自誓三昧經一卷③如來獨證自誓三昧經一卷	①吳支謙譯②後漢安世高譯③西晉竺法護譯	大乘經/五大部外重譯經
2-1680	0282-001良10	0	良10	①佛說轉有經一卷②大方等修多羅王經一卷③佛說文殊師利巡行經一卷④佛說文殊尸利行經一卷	①元魏佛陀扇多譯②元魏菩提留支譯③元魏菩提留支譯④隋闍那崛多譯	大乘經/五大部外重譯經
2-1681	0283-001知01	0	知01	大乘造像功德經二卷（01-02）	唐提雲般若等譯	大乘經/五大部外重譯經
2-1682	0291-001知02	0	知02	①佛說作佛形像經一卷②佛說造立形像福報經一卷③佛說灌佛經一卷④佛說灌洗佛經一卷⑤佛說浴像功德經一卷⑥浴像功德經一卷⑦佛說校量數珠功德經一卷⑧曼殊室利咒藏中校量數珠功德經一卷	①失譯人名附後漢錄②失譯人名附東晉錄③西晉法炬譯④乞伏秦聖堅譯⑤唐寶思惟譯⑥唐義淨譯⑦唐寶思惟譯⑧唐義淨譯	大乘經/五大部外重譯經
2-1683	0299-001知03	0	知03	①佛說龍施女經一卷②佛說龍施菩薩本起經一卷③佛說八吉祥神咒經一卷④佛說八陽神咒經一卷⑤佛說八吉祥經一卷⑥佛說八佛名號經一卷⑦佛說盂蘭盆經一卷⑧佛說報恩奉盆經一卷	①吳支謙譯②西晉竺法護譯③吳支謙譯④西晉竺法護譯⑤梁僧伽婆羅譯⑥隋闍那崛多譯⑦西晉竺法護譯⑧失譯人名附東晉錄	大乘經/五大部外重譯經
2-1684	0300-001知04	0	知04	佛說觀藥王藥上二菩薩經一卷	劉宋良耶舍譯	大乘經/五大部外重譯經
2-1685	0301-001知05	33	知05	佛說大孔雀咒王經三卷（01）	唐義淨譯	大乘經/五大部外重譯經
2-1686	0301-002知06	45	知06	佛說大孔雀咒王經三卷（02）	唐義淨譯	大乘經/五大部外重譯經
2-1687	0301-003知07	37	知07	佛說大孔雀咒王經三卷（03）	唐義淨譯	大乘經/五大部外重譯經
2-1688	0302-001知08	35	知08	佛母大孔雀明王經三卷（01）	唐不空譯	大乘經/五大部外重譯經
2-1689	0302-002知09	0	知09	佛母大孔雀明王經三卷（02）	唐不空譯	大乘經/五大部外重譯經
2-1690	0302-003知10	0	知10	佛母大孔雀明王經三卷（03）	唐不空譯	大乘經/五大部外重譯經
2-1691	0303-001過01	37	過01	佛說孔雀王咒經二卷（01）	梁僧伽婆羅譯	大乘經/五大部外重譯經
2-1692	0303-002過02	44	過02	佛說孔雀王咒經二卷（02）	梁僧伽婆羅譯	大乘經/五大部外重譯經
2-1693	0305-001過03	0	過03	①佛說大孔雀王神咒經一卷②佛說大孔雀王雜神咒經一卷	東晉帛尸黎蜜多羅譯	大乘經/五大部外重譯經
2-1694	0307-001過04	40	過04	①大金色孔雀王咒經一卷②佛說不空羂索咒經一卷	①姚秦鳩摩羅什譯②隋闍那崛多等譯	大乘經/五大部外重譯經
2-1695	0308-001過05	0	過05	不空羂索心咒王經三卷（01-02）	唐寶思惟譯	大乘經/五大部外重譯經
2-1696	0308-002過06	0	過06	不空羂索心咒王經三卷（03）	唐寶思惟譯	大乘經/五大部外重譯經
2-1697	0309-001過07	0	過07	不空羂索陀羅尼經二卷（01）	唐李無諂譯	大乘經/五大部外重譯經
2-1698	0309-002過08	31	過08	不空羂索陀羅尼經二卷（02）	唐李無諂譯	大乘經/五大部外重譯經
2-1699	0310-001過09	24	過09	不空羂索咒心經一卷	唐菩提流志譯	大乘經/五大部外重譯經
2-1700	0311-001過10	26	過10	不空羂索神咒心經一卷	唐玄奘譯	大乘經/五大部外重譯經
2-1701	0312-001必01	37	必01	不空羂索神變真言經三十卷（01）	唐菩提流志譯	大乘經/五大部外重譯經
2-1702	0312-002必02	35	必02	不空羂索神變真言經三十卷（02）	唐菩提流志譯	大乘經/五大部外重譯經
2-1703	0312-003必03	32	必03	不空羂索神變真言經三十卷（03）	唐菩提流志譯	大乘經/五大部外重譯經
2-1704	0312-004必04	30	必04	不空羂索神變真言經三十卷（04）	唐菩提流志譯	大乘經/五大部外重譯經
2-1705	0312-005必05	30	必05	不空羂索神變真言經三十卷（05）	唐菩提流志譯	大乘經/五大部外重譯經
2-1706	0312-006必06	31	必06	不空羂索神變真言經三十卷（06）	唐菩提流志譯	大乘經/五大部外重譯經
2-1707	0312-007必07	34	必07	不空羂索神變真言經三十卷（07）	唐菩提流志譯	大乘經/五大部外重譯經
2-1708	0312-008必08	28	必08	不空羂索神變真言經三十卷（08）	唐菩提流志譯	大乘經/五大部外重譯經
2-1709	0312-009必09	34	必09	不空羂索神變真言經三十卷（09）	唐菩提流志譯	大乘經/五大部外重譯經
2-1710	0312-010必10	26	必10	不空羂索神變真言經三十卷（10）	唐菩提流志譯	大乘經/五大部外重譯經
2-1711	0312-011改01	37	改01	不空羂索神變真言經三十卷（11）	唐菩提流志譯	大乘經/五大部外重譯經
2-1712	0312-012改02	36	改02	不空羂索神變真言經三十卷（12）	唐菩提流志譯	大乘經/五大部外重譯經
2-1713	0312-013改03	29	改03	不空羂索神變真言經三十卷（13）	唐菩提流志譯	大乘經/五大部外重譯經
2-1714	0312-014改04	33	改04	不空羂索神變真言經三十卷（14）	唐菩提流志譯	大乘經/五大部外重譯經
2-1715	0312-015改05	39	改05	不空羂索神變真言經三十卷（15）	唐菩提流志譯	大乘經/五大部外重譯經
2-1716	0312-016改06	29	改06	不空羂索神變真言經三十卷（16）	唐菩提流志譯	大乘經/五大部外重譯經
2-1717	0312-017改07	37	改07	不空羂索神變真言經三十卷（17）	唐菩提流志譯	大乘經/五大部外重譯經
2-1718	0312-018改08	38	改08	不空羂索神變真言經三十卷（18）	唐菩提流志譯	大乘經/五大部外重譯經
2-1719	0312-019改09	44	改09	不空羂索神變真言經三十卷（19）	唐菩提流志譯	大乘經/五大部外重譯經
2-1720	0312-020改10	42	改10	不空羂索神變真言經三十卷（20）	唐菩提流志譯	大乘經/五大部外重譯經
2-1721	0312-021得01	38	得01	不空羂索神變真言經三十卷（21）	唐菩提流志譯	大乘經/五大部外重譯經
2-1722	0312-022得02	0	得02	不空羂索神變真言經三十卷（22）	唐菩提流志譯	大乘經/五大部外重譯經
2-1723	0312-023得03	0	得03	不空羂索神變真言經三十卷（23）	唐菩提流志譯	大乘經/五大部外重譯經
2-1724	0312-024得04	38	得04	不空羂索神變真言經三十卷（24）	唐菩提流志譯	大乘經/五大部外重譯經
2-1725	0312-025得05	0	得05	不空羂索神變真言經三十卷（25）	唐菩提流志譯	大乘經/五大部外重譯經
2-1726	0312-026得06	0	得06	不空羂索神變真言經三十卷（26）	唐菩提流志譯	大乘經/五大部外重譯經
2-1727	0312-027得07	0	得07	不空羂索神變真言經三十卷（27）	唐菩提流志譯	大乘經/五大部外重譯經
2-1728	0312-028得08	0	得08	不空羂索神變真言經三十卷（28）	唐菩提流志譯	大乘經/五大部外重譯經
2-1729	0312-029得09	43	得09	不空羂索神變真言經三十卷（29）	唐菩提流志譯	大乘經/五大部外重譯經
2-1730	0312-030得10	0	得10	不空羂索神變真言經三十卷（30）	唐菩提流志譯	大乘經/五大部外重譯經
2-1731	0313-001能01	42	能01	千眼千臂觀世音菩薩陀羅尼神咒經二卷（01-02）	唐智通譯	大乘經/五大部外重譯經
2-1732	0314-001能02	43	能02	千手千眼觀世音菩薩姥陀羅尼身經一卷	唐菩提流志譯	大乘經/五大部外重譯經
2-1733	0315-001能03	45	能03	千手千眼觀世音菩薩廣大圓滿無礙大悲心陀羅尼經一卷	唐伽梵達摩譯	大乘經/五大部外重譯經
2-1734	0318-001能04	0	能04	①觀世音菩薩秘密藏神咒經一卷②觀世音菩薩如意摩尼陀羅尼經一卷③觀自在菩薩如意心陀羅尼咒經一卷	①唐實叉難陀譯②唐寶思惟譯③唐義淨譯	大乘經/五大部外重譯經
2-1735	0319-001能05	47	能05	如意輪陀羅尼經一卷	唐菩提流志譯	大乘經/五大部外重譯經
2-1736	0320-001能06	46	能06	觀自在菩薩怛嚩多唎隨心陀羅尼經一卷	唐智通譯	大乘經/五大部外重譯經
2-1737	0322-001能07	41	能07	①請觀世音菩薩消伏毒害陀羅尼咒經一卷②佛說十一面觀世音神咒經一卷	①東晉竺難提譯②北周耶舍崛多等譯	大乘經/五大部外重譯經
2-1738	0328-001能08	32	能08	①十一面神咒心經一卷②千轉陀羅尼觀世音菩薩咒經一卷③咒五首經一卷④六字神咒經一卷⑤咒三首經一卷	①唐玄奘譯②唐智通譯③唐玄奘譯④唐菩提流志譯⑤唐地婆訶羅譯	大乘經/五大部外重譯經
2-1739	0331-001能09	29	能09	①大方廣菩薩藏經中文殊師利根本一字陀羅尼法一卷②曼殊室利菩薩咒藏中一字咒王經一卷③十二佛名神咒校量功德除障滅罪經一卷④佛說稱讃如來功德神咒經一卷	①唐寶思惟譯②唐義淨譯③隋闍那崛多譯④唐義淨譯	大乘經/五大部外重譯經
2-1740	0336-001能10	37	能10	①華積陀羅尼神咒經一卷②師子奮迅菩薩所問經一卷③佛說華聚陀羅尼咒經一卷④六字咒王經一卷⑤六字神咒王經一卷	①吳支謙譯②失譯人名附東晉錄③失譯人名附東晉錄④失譯人名附東晉錄⑤失譯人名附梁錄	大乘經/五大部外重譯經
2-1741	0340-001莫01	56	莫01	①梵女首意經一卷②有德女所問大乘經一卷③佛說七俱胝佛母心大準提陁羅尼經一卷④佛說七俱胝佛母準提大明陁羅尼經一卷	①西晉竺法護譯②唐菩提流志譯③唐地婆訶羅譯④唐金剛智譯	大乘經/五大部外重譯經
2-1742	0341-001莫02	37	莫02	七俱胝佛母所說準提陀羅尼經一卷	唐不空譯	大乘經/五大部外重譯經
2-1743	0343-001莫03	28	莫03	①種種雜咒經一卷②佛頂尊勝陀羅尼經一卷	①北周闍那崛多譯②唐杜行顗譯	大乘經/五大部外重譯經
2-1744	0345-001莫04	33	莫04	①佛頂尊勝陀羅尼經一卷②佛說佛頂尊勝陁羅尼經一卷	①唐佛陀波利譯②唐義淨譯	大乘經/五大部外重譯經
2-1745	0347-001莫05	37	莫05	①最勝佛頂陀羅尼經淨除業障經一卷②佛頂最勝陀羅尼經一卷	唐地婆訶羅譯	大乘經/五大部外重譯經
2-1746	0349-001莫06	37	莫06	①舍利弗陁羅尼經一卷②佛說無量門破魔陁羅尼經一卷	①梁僧伽婆羅譯②劉宋功德直共音陽譯	大乘經/五大部外重譯經
2-1747	0351-001莫07	26	莫07	①佛說無量門微密持經一卷②佛說出生無量門持經一卷	①吳支謙譯②東晉佛陀跋陀羅譯	大乘經/五大部外重譯經
2-1748	0353-001莫08	38	莫08	①阿難陀目佉尼訶離陀隣尼經一卷②阿難陀目佉尼訶離陀經一卷	①元魏佛陀扇多譯②劉宋求那跋陀羅譯	大乘經/五大部外重譯經
2-1749	0354-001莫09	24	莫09	佛說一向出生菩薩經一卷	隋闍那崛多譯	大乘經/五大部外重譯經
2-1750	0357-001莫10	36	莫10	①出生無邊門陀羅尼經一卷②勝幢臂印陀羅尼經一卷③妙臂印幢陀羅尼經一卷	①唐智嚴譯②唐玄奘譯③唐實叉難陀譯	大乘經/五大部外重譯經
2-1751	0358-001忘01	0	忘01	佛說陀羅尼集經十三卷（01）	唐阿地瞿多譯	大乘經/五大部外重譯經
2-1752	0358-002忘02	0	忘02	佛說陀羅尼集經十三卷（02）	唐阿地瞿多譯	大乘經/五大部外重譯經
2-1753	0358-003忘03	42	忘03	佛說陀羅尼集經十三卷（03）	唐阿地瞿多譯	大乘經/五大部外重譯經
2-1754	0358-004忘04	37	忘04	佛說陀羅尼集經十三卷（04）	唐阿地瞿多譯	大乘經/五大部外重譯經
2-1755	0358-005忘05	0	忘05	佛說陀羅尼集經十三卷（05）	唐阿地瞿多譯	大乘經/五大部外重譯經
2-1756	0358-006忘06	49	忘06	佛說陀羅尼集經十三卷（06）	唐阿地瞿多譯	大乘經/五大部外重譯經
2-1757	0358-007忘07	0	忘07	佛說陀羅尼集經十三卷（07）	唐阿地瞿多譯	大乘經/五大部外重譯經
2-1758	0358-008忘08	65	忘08	佛說陀羅尼集經十三卷（08）	唐阿地瞿多譯	大乘經/五大部外重譯經
2-1759	0358-009忘09	53	忘09	佛說陀羅尼集經十三卷（09）	唐阿地瞿多譯	大乘經/五大部外重譯經
2-1760	0358-010忘10	0	忘10	佛說陀羅尼集經十三卷（10）	唐阿地瞿多譯	大乘經/五大部外重譯經
2-1761	0358-011罔01	50	罔01	佛說陀羅尼集經十三卷（11）	唐阿地瞿多譯	大乘經/五大部外重譯經
2-1762	0358-012罔02	49	罔02	佛說陀羅尼集經十三卷（12）	唐阿地瞿多譯	大乘經/五大部外重譯經
2-1763	0358-013罔03	72	罔03	佛說陀羅尼集經十三卷（13）	唐阿地瞿多譯	大乘經/五大部外重譯經
2-1764	0362-001罔04	50	罔04	①佛說持句神咒經一卷②佛說陀鄰尼鉢經一卷③東方最勝燈王如來助護持世間神咒經一卷④如來方便善巧咒經一卷	①吳支謙譯②東晉曇無蘭譯③隋闍那崛多譯④隋闍那崛多譯	大乘經/五大部外重譯經
2-1765	0363-001罔05	22	罔05	虛空藏菩薩問七佛陀羅尼咒經一卷	失譯人名附梁錄	大乘經/五大部外重譯經
2-1766	0366-001罔06	39	罔06	①善法方便陀羅尼咒經一卷②金剛秘密善門陀羅尼經一卷③護命法門神咒經一卷	①失譯人名附東晉錄②失譯人名附東晉錄③唐菩提流志譯	大乘經/五大部外重譯經
2-1767	0367-001罔07	27	罔07	金剛場陀羅尼經一卷	隋闍那崛多譯	大乘經/五大部外重譯經
2-1768	0368-001罔08	27	罔08	金剛上味陀羅尼經一卷	元魏佛陀扇多譯	大乘經/五大部外重譯經
2-1769	0369-001罔09	29	罔09	佛說無崖際總持法門經一卷	乞伏秦聖堅譯	大乘經/五大部外重譯經
2-1770	0370-001罔10	34	罔10	尊勝菩薩所問一切諸法入無量法門陀羅尼經一卷	高齊萬天懿譯	大乘經/五大部外重譯經
2-1771	0371-001談01	44	談01	十住斷結經十四卷（01）	姚秦竺佛念譯	大乘經/單經譯
2-1772	0371-002談02	50	談02	十住斷結經十四卷（02-03）	姚秦竺佛念譯	大乘經/單經譯
2-1773	0371-003談03	52	談03	十住斷結經十四卷（04）	姚秦竺佛念譯	大乘經/單經譯
2-1774	0371-004談04	50	談04	十住斷結經十四卷（05-06）	姚秦竺佛念譯	大乘經/單經譯
2-1775	0371-005談05	25	談05	十住斷結經十四卷（07）	姚秦竺佛念譯	大乘經/單經譯
2-1776	0371-006談06	32	談06	十住斷結經十四卷（08）	姚秦竺佛念譯	大乘經/單經譯
2-1777	0371-007談07	37	談07	十住斷結經十四卷（09）	姚秦竺佛念譯	大乘經/單經譯
2-1778	0371-008談08	38	談08	十住斷結經十四卷（10）	姚秦竺佛念譯	大乘經/單經譯
2-1779	0371-009談09	29	談09	十住斷結經十四卷（11）	姚秦竺佛念譯	大乘經/單經譯
2-1780	0371-010談10	49	談10	十住斷結經十四卷（12）	姚秦竺佛念譯	大乘經/單經譯
2-1781	0371-011彼01	49	彼01	十住斷結經十四卷（13）	姚秦竺佛念譯	大乘經/單經譯
2-1782	0371-012彼02	49	彼02	十住斷結經十四卷（14）	姚秦竺佛念譯	大乘經/單經譯
2-1783	0373-001彼03	32	彼03	①菩薩道樹經一卷②菩薩生地經一卷	吳支謙譯	大乘經/單經譯
2-1784	0374-001彼04	36	彼04	佛說孛經一卷	吳支謙譯	大乘經/單經譯
2-1785	0375-001彼05	24	彼05	無垢淨光大陀羅尼經一卷	唐彌陀山等譯	大乘經/單經譯
2-1786	0376-001彼06	26	彼06	成具光明定意經一卷	後漢支曜譯	大乘經/單經譯
2-1787	0377-001彼07	30	彼07	摩訶摩耶經二卷（01）	蕭齊曇景譯	大乘經/單經譯
2-1788	0377-002彼08	25	彼08	摩訶摩耶經二卷（02）	蕭齊曇景譯	大乘經/單經譯
2-1789	0379-001彼09	31	彼09	①諸德福田經一卷②大方等如來藏經一卷	①西晉法立共法炬譯②東晉佛陀跋陀羅譯	大乘經/單經譯
2-1790	0380-001彼10	49	彼10	佛說寶網經一卷	西晉竺法護譯	大乘經/單經譯
2-1791	0384-001短01	43	短01	①佛說內藏百寶經一卷②佛說溫室洗浴眾僧經一卷③佛說菩薩行五十緣身經一卷④佛說菩薩修行經一卷	①後漢支婁迦讖譯②後漢安世高譯③西晉竺法護譯④西晉白法祖譯	大乘經/單經譯
2-1792	0387-001短02	0	短02	①佛說金色王經一卷②佛語法門經一卷③佛說四不可得經一卷	①元魏般若流支譯②元魏菩提留支譯③西晉竺法護譯	大乘經/單經譯
2-1793	0388-001短03	45	短03	須真天子經二卷（01）	西晉竺法護譯	大乘經/單經譯
2-1794	0388-002短04	44	短04	須真天子經二卷（02）	西晉竺法護譯	大乘經/單經譯
2-1795	0389-001短05	0	短05	佛說觀普賢菩薩行法經一卷	劉宋曇摩蜜多譯	大乘經/單經譯
2-1796	0390-001短06	0	短06	觀世音菩薩得大勢菩薩受記經一卷	劉宋曇無竭譯	大乘經/單經譯
2-1797	0391-001短07	27	短07	不思議光菩薩所說經一卷	姚秦鳩摩羅什譯	大乘經/單經譯
2-1798	0392-001短08	50	短08	超日明三昧經二卷（01）	西晉聶承遠譯	大乘經/單經譯
2-1799	0392-002短09	0	短09	超日明三昧經二卷（02）	西晉聶承遠譯	大乘經/單經譯
2-1800	0393-001短10	34	短10	除恐災患經一卷	乞伏秦聖堅譯	大乘經/單經譯
2-1801	0394-001靡01	36	靡01	佛說首楞嚴三昧經三卷（01）	姚秦鳩摩羅什譯	大乘經/單經譯
2-1802	0394-002靡02	33	靡02	佛說首楞嚴三昧經三卷（02）	姚秦鳩摩羅什譯	大乘經/單經譯
2-1803	0394-003靡03	33	靡03	佛說首楞嚴三昧經三卷（03）	姚秦鳩摩羅什譯	大乘經/單經譯
2-1804	0395-001靡04	36	靡04	未曾有因緣經二卷（01）	蕭齊曇景譯	大乘經/單經譯
2-1805	0395-002靡05	41	靡05	未曾有因緣經二卷（02）	蕭齊曇景譯	大乘經/單經譯
2-1806	0396-001靡06	38	靡06	諸佛要集經二卷（01）	西晉竺法護譯	大乘經/單經譯
2-1807	0396-002靡07	43	靡07	諸佛要集經二卷（02）	西晉竺法護譯	大乘經/單經譯
2-1808	0397-001靡08	36	靡08	稱揚諸佛功德經三卷（01）	元魏吉迦夜共曇曜譯	大乘經/單經譯
2-1809	0397-002靡09	33	靡09	稱揚諸佛功德經三卷（02）	元魏吉迦夜共曇曜譯	大乘經/單經譯
2-1810	0397-003靡10	37	靡10	稱揚諸佛功德經三卷（03）	元魏吉迦夜共曇曜譯	大乘經/單經譯
2-1811	0398-001恃01	0	恃01	賢劫經十卷（01）	西晉竺法護譯	大乘經/單經譯
2-1812	0398-002恃02	0	恃02	賢劫經十卷（02）	西晉竺法護譯	大乘經/單經譯
2-1813	0398-003恃03	40	恃03	賢劫經十卷（03）	西晉竺法護譯	大乘經/單經譯
2-1814	0398-004恃04	41	恃04	賢劫經十卷（04）	西晉竺法護譯	大乘經/單經譯
2-1815	0398-005恃05	32	恃05	賢劫經十卷（05）	西晉竺法護譯	大乘經/單經譯
2-1816	0398-006恃06	46	恃06	賢劫經十卷（06）	西晉竺法護譯	大乘經/單經譯
2-1817	0398-007恃07	46	恃07	賢劫經十卷（07）	西晉竺法護譯	大乘經/單經譯
2-1818	0398-008恃08	38	恃08	賢劫經十卷（08）	西晉竺法護譯	大乘經/單經譯
2-1819	0398-009恃09	36	恃09	賢劫經十卷（09）	西晉竺法護譯	大乘經/單經譯
2-1820	0398-010恃10	46	恃10	賢劫經十卷（10）	西晉竺法護譯	大乘經/單經譯
2-1821	0399-001己01	42	己01	佛說佛名經十二卷（01）	元魏菩提留支譯	大乘經/單經譯
2-1822	0399-002己02	41	己02	佛說佛名經十二卷（02）	元魏菩提留支譯	大乘經/單經譯
2-1823	0399-003己03	0	己03	佛說佛名經十二卷（03）	元魏菩提留支譯	大乘經/單經譯
2-1824	0399-004己04	31	己04	佛說佛名經十二卷（04）	元魏菩提留支譯	大乘經/單經譯
2-1825	0399-005己05	32	己05	佛說佛名經十二卷（05）	元魏菩提留支譯	大乘經/單經譯
2-1826	0399-006己06	23	己06	佛說佛名經十二卷（06）	元魏菩提留支譯	大乘經/單經譯
2-1827	0399-007己07	46	己07	佛說佛名經十二卷（07）	元魏菩提留支譯	大乘經/單經譯
2-1828	0399-008己08	0	己08	佛說佛名經十二卷（08）	元魏菩提留支譯	大乘經/單經譯
2-1829	0399-009己09	33	己09	佛說佛名經十二卷（09）	元魏菩提留支譯	大乘經/單經譯
2-1830	0399-010己10	37	己10	佛說佛名經十二卷（10）	元魏菩提留支譯	大乘經/單經譯
2-1831	0399-011長01	0	長01	佛說佛名經十二卷（11）	元魏菩提留支譯	大乘經/單經譯
2-1832	0399-012長02	40	長02	佛說佛名經十二卷（12）	元魏菩提留支譯	大乘經/單經譯
2-1833	0400-001長03	36	長03	過去莊嚴劫千佛名經一卷	失譯人名附梁錄	大乘經/單經譯
2-1834	0401-001長04	31	長04	現在賢劫千佛名經一卷	失譯人名附梁錄	大乘經/單經譯
2-1835	0402-001長05	36	長05	未來星宿劫千佛名經一卷	失譯人名附梁錄	大乘經/單經譯
2-1836	0403-001長06	55	長06	五千五百佛名神咒除障滅罪經八卷（01-02）	隋闍那崛多等譯	大乘經/單經譯
2-1837	0403-002長07	32	長07	五千五百佛名神咒除障滅罪經八卷（03）	隋闍那崛多等譯	大乘經/單經譯
2-1838	0403-003長08	0	長08	五千五百佛名神咒除障滅罪經八卷（04）	隋闍那崛多等譯	大乘經/單經譯
2-1839	0403-004長09	52	長09	佛說五千五百佛名神咒除障滅罪經八卷（05-06）	隋闍那崛多等譯	大乘經/單經譯
2-1840	0403-005長10	0	長10	佛說五千五百佛名神咒除障滅罪經八卷（07-08）	隋闍那崛多等譯	大乘經/單經譯
2-1841	0404-001信01	48	信01	力莊嚴三昧經三卷（01-02）	隋那連提耶舍譯	大乘經/單經譯
2-1842	0406-001信02	0	信02	①力莊嚴三昧經三卷（03）②佛說八部佛名經一卷③百佛名經一卷	①隋那連提耶舍譯②元魏般若流支譯③隋那連提耶舍譯	大乘經/單經譯
2-1843	0407-001信03	26	信03	佛說不思議功德諸佛所護念經二卷（01）	隋闍那崛多譯	大乘經/單經譯
2-1844	0407-002信04	32	信04	佛說不思議功德諸佛所護念經二卷（02）	隋闍那崛多譯	大乘經/單經譯
2-1845	0410-001信05	47	信05	①金剛三昧本性清淨不壞不滅經一卷②佛說師子月佛本生經一卷③演道俗業經一卷	①失譯人名附三秦錄②失譯人名附三秦錄③乞伏秦聖堅譯	大乘經/單經譯
2-1846	0415-001信06	0	信06	①佛說長者法志妻經一卷②佛說薩羅國經一卷③佛說十吉祥經一卷④佛說長者女庵提遮師子吼了義經一卷⑤佛說一切智光明仙人慈心因緣不食肉經一卷	①失譯人名附北涼錄②失譯人名附東晉錄③失譯人名附秦錄④失譯人名附梁錄⑤失譯人名附秦錄	大乘經/單經譯
2-1847	0416-001信07	35	信07	大方等陀羅尼經四卷（01）	北涼法眾譯	大乘經/單經譯
2-1848	0416-002信08	33	信08	大方等陀羅尼經四卷（02）	北涼法眾譯	大乘經/單經譯
2-1849	0416-003信09	0	信09	大方等陀羅尼經四卷（03）	北涼法眾譯	大乘經/單經譯
2-1850	0416-004信10	0	信10	大方等陀羅尼經四卷（04）	北涼法眾譯	大乘經/單經譯
2-1851	0417-001使01	29	使01	大法炬陀羅尼經二十卷（01）	隋闍那崛多等譯	大乘經/單經譯
2-1852	0417-002使02	29	使02	大法炬陀羅尼經二十卷（02）	隋闍那崛多等譯	大乘經/單經譯
2-1853	0417-003使03	29	使03	大法炬陀羅尼經二十卷（03）	隋闍那崛多等譯	大乘經/單經譯
2-1854	0417-004使04	31	使04	大法炬陀羅尼經二十卷（04）	隋闍那崛多等譯	大乘經/單經譯
2-1855	0417-005使05	29	使05	大法炬陀羅尼經二十卷（05）	隋闍那崛多等譯	大乘經/單經譯
2-1856	0417-006使06	29	使06	大法炬陀羅尼經二十卷（06）	隋闍那崛多等譯	大乘經/單經譯
2-1857	0417-007使07	29	使07	大法炬陀羅尼經二十卷（07）	隋闍那崛多等譯	大乘經/單經譯
2-1858	0417-008使08	29	使08	大法炬陀羅尼經二十卷（08）	隋闍那崛多等譯	大乘經/單經譯
2-1859	0417-009使09	27	使09	大法炬陀羅尼經二十卷（09）	隋闍那崛多等譯	大乘經/單經譯
2-1860	0417-010使10	31	使10	大法炬陀羅尼經二十卷（10）	隋闍那崛多等譯	大乘經/單經譯
2-1861	0417-011可01	32	可01	大法炬陀羅尼經二十卷（11）	隋闍那崛多等譯	大乘經/單經譯
2-1862	0417-012可02	28	可02	大法炬陀羅尼經二十卷（12）	隋闍那崛多等譯	大乘經/單經譯
2-1863	0417-013可03	30	可03	大法炬陀羅尼經二十卷（13）	隋闍那崛多等譯	大乘經/單經譯
2-1864	0417-014可04	32	可04	大法炬陀羅尼經二十卷（14）	隋闍那崛多等譯	大乘經/單經譯
2-1865	0417-015可05	33	可05	大法炬陀羅尼經二十卷（15）	隋闍那崛多等譯	大乘經/單經譯
2-1866	0417-016可06	25	可06	大法炬陀羅尼經二十卷（16）	隋闍那崛多等譯	大乘經/單經譯
2-1867	0417-017可07	30	可07	大法炬陀羅尼經二十卷（17）	隋闍那崛多等譯	大乘經/單經譯
2-1868	0417-018可08	27	可08	大法炬陀羅尼經二十卷（18）	隋闍那崛多等譯	大乘經/單經譯
2-1869	0417-019可09	31	可09	大法炬陀羅尼經二十卷（19）	隋闍那崛多等譯	大乘經/單經譯
2-1870	0417-020可10	31	可10	大法炬陀羅尼經二十卷（20）	隋闍那崛多等譯	大乘經/單經譯
2-1871	0418-001覆01	34	覆01	大威德陀羅尼經二十卷（01）	隋闍那崛多等譯	大乘經/單經譯
2-1872	0418-002覆02	0	覆02	大威德陀羅尼經二十卷（02）	隋闍那崛多等譯	大乘經/單經譯
2-1873	0418-003覆03	29	覆03	大威德陀羅尼經二十卷（03）	隋闍那崛多等譯	大乘經/單經譯
2-1874	0418-004覆04	33	覆04	大威德陀羅尼經二十卷（04）	隋闍那崛多等譯	大乘經/單經譯
2-1875	0418-005覆05	33	覆05	大威德陀羅尼經二十卷（05）	隋闍那崛多等譯	大乘經/單經譯
2-1876	0418-006覆06	35	覆06	大威德陀羅尼經二十卷（06）	隋闍那崛多等譯	大乘經/單經譯
2-1877	0418-007覆07	29	覆07	大威德陀羅尼經二十卷（07）	隋闍那崛多等譯	大乘經/單經譯
2-1878	0418-008覆08	28	覆08	大威德陀羅尼經二十卷（08）	隋闍那崛多等譯	大乘經/單經譯
2-1879	0418-009覆09	0	覆09	大威德陀羅尼經二十卷（09-10）	隋闍那崛多等譯	大乘經/單經譯
2-1880	0418-010覆10	43	覆10	大威德陀羅尼經二十卷（11-12）	隋闍那崛多等譯	大乘經/單經譯
2-1881	0418-011器01	0	器01	大威德陀羅尼經二十卷（13-14）	隋闍那崛多等譯	大乘經/單經譯
2-1882	0418-012器02	23	器02	大威德陀羅尼經二十卷（15）	隋闍那崛多等譯	大乘經/單經譯
2-1883	0418-013器03	0	器03	大威德陀羅尼經二十卷（16）	隋闍那崛多等譯	大乘經/單經譯
2-1884	0418-014器04	28	器04	大威德陀羅尼經二十卷（17）	隋闍那崛多等譯	大乘經/單經譯
2-1885	0418-015器05	28	器05	大威德陀羅尼經二十卷（18）	隋闍那崛多等譯	大乘經/單經譯
2-1886	0418-016器06	0	器06	大威德陀羅尼經二十卷（19-20）	隋闍那崛多等譯	大乘經/單經譯
2-1887	0419-001器07	0	器07	觀察諸法行經四卷（01）	隋闍那崛多等譯	大乘經/單經譯
2-1888	0419-002器08	26	器08	觀察諸法行經四卷（02）	隋闍那崛多等譯	大乘經/單經譯
2-1889	0419-003器09	34	器09	觀察諸法行經四卷（03）	隋闍那崛多等譯	大乘經/單經譯
2-1890	0419-004器10	42	器10	觀察諸法行經四卷（04）	隋闍那崛多等譯	大乘經/單經譯
2-1891	0420-001欲01	43	欲01	佛說華手經十卷（01）	姚秦鳩摩羅什譯	大乘經/單經譯
2-1892	0420-002欲02	0	欲02	佛說華手經十卷（02）	姚秦鳩摩羅什譯	大乘經/單經譯
2-1893	0420-003欲03	45	欲03	佛說華手經十卷（03）	姚秦鳩摩羅什譯	大乘經/單經譯
2-1894	0420-004欲04	47	欲04	佛說華手經十卷（04）	姚秦鳩摩羅什譯	大乘經/單經譯
2-1895	0420-005欲05	48	欲05	佛說華手經十卷（05）	姚秦鳩摩羅什譯	大乘經/單經譯
2-1896	0420-006欲06	56	欲06	佛說華手經十卷（06）	姚秦鳩摩羅什譯	大乘經/單經譯
2-1897	0420-007欲07	0	欲07	佛說華手經十卷（07）	姚秦鳩摩羅什譯	大乘經/單經譯
2-1898	0420-008欲08	0	欲08	佛說華手經十卷（08）	姚秦鳩摩羅什譯	大乘經/單經譯
2-1899	0420-009欲09	0	欲09	佛說華手經十卷（09）	姚秦鳩摩羅什譯	大乘經/單經譯
2-1900	0420-010欲10	44	欲10	佛說華手經十卷（10）	姚秦鳩摩羅什譯	大乘經/單經譯
2-1901	0421-001難01	0	難01	法集經六卷（01）	元魏菩提留支譯	大乘經/單經譯
2-1902	0421-002難02	34	難02	法集經六卷（02）	元魏菩提留支譯	大乘經/單經譯
2-1903	0421-003難03	0	難03	法集經六卷（03）	元魏菩提留支譯	大乘經/單經譯
2-1904	0421-004難04	0	難04	法集經六卷（04）	元魏菩提留支譯	大乘經/單經譯
2-1905	0421-005難05	0	難05	法集經六卷（05）	元魏菩提留支譯	大乘經/單經譯
2-1906	0421-006難06	0	難06	法集經六卷（06）	元魏菩提留支譯	大乘經/單經譯
2-1907	0422-001難07	0	難07	大方廣圓覺修多羅了義經一卷	唐佛陀多羅譯	大乘經/單經譯
2-1908	0423-001難08	29	難08	佛說施燈功德經一卷	高齊那連提黎耶舍譯	大乘經/單經譯
2-1909	0424-001難09	0	難09	金剛三昧經二卷	失譯人名附北涼錄	大乘經/單經譯
2-1910	0424-002難10	0	難10	金剛三昧經二卷	失譯人名附北涼錄	大乘經/單經譯
2-1911	0425-001量01	34	量01	觀佛三昧海經十卷（01）	東晉佛陀跋陀羅譯	大乘經/單經譯
2-1912	0425-002量02	34	量02	觀佛三昧海經十卷（02）	東晉佛陀跋陀羅譯	大乘經/單經譯
2-1913	0425-003量03	38	量03	觀佛三昧海經十卷（03）	東晉佛陀跋陀羅譯	大乘經/單經譯
2-1914	0425-004量04	0	量04	觀佛三昧海經十卷（04）	東晉佛陀跋陀羅譯	大乘經/單經譯
2-1915	0425-005量05	34	量05	觀佛三昧海經十卷（05）	東晉佛陀跋陀羅譯	大乘經/單經譯
2-1916	0425-006量06	25	量06	觀佛三昧海經十卷（06）	東晉佛陀跋陀羅譯	大乘經/單經譯
2-1917	0425-007量07	28	量07	觀佛三昧海經十卷（07）	東晉佛陀跋陀羅譯	大乘經/單經譯
2-1918	0425-008量08	0	量08	觀佛三昧海經十卷（08）	東晉佛陀跋陀羅譯	大乘經/單經譯
2-1919	0425-009量09	34	量09	觀佛三昧海經十卷（09）	東晉佛陀跋陀羅譯	大乘經/單經譯
2-1920	0425-010量10	26	量10	觀佛三昧海經十卷（10）	東晉佛陀跋陀羅譯	大乘經/單經譯
2-1921	0426-001墨01	41	墨01	大方便佛報恩經七卷（01）	失譯人名附後漢錄	大乘經/單經譯
2-1922	0426-002墨02	38	墨02	大方便佛報恩經七卷（02）	失譯人名附後漢錄	大乘經/單經譯
2-1923	0426-003墨03	37	墨03	大方便佛報恩經七卷（03）	失譯人名附後漢錄	大乘經/單經譯
2-1924	0426-004墨04	0	墨04	大方便佛報恩經七卷（04）	失譯人名附後漢錄	大乘經/單經譯
2-1925	0426-005墨05	0	墨05	大方便佛報恩經七卷（05）	失譯人名附後漢錄	大乘經/單經譯
2-1926	0426-006墨06	0	墨06	大方便佛報恩經七卷（06）	失譯人名附後漢錄	大乘經/單經譯
2-1927	0426-007墨07	0	墨07	大方便佛報恩經七卷（07）	失譯人名附後漢錄	大乘經/單經譯
2-1928	0427-001墨08	30	墨08	菩薩本行經三卷（01）	失譯人名附東晉錄	大乘經/單經譯
2-1929	0427-002墨09	32	墨09	菩薩本行經三卷（02）	失譯人名附東晉錄	大乘經/單經譯
2-1930	0427-003墨10	31	墨10	菩薩本行經三卷（03）	失譯人名附東晉錄	大乘經/單經譯
2-1931	0428-001悲01	47	悲01	菩薩處胎經五卷（01）	姚秦竺佛念譯	大乘經/單經譯
2-1932	0428-002悲02	50	悲02	菩薩處胎經五卷（02）	姚秦竺佛念譯	大乘經/單經譯
2-1933	0428-003悲03	50	悲03	菩薩處胎經五卷（03）	姚秦竺佛念譯	大乘經/單經譯
2-1934	0428-004悲04	51	悲04	菩薩處胎經五卷（04）	姚秦竺佛念譯	大乘經/單經譯
2-1935	0428-005悲05	42	悲05	菩薩處胎經五卷（05）	姚秦竺佛念譯	大乘經/單經譯
2-1936	0429-001悲06	44	悲06	央掘魔羅經四卷（01）	劉宋求那跋陀羅譯	大乘經/單經譯
2-1937	0429-002悲07	47	悲07	央掘魔羅經四卷（02）	劉宋求那跋陀羅譯	大乘經/單經譯
2-1938	0429-003悲08	36	悲08	央掘魔羅經四卷（03）	劉宋求那跋陀羅譯	大乘經/單經譯
2-1939	0429-004悲09	39	悲09	央掘魔羅經四卷（04）	劉宋求那跋陀羅譯	大乘經/單經譯
2-1940	0431-001悲10	28	悲10	①菩薩內習六波羅蜜經一卷②菩薩投身飼餓虎起塔因緣經一卷	①後漢嚴佛調譯②北涼法盛譯	大乘經/單經譯
2-1941	0432-001絲01	33	絲01	三昧弘道廣顯定意經四卷（01）	西晉竺法護譯	大乘經/單經譯
2-1942	0432-002絲02	27	絲02	三昧弘道廣顯定意經四卷（02）	西晉竺法護譯	大乘經/單經譯
2-1943	0432-003絲03	24	絲03	三昧弘道廣顯定意經四卷（03）	西晉竺法護譯	大乘經/單經譯
2-1944	0432-004絲04	25	絲04	三昧弘道廣顯定意經四卷（04）	西晉竺法護譯	大乘經/單經譯
2-1945	0433-001絲05	38	絲05	佛說明度五十校計經二卷（01）	後漢安世高譯	大乘經/單經譯
2-1946	0433-002絲06	36	絲06	佛說明度五十校計經二卷（02）	後漢安世高譯	大乘經/單經譯
2-1947	0434-001絲07	35	絲07	無所有菩薩經四卷（01）	隋闍那崛多等譯	大乘經/單經譯
2-1948	0434-002絲08	31	絲08	無所有菩薩經四卷（02）	隋闍那崛多等譯	大乘經/單經譯
2-1949	0434-003絲09	31	絲09	無所有菩薩經四卷（03）	隋闍那崛多等譯	大乘經/單經譯
2-1950	0434-004絲10	34	絲10	無所有菩薩經四卷（04）	隋闍那崛多等譯	大乘經/單經譯
2-1951	0435-001染01	30	染01	大法鼓經二卷（01）	劉宋求那跋陀羅譯	大乘經/單經譯
2-1952	0435-002染02	32	染02	大法鼓經二卷（02）	劉宋求那跋陀羅譯	大乘經/單經譯
2-1953	0436-001染03	29	染03	月上女經二卷（01）	隋闍那崛多譯	大乘經/單經譯
2-1954	0436-002染04	26	染04	月上女經二卷（02）	隋闍那崛多譯	大乘經/單經譯
2-1955	0437-001染05	0	染05	文殊師利問經二卷（01）	梁僧伽婆羅譯	大乘經/單經譯
2-1956	0437-002染06	49	染06	文殊師利問經二卷（02）	梁僧伽婆羅譯	大乘經/單經譯
2-1957	0438-001染07	47	染07	大方廣如來秘密藏經二卷（01-02）	失譯人名附二秦錄	大乘經/單經譯
2-1958	0439-001染08	36	染08	大乘密嚴經三卷（01）	唐地婆訶羅譯	大乘經/單經譯
2-1959	0439-002染09	42	染09	大乘密嚴經三卷（02）	唐地婆訶羅譯	大乘經/單經譯
2-1960	0439-003染10	42	染10	大乘密嚴經三卷（03）	唐地婆訶羅譯	大乘經/單經譯
2-1961	0440-001詩01	52	詩01	菩薩瓔珞經二十卷（01）	姚秦竺佛念譯	大乘經/單經譯
2-1962	0440-002詩02	32	詩02	菩薩瓔珞經二十卷（02）	姚秦竺佛念譯	大乘經/單經譯
2-1963	0440-003詩03	35	詩03	菩薩瓔珞經二十卷（03）	姚秦竺佛念譯	大乘經/單經譯
2-1964	0440-004詩04	35	詩04	菩薩瓔珞經二十卷（04）	姚秦竺佛念譯	大乘經/單經譯
2-1965	0440-005詩05	29	詩05	菩薩瓔珞經二十卷（05）	姚秦竺佛念譯	大乘經/單經譯
2-1966	0440-006詩06	0	詩06	菩薩瓔珞經二十卷（06）	姚秦竺佛念譯	大乘經/單經譯
2-1967	0440-007詩07	0	詩07	菩薩瓔珞經二十卷（07）	姚秦竺佛念譯	大乘經/單經譯
2-1968	0440-008詩08	39	詩08	菩薩瓔珞經二十卷（08）	姚秦竺佛念譯	大乘經/單經譯
2-1969	0440-009詩09	0	詩09	菩薩瓔珞經二十卷（09）	姚秦竺佛念譯	大乘經/單經譯
2-1970	0440-010詩10	0	詩10	菩薩瓔珞經二十卷（10）	姚秦竺佛念譯	大乘經/單經譯
2-1971	0440-011讚01	34	讃01	菩薩瓔珞經二十卷（11）	姚秦竺佛念譯	大乘經/單經譯
2-1972	0440-012讚02	33	讃02	菩薩瓔珞經二十卷（12）	姚秦竺佛念譯	大乘經/單經譯
2-1973	0440-013讚03	31	讃03	菩薩瓔珞經二十卷（13）	姚秦竺佛念譯	大乘經/單經譯
2-1974	0440-014讚04	36	讃04	菩薩瓔珞經二十卷（14）	姚秦竺佛念譯	大乘經/單經譯
2-1975	0440-015讚05	30	讃05	菩薩瓔珞經二十卷（15）	姚秦竺佛念譯	大乘經/單經譯
2-1976	0440-016讚06	46	讃06	菩薩瓔珞經二十卷（16）	姚秦竺佛念譯	大乘經/單經譯
2-1977	0440-017讚07	53	讃07	菩薩瓔珞經二十卷（17）	姚秦竺佛念譯	大乘經/單經譯
2-1978	0440-018讚08	48	讃08	菩薩瓔珞經二十卷（18）	姚秦竺佛念譯	大乘經/單經譯
2-1979	0440-019讚09	34	讃09	菩薩瓔珞經二十卷（19）	姚秦竺佛念譯	大乘經/單經譯
2-1980	0440-020讚10	27	讃10	菩薩瓔珞經二十卷（20）	姚秦竺佛念譯	大乘經/單經譯
2-1981	0441-001羔01	0	羔01	大佛頂如來密因修證了義諸菩薩萬行首楞嚴經十卷（01）	唐般剌密諦譯，彌迦釋迦譯語，房融筆受	大乘經/單經譯
2-1982	0441-002羔02	0	羔02	大佛頂如來密因修證了義諸菩薩萬行首楞嚴經十卷（02）	唐般剌密諦譯，彌迦釋迦譯語，房融筆受	大乘經/單經譯
2-1983	0441-003羔03	0	羔03	大佛頂如來密因修證了義諸菩薩萬行首楞嚴經十卷（03）	唐般剌密諦譯，彌迦釋迦譯語，房融筆受	大乘經/單經譯
2-1984	0441-004羔04	0	羔04	大佛頂如來密因修證了義諸菩薩萬行首楞嚴經十卷（04）	唐般剌密諦譯，彌迦釋迦譯語，房融筆受	大乘經/單經譯
2-1985	0441-005羔05	0	羔05	大佛頂如來密因修證了義諸菩薩萬行首楞嚴經十卷（05）	唐般剌密諦譯，彌迦釋迦譯語，房融筆受	大乘經/單經譯
2-1986	0441-006羔06	26	羔06	大佛頂如來密因修證了義諸菩薩萬行首楞嚴經十卷（06）	唐般剌密諦譯，彌迦釋迦譯語，房融筆受	大乘經/單經譯
2-1987	0441-007羔07	0	羔07	大佛頂如來密因修證了義諸菩薩萬行首楞嚴經十卷（07）	唐般剌密諦譯，彌迦釋迦譯語，房融筆受	大乘經/單經譯
2-1988	0441-008羔08	0	羔08	大佛頂如來密因修證了義諸菩薩萬行首楞嚴經十卷（08）	唐般剌密諦譯，彌迦釋迦譯語，房融筆受	大乘經/單經譯
2-1989	0441-009羔09	31	羔09	大佛頂如來密因修證了義諸菩薩萬行首楞嚴經十卷（09）	唐般剌密諦譯，彌迦釋迦譯語，房融筆受	大乘經/單經譯
2-1990	0441-010羔10	0	羔10	大佛頂如來密因修證了義諸菩薩萬行首楞嚴經十卷（10）	唐般剌密諦譯，彌迦釋迦譯語，房融筆受	大乘經/單經譯
2-1991	0442-001羊01	43	羊01	七佛所說神咒經四卷（01）	失譯人名附東晉錄	大乘經/單經譯
2-1992	0442-002羊02	31	羊02	七佛所說神咒經四卷（02）	失譯人名附東晉錄	大乘經/單經譯
2-1993	0442-003羊03	30	羊03	七佛所說神咒經四卷（03）	失譯人名附東晉錄	大乘經/單經譯
2-1994	0442-004羊04	0	羊04	七佛所說神咒經四卷（04）	失譯人名附東晉錄	大乘經/單經譯
2-1995	0443-001羊05	0	羊05	文殊師利寶藏陀羅尼經一卷	唐菩提流志譯	大乘經/單經譯
2-1996	0444-001羊06	29	羊06	僧伽吒經四卷（01）	元魏月婆首那譯	大乘經/單經譯
2-1997	0444-002羊07	0	羊07	僧伽吒經四卷（02）	元魏月婆首那譯	大乘經/單經譯
2-1998	0444-003羊08	42	羊08	僧伽吒經四卷（03-04）	元魏月婆首那譯	大乘經/單經譯
2-1999	0446-001羊09	28	羊9	①出生菩提心經一卷②佛說佛印三昧經一卷	①隋闍那崛多等譯②後漢安世高譯	大乘經/單經譯
2-2000	0450-001羊10	0	羊10	①佛說十二頭陀經一卷②佛說樹提伽經一卷③佛說法常住經一卷④佛說長壽王經一卷	①劉宋求那跋陀羅譯②劉宋求那跋陀羅譯③失譯人名附西晉錄④失譯人名附西晉錄	大乘經/單經譯
2-2001	0451-001景01	38	景01	佛說海龍王經四卷（01）	西晉竺法護譯	大乘經/單經譯
2-2002	0451-002景02	38	景02	佛說海龍王經四卷（02）	西晉竺法護譯	大乘經/單經譯
2-2003	0451-003景03	36	景03	佛說海龍王經四卷（03）	西晉竺法護譯	大乘經/單經譯
2-2004	0451-004景04	36	景04	佛說海龍王經四卷（04）	西晉竺法護譯	大乘經/單經譯
2-2005	0457-001景05	27	景05	①佛為海龍王說法印經一卷②佛說右繞佛塔功德經一卷③佛說妙色王因緣經一卷④師子素馱娑王斷肉經一卷⑤佛說差摩婆帝受記經一卷⑥佛說師子莊嚴王菩薩請問經一卷	①唐義淨譯②唐實叉難陀譯③唐義淨譯④唐智嚴譯⑤元魏菩提留支譯⑥唐那提譯	大乘經/單經譯
2-2006	0458-001景06	31	景06	中陰經二卷（01）	姚秦竺佛念譯	大乘經/單經譯
2-2007	0458-002景07	30	景07	中陰經二卷（02）	姚秦竺佛念譯	大乘經/單經譯
2-2008	0459-001景08	55	景08	占察善惡業報經二卷（01-02）	隋菩提登譯	大乘經/單經譯
2-2009	0460-001景09	45	景09	佛說蓮華面經二卷（01-02）	隋那連提耶舍譯	大乘經/單經譯
2-2010	0467-001景10	31	景10	①佛說三品弟子經一卷②佛說四輩經一卷③佛說當來變經一卷④過去佛分衛經一卷⑤佛說法滅盡經一卷⑥佛說甚深大回向經一卷⑦天王太子辟羅經一卷	①吳支謙譯②西晉竺法護譯③西晉竺法護譯④西晉竺法護譯⑤失譯人名附劉宋錄⑥失譯人名附劉宋錄⑦失譯人名附秦錄	大乘經/單經譯
2-2011	0468-001行01	34	行01	大吉義神咒經二卷（01）	元魏曇曜譯	大乘經/單經譯
2-2012	0468-002行02	0	行02	大吉義神咒經二卷（02）	元魏曇曜譯	大乘經/單經譯
2-2013	0482-001行03	0	行03	①阿吒婆拘上佛陀羅尼經一卷②佛說大普賢陀羅尼經一卷③佛說大七寶陀羅尼經一卷④六字大陀羅尼呪經一卷⑤佛說安宅神呪經一卷⑥幻師颰陀神咒經一卷⑦佛說辟除贼害咒經一卷⑧佛說咒時氣病經一卷⑨佛說咒齒經一卷⑩佛說咒目經一卷⑪佛說咒小兒經一卷⑫阿彌陀鼓音聲王陀羅尼經一卷⑬佛說摩尼羅亶經一卷	①失譯人名附梁錄②失譯人名附梁錄③失譯人名附梁錄④失譯人名附梁錄⑤失譯人名附後漢錄⑥東晉曇無蘭譯⑦失譯人名附東晉錄⑧東晉曇無蘭譯⑨東晉曇無蘭譯⑩東晉曇無蘭譯⑪東晉曇無蘭譯⑫失譯人名附梁錄⑬東晉曇無蘭譯	大乘經/單經譯
2-2014	0489-001行04	0	行04	①佛說檀持羅麻油述經一卷②佛說護諸童子陀羅尼咒經一卷③諸佛心陀羅尼經一卷④拔濟苦難陀羅尼經一卷⑤八名普密陀羅尼經一卷⑥佛說持世陀羅尼經一卷⑦佛說六門陀羅尼經一卷⑧清淨觀世音菩薩普賢陀羅尼經一卷	①東晉曇無蘭譯②元魏菩提留支譯③唐玄奘譯④唐玄奘譯⑤唐玄奘譯⑥唐玄奘譯⑦唐玄奘譯⑧唐智通譯	大乘經/單經譯
2-2015	0492-001行05	0	行05	①諸佛集會陀羅尼經一卷②佛說智炬陀羅尼經一卷③佛說隨求即得大自在陀羅尼神咒經一卷	①唐提雲般若等譯②唐提雲般若等譯③唐寶思惟譯	大乘經/單經譯
2-2016	0496-001行06	0	行06	①佛說一切法功德莊嚴王經一卷②佛說拔除罪障咒王經一卷③佛說善夜經一卷④佛說虛空藏菩薩能滿諸願最勝心陀羅尼求聞持法一卷	①唐義淨譯②唐義淨譯③唐義淨譯④唐輸波迦羅譯	大乘經/單經譯
2-2017	0500-001行07	0	行07	①佛說佛地經一卷②百千印陀羅尼經一卷③莊嚴王陀羅尼咒經一卷④香王菩薩陀羅尼咒經一卷	①唐玄奘譯②唐實叉難陀譯③唐義淨譯④唐義淨譯	大乘經/單經譯
2-2018	0501-001行08	0	行08	優婆夷淨行法門經二卷（01）	失譯人名附北涼錄	大乘經/單經譯
2-2019	0501-002行09	0	行09	優婆夷淨行法門經二卷（02）	失譯人名附北涼錄	大乘經/單經譯
2-2020	0502-001行10	47	行10	諸法最上王經一卷	隋闍那崛多等譯	大乘經/單經譯
2-2021	0504-001維01	31	維01	①文殊師利般涅槃經一卷②異出菩薩本起經一卷	西晉聶道真譯	大乘經/單經譯
2-2022	0507-001維02	44	維02	①佛說賢首經一卷②千佛因緣經一卷③八大人覺經一卷	①乞伏秦聖堅譯②姚秦鳩摩羅什譯③後漢安世高譯	大乘經/單經譯
2-2023	0511-001維03	37	維03	①佛說月明菩薩經一卷②佛說心明經一卷③佛說滅十方冥經④佛說鹿母經一卷	①吳支謙譯②西晉竺法護譯③西晉竺法護譯④西晉竺法護譯	大乘經/單經譯
2-2024	0512-001維04	36	維04	佛說魔逆經一卷	西晉竺法護譯	大乘經/單經譯
2-2025	0513-001維05	38	維05	佛說賴吒和羅所問德光太子經一卷	西晉竺法護譯	大乘經/單經譯
2-2026	0514-001維06	32	維06	商主天子所問經一卷	隋闍那崛多等譯	大乘經/單經譯
2-2027	0516-001維07	27	維07	①大乘四法經一卷②離垢慧菩薩所問禮佛法經一卷	①唐實叉難陀譯②唐那提譯	大乘經/單經譯
2-2028	0517-001維08	0	維08	寂照神變三摩地經一卷	唐玄奘譯	大乘經/單經譯
2-2029	0523-001維09	47	維09	①造塔功德經一卷②佛說不增不滅經一卷③佛說堅固女經一卷④大乘流轉諸有經一卷⑤佛說大意經一卷⑥受持七佛名號所生功德經一卷	①唐地婆訶羅譯②元魏菩提留支譯③隋那連提耶舍譯④唐義淨譯⑤劉宋求那跋陀羅譯⑥唐玄奘譯	大乘經/單經譯
2-2030	0524-001維10	41	維10	金剛光焰止風雨陀羅尼經一卷	唐菩提流志譯	大乘經/單經譯
2-2031	0525-001賢01	0	賢01	大毘盧遮那成佛神變加持經七卷（01）	唐輸波迦羅共一行譯	大乘經/單經譯
2-2032	0525-002賢02	48	賢02	大毘盧遮那成佛神變加持經七卷（02）	唐輸波迦羅共一行譯	大乘經/單經譯
2-2033	0525-003賢03	34	賢03	大毘盧遮那成佛神變加持經七卷（03）	唐輸波迦羅共一行譯	大乘經/單經譯
2-2034	0525-004賢04	35	賢04	大毘盧遮那成佛神變加持經七卷（04）	唐輸波迦羅共一行譯	大乘經/單經譯
2-2035	0525-005賢05	41	賢05	大毘盧遮那成佛神變加持經七卷（05）	唐輸波迦羅共一行譯	大乘經/單經譯
2-2036	0525-006賢06	32	賢06	大毘盧遮那成佛神變加持經七卷（06）	唐輸波迦羅共一行譯	大乘經/單經譯
2-2037	0525-007賢07	37	賢07	大毘盧遮那成佛神變加持經七卷（07）	唐輸波迦羅共一行譯	大乘經/單經譯
2-2038	0526-001賢08	0	賢08	蘇婆呼童子經三卷（01）	唐輸波迦羅共一行譯	大乘經/單經譯
2-2039	0526-002賢09	31	賢09	蘇婆呼童子經三卷（02）	唐輸波迦羅共一行譯	大乘經/單經譯
2-2040	0526-003賢10	30	賢10	蘇婆呼童子經三卷（03）	唐輸波迦羅共一行譯	大乘經/單經譯
2-2041	0527-001剋01	55	尅01	一字佛頂輪王經六卷（01）	唐菩提流志譯	大乘經/單經譯
2-2042	0527-002剋02	40	尅02	一字佛頂輪王經六卷（02）	唐菩提流志譯	大乘經/單經譯
2-2043	0527-003剋03	40	尅03	一字佛頂輪王經六卷（03）	唐菩提流志譯	大乘經/單經譯
2-2044	0527-004剋04	33	尅04	一字佛頂輪王經六卷（04）	唐菩提流志譯	大乘經/單經譯
2-2045	0527-005剋05	30	尅05	一字佛頂輪王經六卷（05）	唐菩提流志譯	大乘經/單經譯
2-2046	0527-006剋06	41	尅06	一字佛頂輪王經六卷（06）	唐菩提流志譯	大乘經/單經譯
2-2047	0528-001剋07	46	尅07	蘇悉地羯羅經四卷（01）	唐輸波迦羅譯	大乘經/單經譯
2-2048	0528-002剋08	45	尅08	蘇悉地羯羅經四卷（02）	唐輸波迦羅譯	大乘經/單經譯
2-2049	0528-003剋09	40	尅09	蘇悉地羯羅經四卷（03）	唐輸波迦羅譯	大乘經/單經譯
2-2050	0528-004剋10	45	尅10	蘇悉地羯羅經四卷（04）	唐輸波迦羅譯	大乘經/單經譯
2-2051	0529-001念01	46	念01	金剛頂瑜伽中略出念誦經四卷（01）	唐金剛智譯	大乘經/單經譯
2-2052	0529-002念02	52	念02	金剛頂瑜伽中略出念誦經四卷（02）	唐金剛智譯	大乘經/單經譯
2-2053	0529-003念03	46	念03	金剛頂瑜伽中略出念誦經四卷（03）	唐金剛智譯	大乘經/單經譯
2-2054	0529-004念04	42	念04	金剛頂瑜伽中略出念誦經四卷（04）	唐金剛智譯	大乘經/單經譯
2-2055	0530-001念05	45	念05	廣大寶樓閣善住秘密陀羅尼經三卷（01）	唐菩提流志譯	大乘經/單經譯
2-2056	0530-002念06	41	念06	廣大寶樓閣善住秘密陀羅尼經三卷（02-03）	唐菩提流志譯	大乘經/單經譯
2-2057	0531-001念07	33	念07	牟梨曼陀羅咒經二卷（01）	失譯人名附涼錄	大乘經/單經譯
2-2058	0531-002念08	32	念08	牟梨曼陀羅咒經二卷（02）	失譯人名附涼錄	大乘經/單經譯
2-2059	0533-001念09	41	念09	①金剛頂經曼殊室利菩薩五字心陀羅尼品一卷②觀自在如意輪菩薩瑜伽法要一卷	唐金剛智譯	大乘經/單經譯
2-2060	0536-001念10	37	念10	①佛說救面然餓鬼陀羅尼神咒經一卷②佛說甘露經陀羅尼一卷③大陀羅尼末法中一字心咒經一卷	①唐實叉難陀譯②唐實叉難陀譯③唐寶思惟譯	大乘經/單經譯
2-2061	0537-001作01	37	作01	中阿含經六十卷（01）	東晉僧伽提婆譯	小乘經/阿含部
2-2062	0537-002作02	35	作02	中阿含經六十卷（02）	東晉僧伽提婆譯	小乘經/阿含部
2-2063	0537-003作03	44	作03	中阿含經六十卷（03）	東晉僧伽提婆譯	小乘經/阿含部
2-2064	0537-004作04	45	作04	中阿含經六十卷（04）	東晉僧伽提婆譯	小乘經/阿含部
2-2065	0537-005作05	0	作05	中阿含經六十卷（05）	東晉僧伽提婆譯	小乘經/阿含部
2-2066	0537-006作06	39	作06	中阿含經六十卷（06）	東晉僧伽提婆譯	小乘經/阿含部
2-2067	0537-007作07	48	作07	中阿含經六十卷（07）	東晉僧伽提婆譯	小乘經/阿含部
2-2068	0537-008作08	46	作08	中阿含經六十卷（08）	東晉僧伽提婆譯	小乘經/阿含部
2-2069	0537-009作09	44	作09	中阿含經六十卷（09）	東晉僧伽提婆譯	小乘經/阿含部
2-2070	0537-010作10	43	作10	中阿含經六十卷（10）	東晉僧伽提婆譯	小乘經/阿含部
2-2071	0537-011聖01	37	圣01	中阿含經六十卷（11）	東晉僧伽提婆譯	小乘經/阿含部
2-2072	0537-012聖02	42	圣02	中阿含經六十卷（12）	東晉僧伽提婆譯	小乘經/阿含部
2-2073	0537-013聖03	29	圣03	中阿含經六十卷（13）	東晉僧伽提婆譯	小乘經/阿含部
2-2074	0537-014聖04	40	圣04	中阿含經六十卷（14）	東晉僧伽提婆譯	小乘經/阿含部
2-2075	0537-015聖05	38	圣05	中阿含經六十卷（15）	東晉僧伽提婆譯	小乘經/阿含部
2-2076	0537-016聖06	44	圣06	中阿含經六十卷（16）	東晉僧伽提婆譯	小乘經/阿含部
2-2077	0537-017聖07	40	圣07	中阿含經六十卷（17）	東晉僧伽提婆譯	小乘經/阿含部
2-2078	0537-018聖08	43	圣08	中阿含經六十卷（18）	東晉僧伽提婆譯	小乘經/阿含部
2-2079	0537-019聖09	45	圣09	中阿含經六十卷（19）	東晉僧伽提婆譯	小乘經/阿含部
2-2080	0537-020聖10	35	圣10	中阿含經六十卷（20）	東晉僧伽提婆譯	小乘經/阿含部
2-2081	0537-021德01	34	德01	中阿含經六十卷（21）	東晉僧伽提婆譯	小乘經/阿含部
2-2082	0537-022德02	32	德02	中阿含經六十卷（22）	東晉僧伽提婆譯	小乘經/阿含部
2-2083	0537-023德03	38	德03	中阿含經六十卷（23）	東晉僧伽提婆譯	小乘經/阿含部
2-2084	0537-024德04	36	德04	中阿含經六十卷（24）	東晉僧伽提婆譯	小乘經/阿含部
2-2085	0537-025德05	33	德05	中阿含經六十卷（25）	東晉僧伽提婆譯	小乘經/阿含部
2-2086	0537-026德06	38	德06	中阿含經六十卷（26）	東晉僧伽提婆譯	小乘經/阿含部
2-2087	0537-027德07	33	德07	中阿含經六十卷（27）	東晉僧伽提婆譯	小乘經/阿含部
2-2088	0537-028德08	29	德08	中阿含經六十卷（28）	東晉僧伽提婆譯	小乘經/阿含部
2-2089	0537-029德09	41	德09	中阿含經六十卷（29）	東晉僧伽提婆譯	小乘經/阿含部
2-2090	0537-030德10	45	德10	中阿含經六十卷（30）	東晉僧伽提婆譯	小乘經/阿含部
2-2091	0537-031建01	33	建01	中阿含經六十卷（31）	東晉僧伽提婆譯	小乘經/阿含部
2-2092	0537-032建02	28	建02	中阿含經六十卷（32）	東晉僧伽提婆譯	小乘經/阿含部
2-2093	0537-033建03	51	建03	中阿含經六十卷（33）	東晉僧伽提婆譯	小乘經/阿含部
2-2094	0537-034建04	33	建04	中阿含經六十卷（34）	東晉僧伽提婆譯	小乘經/阿含部
2-2095	0537-035建05	35	建05	中阿含經六十卷（35）	東晉僧伽提婆譯	小乘經/阿含部
2-2096	0537-036建06	40	建06	中阿含經六十卷（36）	東晉僧伽提婆譯	小乘經/阿含部
2-2097	0537-037建07	37	建07	中阿含經六十卷（37）	東晉僧伽提婆譯	小乘經/阿含部
2-2098	0537-038建08	37	建08	中阿含經六十卷（38）	東晉僧伽提婆譯	小乘經/阿含部
2-2099	0537-039建09	34	建09	中阿含經六十卷（39）	東晉僧伽提婆譯	小乘經/阿含部
2-2100	0537-040建10	33	建10	中阿含經六十卷（40）	東晉僧伽提婆譯	小乘經/阿含部
2-2101	0537-041名01	33	名01	中阿含經六十卷（41）	東晉僧伽提婆譯	小乘經/阿含部
2-2102	0537-042名02	37	名02	中阿含經六十卷（42）	東晉僧伽提婆譯	小乘經/阿含部
2-2103	0537-043名03	0	名03	中阿含經六十卷（43）	東晉僧伽提婆譯	小乘經/阿含部
2-2104	0537-044名04	31	名04	中阿含經六十卷（44）	東晉僧伽提婆譯	小乘經/阿含部
2-2105	0537-045名05	3	名05	中阿含經六十卷（45）	東晉僧伽提婆譯	小乘經/阿含部
2-2106	0537-046名06	28	名06	中阿含經六十卷（46）	東晉僧伽提婆譯	小乘經/阿含部
2-2107	0537-047名07	37	名07	中阿含經六十卷（47）	東晉僧伽提婆譯	小乘經/阿含部
2-2108	0537-048名08	43	名08	中阿含經六十卷（48）	東晉僧伽提婆譯	小乘經/阿含部
2-2109	0537-049名09	49	名09	中阿含經六十卷（49）	東晉僧伽提婆譯	小乘經/阿含部
2-2110	0537-050名10	35	名10	中阿含經六十卷（50）	東晉僧伽提婆譯	小乘經/阿含部
2-2111	0537-051立01	39	立01	中阿含經六十卷（51）	東晉僧伽提婆譯	小乘經/阿含部
2-2112	0537-052立02	38	立02	中阿含經六十卷（52）	東晉僧伽提婆譯	小乘經/阿含部
2-2113	0537-053立03	26	立03	中阿含經六十卷（53）	東晉僧伽提婆譯	小乘經/阿含部
2-2114	0537-054立04	40	立04	中阿含經六十卷（54）	東晉僧伽提婆譯	小乘經/阿含部
2-2115	0537-055立05	38	立05	中阿含經六十卷（55）	東晉僧伽提婆譯	小乘經/阿含部
2-2116	0537-056立06	0	立06	中阿含經六十卷（56）	東晉僧伽提婆譯	小乘經/阿含部
2-2117	0537-057立07	0	立07	中阿含經六十卷（57）	東晉僧伽提婆譯	小乘經/阿含部
2-2118	0537-058立08	27	立08	中阿含經六十卷（58）	東晉僧伽提婆譯	小乘經/阿含部
2-2119	0537-059立09	47	立09	中阿含經六十卷（59）	東晉僧伽提婆譯	小乘經/阿含部
2-2120	0537-060立10	49	立10	中阿含經六十卷（60）	東晉僧伽提婆譯	小乘經/阿含部
2-2121	0538-001形01	33	形01	增壹阿含經五十卷（01）	苻秦曇摩難提譯	小乘經/阿含部
2-2122	0538-002形02	20	形02	增壹阿含經五十卷（02）	苻秦曇摩難提譯	小乘經/阿含部
2-2123	0538-003形03	30	形03	增壹阿含經五十卷（03）	苻秦曇摩難提譯	小乘經/阿含部
2-2124	0538-004形04	25	形04	增壹阿含經五十卷（04）	苻秦曇摩難提譯	小乘經/阿含部
2-2125	0538-005形05	30	形05	增壹阿含經五十卷（05）	苻秦曇摩難提譯	小乘經/阿含部
2-2126	0538-006形06	29	形06	增壹阿含經五十卷（06）	苻秦曇摩難提譯	小乘經/阿含部
2-2127	0538-007形07	32	形07	增壹阿含經五十卷（07）	苻秦曇摩難提譯	小乘經/阿含部
2-2128	0538-008形08	33	形08	增壹阿含經五十卷（08）	苻秦曇摩難提譯	小乘經/阿含部
2-2129	0538-009形09	35	形09	增壹阿含經五十卷（09）	苻秦曇摩難提譯	小乘經/阿含部
2-2130	0538-010形10	23	形10	增壹阿含經五十卷（10）	苻秦曇摩難提譯	小乘經/阿含部
2-2131	0538-011端01	32	端01	增壹阿含經五十卷（11）	苻秦曇摩難提譯	小乘經/阿含部
2-2132	0538-012端02	42	端02	增壹阿含經五十卷（12）	苻秦曇摩難提譯	小乘經/阿含部
2-2133	0538-013端03	35	端03	增壹阿含經五十卷（13）	苻秦曇摩難提譯	小乘經/阿含部
2-2134	0538-014端04	30	端04	增壹阿含經五十卷（14）	苻秦曇摩難提譯	小乘經/阿含部
2-2135	0538-015端05	37	端05	增壹阿含經五十卷（15）	苻秦曇摩難提譯	小乘經/阿含部
2-2136	0538-016端06	26	端06	增壹阿含經五十卷（16）	苻秦曇摩難提譯	小乘經/阿含部
2-2137	0538-017端07	27	端07	增壹阿含經五十卷（17）	苻秦曇摩難提譯	小乘經/阿含部
2-2138	0538-018端08	34	端08	增壹阿含經五十卷（18）	苻秦曇摩難提譯	小乘經/阿含部
2-2139	0538-019端09	33	端09	增壹阿含經五十卷（19）	苻秦曇摩難提譯	小乘經/阿含部
2-2140	0538-020端10	43	端10	增壹阿含經五十卷（20）	苻秦曇摩難提譯	小乘經/阿含部
2-2141	0538-021表01	27	表01	增壹阿含經五十卷（21）	苻秦曇摩難提譯	小乘經/阿含部
2-2142	0538-022表02	37	表02	增壹阿含經五十卷（22）	苻秦曇摩難提譯	小乘經/阿含部
2-2143	0538-023表03	48	表03	增壹阿含經五十卷（23）	苻秦曇摩難提譯	小乘經/阿含部
2-2144	0538-024表04	45	表04	增壹阿含經五十卷（24）	苻秦曇摩難提譯	小乘經/阿含部
2-2145	0538-025表05	43	表05	增壹阿含經五十卷（25）	苻秦曇摩難提譯	小乘經/阿含部
2-2146	0538-026表06	51	表06	增壹阿含經五十卷（26）	苻秦曇摩難提譯	小乘經/阿含部
2-2147	0538-027表07	25	表07	增壹阿含經五十卷（27）	苻秦曇摩難提譯	小乘經/阿含部
2-2148	0538-028表08	35	表08	增壹阿含經五十卷（28）	苻秦曇摩難提譯	小乘經/阿含部
2-2149	0538-029表09	25	表09	增壹阿含經五十卷（29）	苻秦曇摩難提譯	小乘經/阿含部
2-2150	0538-030表10	29	表10	增壹阿含經五十卷（30）	苻秦曇摩難提譯	小乘經/阿含部
2-2151	0538-031正01	0	正01	增壹阿含經五十卷（31）	苻秦曇摩難提譯	小乘經/阿含部
2-2152	0538-032正02	33	正02	增壹阿含經五十卷（32）	苻秦曇摩難提譯	小乘經/阿含部
2-2153	0538-033正03	0	正03	增壹阿含經五十卷（33）	苻秦曇摩難提譯	小乘經/阿含部
2-2154	0538-034正04	0	正04	增壹阿含經五十卷（34）	苻秦曇摩難提譯	小乘經/阿含部
2-2155	0538-035正05	0	正05	增壹阿含經五十卷（35）	苻秦曇摩難提譯	小乘經/阿含部
2-2156	0538-036正06	0	正06	增壹阿含經五十卷（36）	苻秦曇摩難提譯	小乘經/阿含部
2-2157	0538-037正07	0	正07	增壹阿含經五十卷（37）	苻秦曇摩難提譯	小乘經/阿含部
2-2158	0538-038正08	0	正08	增壹阿含經五十卷（38）	苻秦曇摩難提譯	小乘經/阿含部
2-2159	0538-039正09	0	正09	增壹阿含經五十卷（39）	苻秦曇摩難提譯	小乘經/阿含部
2-2160	0538-040正10	28	正10	增壹阿含經五十卷（40）	苻秦曇摩難提譯	小乘經/阿含部
2-2161	0538-041空01	38	空01	增壹阿含經五十卷（41）	苻秦曇摩難提譯	小乘經/阿含部
2-2162	0538-042空02	31	空02	增壹阿含經五十卷（42）	苻秦曇摩難提譯	小乘經/阿含部
2-2163	0538-043空03	30	空03	增壹阿含經五十卷（43）	苻秦曇摩難提譯	小乘經/阿含部
2-2164	0538-044空04	45	空04	增壹阿含經五十卷（44）	苻秦曇摩難提譯	小乘經/阿含部
2-2165	0538-045空05	38	空05	增壹阿含經五十卷（45）	苻秦曇摩難提譯	小乘經/阿含部
2-2166	0538-046空06	35	空06	增壹阿含經五十卷（46）	苻秦曇摩難提譯	小乘經/阿含部
2-2167	0538-047空07	46	空07	增壹阿含經五十卷（47）	苻秦曇摩難提譯	小乘經/阿含部
2-2168	0538-048空08	42	空08	增壹阿含經五十卷（48）	苻秦曇摩難提譯	小乘經/阿含部
2-2169	0538-049空09	25	空09	增壹阿含經五十卷（49）	苻秦曇摩難提譯	小乘經/阿含部
2-2170	0538-050空10	30	空10	增壹阿含經五十卷（50）	苻秦曇摩難提譯	小乘經/阿含部
2-2171	0539-001谷01	40	谷01	雜阿含經五十卷（01）	劉宋求那跋陀羅譯	小乘經/阿含部
2-2172	0539-002谷02	46	谷02	雜阿含經五十卷（02）	劉宋求那跋陀羅譯	小乘經/阿含部
2-2173	0539-003谷03	41	谷03	雜阿含經五十卷（03）	劉宋求那跋陀羅譯	小乘經/阿含部
2-2174	0539-004谷04	39	谷04	雜阿含經五十卷（04）	劉宋求那跋陀羅譯	小乘經/阿含部
2-2175	0539-005谷05	46	谷05	雜阿含經五十卷（05）	劉宋求那跋陀羅譯	小乘經/阿含部
2-2176	0539-006谷06	30	谷06	雜阿含經五十卷（06）	劉宋求那跋陀羅譯	小乘經/阿含部
2-2177	0539-007谷07	38	谷07	雜阿含經五十卷（07）	劉宋求那跋陀羅譯	小乘經/阿含部
2-2178	0539-008谷08	40	谷08	雜阿含經五十卷（08）	劉宋求那跋陀羅譯	小乘經/阿含部
2-2179	0539-009谷09	47	谷09	雜阿含經五十卷（09）	劉宋求那跋陀羅譯	小乘經/阿含部
2-2180	0539-010谷10	47	谷10	雜阿含經五十卷（10）	劉宋求那跋陀羅譯	小乘經/阿含部
2-2181	0539-011傳01	40	傳01	雜阿含經五十卷（11）	劉宋求那跋陀羅譯	小乘經/阿含部
2-2182	0539-012傳02	45	傳02	雜阿含經五十卷（12）	劉宋求那跋陀羅譯	小乘經/阿含部
2-2183	0539-013傳03	38	傳03	雜阿含經五十卷（13）	劉宋求那跋陀羅譯	小乘經/阿含部
2-2184	0539-014傳04	43	傳04	雜阿含經五十卷（14）	劉宋求那跋陀羅譯	小乘經/阿含部
2-2185	0539-015傳05	45	傳05	雜阿含經五十卷（15）	劉宋求那跋陀羅譯	小乘經/阿含部
2-2186	0539-016傳06	45	傳06	雜阿含經五十卷（16）	劉宋求那跋陀羅譯	小乘經/阿含部
2-2187	0539-017傳07	50	傳07	雜阿含經五十卷（17）	劉宋求那跋陀羅譯	小乘經/阿含部
2-2188	0539-018傳08	42	傳08	雜阿含經五十卷（18）	劉宋求那跋陀羅譯	小乘經/阿含部
2-2189	0539-019傳09	39	傳09	雜阿含經五十卷（19）	劉宋求那跋陀羅譯	小乘經/阿含部
2-2190	0539-020傳10	43	傳10	雜阿含經五十卷（20）	劉宋求那跋陀羅譯	小乘經/阿含部
2-2191	0539-021聲01	0	聲01	雜阿含經五十卷（21）	劉宋求那跋陀羅譯	小乘經/阿含部
2-2192	0539-022聲02	44	聲02	雜阿含經五十卷（22）	劉宋求那跋陀羅譯	小乘經/阿含部
2-2193	0539-023聲03	53	聲03	雜阿含經五十卷（23）	劉宋求那跋陀羅譯	小乘經/阿含部
2-2194	0539-024聲04	38	聲04	雜阿含經五十卷（24）	劉宋求那跋陀羅譯	小乘經/阿含部
2-2195	0539-025聲05	26	聲05	雜阿含經五十卷（25）	劉宋求那跋陀羅譯	小乘經/阿含部
2-2196	0539-026聲06	52	聲06	雜阿含經五十卷（26）	劉宋求那跋陀羅譯	小乘經/阿含部
2-2197	0539-027聲07	43	聲07	雜阿含經五十卷（27）	劉宋求那跋陀羅譯	小乘經/阿含部
2-2198	0539-028聲08	43	聲08	雜阿含經五十卷（28）	劉宋求那跋陀羅譯	小乘經/阿含部
2-2199	0539-029聲09	47	聲09	雜阿含經五十卷（29）	劉宋求那跋陀羅譯	小乘經/阿含部
2-2200	0539-030聲10	40	聲10	雜阿含經五十卷（30）	劉宋求那跋陀羅譯	小乘經/阿含部
2-2201	0539-031虛01	42	虛01	雜阿含經五十卷（31）	劉宋求那跋陀羅譯	小乘經/阿含部
2-2202	0539-032虛02	0	虛02	雜阿含經五十卷（32）	劉宋求那跋陀羅譯	小乘經/阿含部
2-2203	0539-033虛03	0	虛03	雜阿含經五十卷（33）	劉宋求那跋陀羅譯	小乘經/阿含部
2-2204	0539-034虛04	49	虛04	雜阿含經五十卷（34）	劉宋求那跋陀羅譯	小乘經/阿含部
2-2205	0539-035虛05	49	虛05	雜阿含經五十卷（35）	劉宋求那跋陀羅譯	小乘經/阿含部
2-2206	0539-036虛06	41	虛06	雜阿含經五十卷（36）	劉宋求那跋陀羅譯	小乘經/阿含部
2-2207	0539-037虛07	54	虛07	雜阿含經五十卷（37）	劉宋求那跋陀羅譯	小乘經/阿含部
2-2208	0539-038虛08	39	虛08	雜阿含經五十卷（38）	劉宋求那跋陀羅譯	小乘經/阿含部
2-2209	0539-039虛09	41	虛09	雜阿含經五十卷（39）	劉宋求那跋陀羅譯	小乘經/阿含部
2-2210	0539-040虛10	38	虛10	雜阿含經五十卷（40）	劉宋求那跋陀羅譯	小乘經/阿含部
2-2211	0539-041堂01	0	堂01	雜阿含經五十卷（41）	劉宋求那跋陀羅譯	小乘經/阿含部
2-2212	0539-042堂02	36	堂02	雜阿含經五十卷（42）	劉宋求那跋陀羅譯	小乘經/阿含部
2-2213	0539-043堂03	41	堂03	雜阿含經五十卷（43）	劉宋求那跋陀羅譯	小乘經/阿含部
2-2214	0539-044堂04	45	堂04	雜阿含經五十卷（44）	劉宋求那跋陀羅譯	小乘經/阿含部
2-2215	0539-045堂05	41	堂05	雜阿含經五十卷（45）	劉宋求那跋陀羅譯	小乘經/阿含部
2-2216	0539-046堂06	38	堂06	雜阿含經五十卷（46）	劉宋求那跋陀羅譯	小乘經/阿含部
2-2217	0539-047堂07	47	堂07	雜阿含經五十卷（47）	劉宋求那跋陀羅譯	小乘經/阿含部
2-2218	0539-048堂08	45	堂08	雜阿含經五十卷（48）	劉宋求那跋陀羅譯	小乘經/阿含部
2-2219	0539-049堂09	42	堂09	雜阿含經五十卷（49）	劉宋求那跋陀羅譯	小乘經/阿含部
2-2220	0539-050堂10	51	堂10	雜阿含經五十卷（50）	劉宋求那跋陀羅譯	小乘經/阿含部
2-2221	0540-001習01	0	習01	佛說長阿含經二十二卷（01）	姚秦佛陀耶舍共竺佛念譯	小乘經/阿含部
2-2222	0540-002習02	32	習02	佛說長阿含經二十二卷（02）	姚秦佛陀耶舍共竺佛念譯	小乘經/阿含部
2-2223	0540-003習03	0	習03	佛說長阿含經二十二卷（03）	姚秦佛陀耶舍共竺佛念譯	小乘經/阿含部
2-2224	0540-004習04	39	習04	佛說長阿含經二十二卷（04）	姚秦佛陀耶舍共竺佛念譯	小乘經/阿含部
2-2225	0540-005習05	36	習05	佛說長阿含經二十二卷（05）	姚秦佛陀耶舍共竺佛念譯	小乘經/阿含部
2-2226	0540-006習06	36	習06	佛說長阿含經二十二卷（06）	姚秦佛陀耶舍共竺佛念譯	小乘經/阿含部
2-2227	0540-007習07	28	習07	佛說長阿含經二十二卷（07）	姚秦佛陀耶舍共竺佛念譯	小乘經/阿含部
2-2228	0540-008習08	34	習08	佛說長阿含經二十二卷（08）	姚秦佛陀耶舍共竺佛念譯	小乘經/阿含部
2-2229	0540-009習09	29	習09	佛說長阿含經二十二卷（09）	姚秦佛陀耶舍共竺佛念譯	小乘經/阿含部
2-2230	0540-010習10	48	習10	佛說長阿含經二十二卷（10）	姚秦佛陀耶舍共竺佛念譯	小乘經/阿含部
2-2231	0540-011聽01	41	聽01	佛說長阿含經二十二卷（11）	姚秦佛陀耶舍共竺佛念譯	小乘經/阿含部
2-2232	0540-012聽02	50	聽02	佛說長阿含經二十二卷（12）	姚秦佛陀耶舍共竺佛念譯	小乘經/阿含部
2-2233	0540-013聽03	38	聽03	佛說長阿含經二十二卷（13）	姚秦佛陀耶舍共竺佛念譯	小乘經/阿含部
2-2234	0540-014聽04	34	聽04	佛說長阿含經二十二卷（14）	姚秦佛陀耶舍共竺佛念譯	小乘經/阿含部
2-2235	0540-015聽05	42	聽05	佛說長阿含經二十二卷（15）	姚秦佛陀耶舍共竺佛念譯	小乘經/阿含部
2-2236	0540-016聽06	34	聽06	佛說長阿含經二十二卷（16）	姚秦佛陀耶舍共竺佛念譯	小乘經/阿含部
2-2237	0540-017聽07	42	聽07	佛說長阿含經二十二卷（17）	姚秦佛陀耶舍共竺佛念譯	小乘經/阿含部
2-2238	0540-018聽08	43	聽08	佛說長阿含經二十二卷（18）	姚秦佛陀耶舍共竺佛念譯	小乘經/阿含部
2-2239	0540-019聽09	44	聽09	佛說長阿含經二十二卷（19）	姚秦佛陀耶舍共竺佛念譯	小乘經/阿含部
2-2240	0540-020聽10	48	聽10	佛說長阿含經二十二卷（20）	姚秦佛陀耶舍共竺佛念譯	小乘經/阿含部
2-2241	0540-021禍01	43	禍01	佛說長阿含經二十二卷（21）	姚秦佛陀耶舍共竺佛念譯	小乘經/阿含部
2-2242	0540-022禍02	34	禍02	佛說長阿含經二十二卷（22）	姚秦佛陀耶舍共竺佛念譯	小乘經/阿含部
2-2243	0541-001禍03	42	禍03	別譯雜阿含經二十卷（01）	失譯人名附秦錄	小乘經/阿含部
2-2244	0541-002禍04	37	禍04	別譯雜阿含經二十卷（02）	失譯人名附秦錄	小乘經/阿含部
2-2245	0541-003禍05	44	禍05	別譯雜阿含經二十卷（03）	失譯人名附秦錄	小乘經/阿含部
2-2246	0541-004禍06	0	禍06	別譯雜阿含經二十卷（04）	失譯人名附秦錄	小乘經/阿含部
2-2247	0541-005禍07	0	禍07	別譯雜阿含經二十卷（05）	失譯人名附秦錄	小乘經/阿含部
2-2248	0541-006禍08	39	禍08	別譯雜阿含經二十卷（06）	失譯人名附秦錄	小乘經/阿含部
2-2249	0541-007禍09	24	禍09	別譯雜阿含經二十卷（07）	失譯人名附秦錄	小乘經/阿含部
2-2250	0541-008禍10	0	禍10	別譯雜阿含經二十卷（08）	失譯人名附秦錄	小乘經/阿含部
2-2251	0541-009因01	46	因01	別譯雜阿含經二十卷（09）	失譯人名附秦錄	小乘經/阿含部
2-2252	0541-010因02	30	因02	別譯雜阿含經二十卷（10）	失譯人名附秦錄	小乘經/阿含部
2-2253	0541-011因03	34	因03	別譯雜阿含經二十卷（11）	失譯人名附秦錄	小乘經/阿含部
2-2254	0541-012因04	47	因04	別譯雜阿含經二十卷（12-13）	失譯人名附秦錄	小乘經/阿含部
2-2255	0541-013因05	52	因05	別譯雜阿含經二十卷（14-15）	失譯人名附秦錄	小乘經/阿含部
2-2256	0541-014因06	40	因06	別譯雜阿含經二十卷（16）	失譯人名附秦錄	小乘經/阿含部
2-2257	0541-015因07	49	因07	別譯雜阿含經二十卷（17-18）	失譯人名附秦錄	小乘經/阿含部
2-2258	0541-016因08	50	因08	別譯雜阿含經二十卷（19-20）	失譯人名附秦錄	小乘經/阿含部
2-2259	0542-001因09	40	因09	雜阿含經一卷	失譯人名附吳魏二錄	小乘經/阿含部
2-2260	0543-001因10	44	因10	長阿含十報法經二卷（01-02）	後漢安世高譯	小乘經/阿含部
2-2261	0544-001惡01	39	惡01	起世因本經十卷（01）	隋達摩笈多等譯	小乘經/阿含部
2-2262	0544-002惡02	34	惡02	起世因本經十卷（02）	隋達摩笈多等譯	小乘經/阿含部
2-2263	0544-003惡03	31	惡03	起世因本經十卷（03）	隋達摩笈多等譯	小乘經/阿含部
2-2264	0544-004惡04	31	惡04	起世因本經十卷（04）	隋達摩笈多等譯	小乘經/阿含部
2-2265	0544-005惡05	29	惡05	起世因本經十卷（05）	隋達摩笈多等譯	小乘經/阿含部
2-2266	0544-006惡06	30	惡06	起世因本經十卷（06）	隋達摩笈多等譯	小乘經/阿含部
2-2267	0544-007惡07	31	惡07	起世因本經十卷（07）	隋達摩笈多等譯	小乘經/阿含部
2-2268	0544-008惡08	34	惡08	起世因本經十卷（08）	隋達摩笈多等譯	小乘經/阿含部
2-2269	0544-009惡09	32	惡09	起世因本經十卷（09）	隋達摩笈多等譯	小乘經/阿含部
2-2270	0544-010惡10	37	惡10	起世因本經十卷（10）	隋達摩笈多等譯	小乘經/阿含部
2-2271	0545-001積01	39	積01	起世經十卷（01）	隋闍那崛多等譯	小乘經/阿含部
2-2272	0545-002積02	34	積02	起世經十卷（02）	隋闍那崛多等譯	小乘經/阿含部
2-2273	0545-003積03	32	積03	起世經十卷（03）	隋闍那崛多等譯	小乘經/阿含部
2-2274	0545-004積04	30	積04	起世經十卷（04）	隋闍那崛多等譯	小乘經/阿含部
2-2275	0545-005積05	30	積05	起世經十卷（05）	隋闍那崛多等譯	小乘經/阿含部
2-2276	0545-006積06	30	積06	起世經十卷（06）	隋闍那崛多等譯	小乘經/阿含部
2-2277	0545-007積07	31	積07	起世經十卷（07）	隋闍那崛多等譯	小乘經/阿含部
2-2278	0545-008積08	34	積08	起世經十卷（08）	隋闍那崛多等譯	小乘經/阿含部
2-2279	0545-009積09	0	積09	起世經十卷（09）	隋闍那崛多等譯	小乘經/阿含部
2-2280	0545-010積10	37	積10	起世經十卷（10）	隋闍那崛多等譯	小乘經/阿含部
2-2281	0546-001福01	39	福01	佛說樓炭經六卷（01）	西晉法立共法炬譯	小乘經/阿含部
2-2282	0546-002福02	0	福02	佛說樓炭經六卷（02）	西晉法立共法炬譯	小乘經/阿含部
2-2283	0546-003福03	26	福03	佛說樓炭經六卷（03）	西晉法立共法炬譯	小乘經/阿含部
2-2284	0546-004福04	37	福04	佛說樓炭經六卷（04）	西晉法立共法炬譯	小乘經/阿含部
2-2285	0546-005福05	31	福05	佛說樓炭經六卷（05）	西晉法立共法炬譯	小乘經/阿含部
2-2286	0546-006福06	29	福06	佛說樓炭經六卷（06）	西晉法立共法炬譯	小乘經/阿含部
2-2287	0547-001福07	46	福07	佛說般泥洹經二卷（01）	西晉白法祖譯	小乘經/阿含部
2-2288	0547-002福08	46	福08	佛說般泥洹經二卷（02）	西晉白法祖譯	小乘經/阿含部
2-2289	0548-001福09	29	福09	佛說人本欲生經一卷	後漢安世高譯	小乘經/阿含部
2-2290	0550-001福10	49	福10	①佛說梵網六十二見經一卷②佛說尸迦羅越六方禮經一卷	①吳支謙譯②後漢安世高譯	小乘經/阿含部
2-2291	0551-001緣01	52	緣01	中本起經二卷（01）	後漢曇果共康孟詳譯	小乘經/阿含部
2-2292	0551-002緣02	46	緣02	中本起經二卷（02）	後漢曇果共康孟詳譯	小乘經/阿含部
2-2293	0557-001緣03	39	緣03	①佛說七知經一卷②佛說鹹水喻經一卷③佛說一切流攝守因經一卷④佛說閻羅王五天使者經一卷⑤佛說鐵城泥黎經一卷⑥佛說古來世時經一卷	①吳支謙譯②失譯人名附西晉錄③後漢安世高譯④劉宋慧簡譯⑤東晉曇無蘭譯⑥失譯人名附東晉錄	小乘經/阿含部
2-2294	0563-001緣04	44	緣04	①佛說阿那律八念經一卷②佛說離睡經一卷③佛說是法非法經一卷④佛說樂想經一卷⑤佛說漏分布經一卷⑥佛說阿耨颰經一卷	①後漢支曜譯②西晉竺法護譯③後漢安世高譯④西晉竺法護譯⑤後漢安世高譯⑥東晉曇無蘭譯	小乘經/阿含部
2-2295	0566-001緣05	30	緣05	①佛說求欲經一卷②佛說受歲經一卷③佛說梵志計水淨經一卷	①西晉法炬譯②西晉竺法護譯③失譯人名附東晉錄	小乘經/阿含部
2-2296	0569-001緣06	32	緣06	①佛說伏淫經一卷②佛說魔嬈亂經一卷③佛說弊魔試目連經一卷	①西晉法炬譯②失譯人名附後漢錄③吳支謙譯	小乘經/阿含部
2-2297	0572-001緣07	36	緣07	①佛說泥犁經一卷②佛說優波夷墮舍迦經一卷③佛說齋經一卷	①東晉曇無蘭譯②失譯人名附劉宋錄③吳支謙譯	小乘經/阿含部
2-2298	0575-001緣08	28	緣08	①佛說苦陰經一卷②佛說苦陰因事經一卷③佛說釋摩男本經一卷	①失譯人名附後漢錄②西晉法炬譯③吳支謙譯	小乘經/阿含部
2-2299	0581-001緣09	45	緣09	①佛說鞞摩肅經一卷②佛說婆羅門子命終愛念不離經一卷③佛說十支居士八城人經一卷④佛說邪見經一卷⑤佛說箭喻經一卷⑥佛說普法義經一卷	①劉宋求那跋陀羅譯②後漢安世高譯③後漢安世高譯④失譯人名附劉宋錄⑤失譯人名附東晉錄⑥後漢安世高譯	小乘經/阿含部
2-2300	0586-001緣10	42	緣10	①佛說廣義法門經一卷②佛說戒德香經一卷③佛說四人出現世間經一卷④佛說諸法本經一卷⑤佛說瞿曇彌記果經一卷	①陳真諦譯②東晉曇無蘭譯③劉宋求那跋陀羅譯④吳支謙譯⑤劉宋慧簡譯	小乘經/阿含部
2-2301	0587-001善01	29	善01	佛說梵志阿颰經一卷	吳支謙譯	小乘經/阿含部
2-2302	0588-001善02	32	善02	佛說寂志果經一卷	東晉曇無蘭譯	小乘經/阿含部
2-2303	0592-001善03	54	善03	①佛說赖吒和羅經一卷②佛說善生子經一卷③佛說數經一卷④佛說梵志頞波羅延問種尊經一卷	①吳支謙譯②西晉支法度譯③西晉法炬譯④東晉曇無蘭譯	小乘經/阿含部
2-2304	0599-001善04	52	善04	①佛說四諦經一卷②佛說恒水經一卷③佛說瞻婆比丘經一卷④佛說本相倚致經一卷⑤佛說緣本致經一卷⑥佛說頂生王故事經一卷⑦佛說文陀竭王經一卷	①後漢安世高譯②西晉法炬譯③西晉法炬譯④後漢安世高譯⑤失譯人名附東晉錄⑥西晉法炬譯⑦北涼曇無讖譯	小乘經/阿含部
2-2305	0603-001善05	0	善05	①三歸五戒慈心厭離功德經一卷②佛說須達經一卷③佛爲黄竹園老婆羅門說學經一卷④佛說梵摩喻經一卷	①失譯人名附東晉錄②萧齊求那毘地譯③失譯人名附劉宋錄④吳支謙譯	小乘經/阿含部
2-2306	0608-001善06	42	善06	①佛說尊上經一卷②佛說鸚鵡經一卷③佛說兜調經一卷④佛說意經一卷⑤佛說應法經一卷	①西晉竺法護譯②劉宋求那跋陀羅譯③失譯人名附西晉錄④西晉竺法護譯⑤西晉竺法護譯	小乘經/阿含部
2-2307	0610-001善07	36	善07	①佛說波斯匿王太後崩塵土坌身經一卷②須摩提女經一卷	①西晉法炬譯②吳支謙譯	小乘經/阿含部
2-2308	0616-001善08	45	善08	①佛說三摩竭經一卷②佛說婆羅門避死經一卷③食施獲五福報經一卷④頻毘娑羅王詣佛供養經一卷⑤佛說長者子六過出家經一卷⑥佛說鴦崛摩經一卷	①吳竺律炎譯②後漢安世高譯③失譯人名附東晉錄④西晉法炬譯⑤劉宋慧簡譯⑥西晉竺法護譯	小乘經/阿含部
2-2309	0620-001善09	30	善09	①佛說鴦崛髻經一卷②佛說力士移山經一卷③佛說四未曾有法經一卷④佛說舍利弗目犍連游四衢經一卷	①西晉法炬譯②西晉竺法護譯③西晉竺法護譯④後漢康孟詳譯	小乘經/阿含部
2-2310	0629-001善10	0	善10	①七佛父母姓字經一卷②佛說放牛經一卷③緣起經一卷④佛說十一想思念如來經一卷⑤佛說四泥犁經一卷⑥舍衛國王夢見十事經一卷⑦佛說國王不黎先尼十夢經一卷⑧阿難同學經一卷⑨五蘊皆空經一卷	①失譯人名附曹魏錄②姚秦鳩摩羅什譯③唐玄奘譯④劉宋求那跋陀羅譯⑤東晉曇無蘭譯⑥失譯人名附西晉錄⑦東晉曇無蘭譯⑧後漢安世高譯⑨唐義淨譯	小乘經/阿含部
2-2311	0633-001慶01	30	慶01	①阿難問事佛吉凶經一卷②慢法經一卷③阿難分別經一卷④五母子經一卷	①後漢安世高譯②西晉法炬譯③乞伏秦聖堅譯④吳支謙譯	小乘經/阿含部
2-2312	0639-001慶02	32	慶02	①沙彌羅經一卷②玉耶經一卷③玉耶女經一卷④阿遫達經一卷⑤摩登女經一卷⑥摩登女解形中六事經一卷	①失譯人名②東晉曇無蘭譯③失譯人名附西晉錄④劉宋求那跋陀羅譯⑤後漢安世高譯⑥失譯人名附東晉錄	小乘經/阿含部
2-2313	0640-001慶03	35	慶03	摩登伽經二卷（01）	吳竺律炎共支謙譯	小乘經/阿含部
2-2314	0640-002慶04	30	慶04	摩登伽經二卷（02）	吳竺律炎共支謙譯	小乘經/阿含部
2-2315	0641-001慶05	52	慶05	舍頭諫經一卷	西晉竺法護譯	小乘經/阿含部
2-2316	0642-001慶06	30	慶06	治禪病秘要經二卷（01）	北涼沮渠京聲譯	小乘經/阿含部
2-2317	0642-002慶07	29	慶07	治禪病秘要經二卷（02）	北涼沮渠京聲譯	小乘經/阿含部
2-2318	0643-001慶08	46	慶08	佛說七處三觀經二卷（01-02）	後漢安世高譯	小乘經/阿含部
2-2319	0647-001慶09	33	慶09	①阿那邠邸化七子經一卷②佛說大愛道般涅槃經一卷③佛母般泥洹經一卷④佛說聖法印經一卷	①後漢安世高譯②西晉白法祖譯③劉宋慧簡譯④西晉竺法護譯	小乘經/阿含部
2-2320	0658-001慶10	38	慶10	①五陰譬喻經一卷②佛說水沫所飄經一卷③佛說不自守意經一卷④佛說滿願子經一卷⑤轉法輪經一卷⑥佛說三轉法輪經一卷⑦佛說八正道經一卷⑧難提釋經一卷⑨佛說馬有三相經一卷⑩佛說馬有八態譬人經一卷⑪佛說相應相可經一卷	①後漢安世高譯②東晉曇無蘭譯③吳支謙譯④失譯人名附東晉錄⑤後漢安世高譯⑥唐義淨譯⑦後漢安世高譯⑧西晉法炬譯⑨後漢支曜譯⑩後漢支曜譯⑪西晉法炬譯	小乘經/阿含部
2-2321	0659-001尺01	34	尺01 	修行本起經二卷（01）	後漢竺大力共康孟祥譯 	小乘經/阿含部
2-2322	0659-002尺02	37	尺02 	修行本起經二卷（02）	後漢竺大力共康孟祥譯 	小乘經/阿含部
2-2323	0660-001尺03	31	尺03 	太子瑞應本起經二卷（01）	吳支謙譯 	小乘經/阿含部
2-2324	0660-002尺04	30	尺04 	太子瑞應本起經二卷（02）	吳支謙譯 	小乘經/阿含部
2-2325	0661-001尺05	44	尺05 	過去現在因果經四卷（01）	劉宋求那跋陀羅譯 	小乘經/阿含部
2-2326	0661-002尺06	45	尺06 	過去現在因果經四卷（02）	劉宋求那跋陀羅譯 	小乘經/阿含部
2-2327	0661-003尺07	49	尺07 	過去現在因果經四卷（03）	劉宋求那跋陀羅譯 	小乘經/阿含部
2-2328	0661-004尺08	47	尺08 	過去現在因果經四卷（04）	劉宋求那跋陀羅譯 	小乘經/阿含部
2-2329	0662-001尺09	33	尺09 	佛說奈女耆域因緣經一卷	後漢安世高譯 	小乘經/阿含部
2-2330	0663-001尺10	27	尺10 	佛說奈女耆婆經一卷	後漢安世高譯 	小乘經/阿含部
2-2331	0664-001璧01	54	璧01 	佛說生經五卷（01）	西晉竺法護譯 	小乘經/阿含部
2-2332	0664-002璧02	42	璧02 	佛說生經五卷（02）	西晉竺法護譯 	小乘經/阿含部
2-2333	0664-003璧03	40	璧03 	佛說生經五卷（03）	西晉竺法護譯 	小乘經/阿含部
2-2334	0664-004璧04	38	璧04 	佛說生經五卷（04）	西晉竺法護譯 	小乘經/阿含部
2-2335	0664-005璧05	46	璧05 	佛說生經五卷（05）	西晉竺法護譯 	小乘經/阿含部
2-2336	0668-001璧06	0	璧06 	①萍沙王五願經一卷②琉璃王經一卷③佛說海八德經一卷④佛說法海經一卷	①吳支謙譯②西晉竺法護譯③姚秦鳩摩羅什譯④西晉法炬譯 	小乘經/阿含部
2-2337	0669-001璧07	0	璧07 	佛說義足經二卷（01）	吳支謙譯 	小乘經/阿含部
2-2338	0669-002璧08	0	璧08 	佛說義足經二卷（02）	吳支謙譯 	小乘經/阿含部
2-2339	0672-001璧09	0	璧09 	①鬼問目連經一卷②雜藏經一卷③餓鬼報應經一卷	①後漢安世高譯②東晉法顯譯③失譯人名附東晉錄  	小乘經/阿含部
2-2340	0673-001璧10	0	璧10 	佛說四十二章經一卷	後漢迦葉摩騰共竺法蘭譯、宋真宗注 	小乘經/阿含部
2-2341	0674-001非01	33	非01	正法念處經七十卷（01）	元魏般若流支譯 	小乘經/單譯經
2-2342	0674-002非02	32	非02	正法念處經七十卷（02）	元魏般若流支譯 	小乘經/單譯經
2-2343	0674-003非03	32	非03	正法念處經七十卷（03）	元魏般若流支譯 	小乘經/單譯經
2-2344	0674-004非04	32	非04	正法念處經七十卷（04）	元魏般若流支譯 	小乘經/單譯經
2-2345	0674-005非05	33	非05	正法念處經七十卷（05）	元魏般若流支譯 	小乘經/單譯經
2-2346	0674-006非06	35	非06	正法念處經七十卷（06）	元魏般若流支譯 	小乘經/單譯經
2-2347	0674-007非07	36	非07	正法念處經七十卷（07）	元魏般若流支譯 	小乘經/單譯經
2-2348	0674-008非08	35	非08	正法念處經七十卷（08）	元魏般若流支譯 	小乘經/單譯經
2-2349	0674-009非09	34	非09	正法念處經七十卷（09）	元魏般若流支譯 	小乘經/單譯經
2-2350	0674-010非10	35	非10	正法念處經七十卷（10）	元魏般若流支譯 	小乘經/單譯經
2-2351	0674-011寶01	0	寶01	正法念處經七十卷（11）	元魏般若流支譯 	小乘經/單譯經
2-2352	0674-012寶02	0	寶02	正法念處經七十卷（12）	元魏般若流支譯 	小乘經/單譯經
2-2353	0674-013寶03	0	寶03	正法念處經七十卷（13）	元魏般若流支譯 	小乘經/單譯經
2-2354	0674-014寶04	0	寶04	正法念處經七十卷（14）	元魏般若流支譯 	小乘經/單譯經
2-2355	0674-015寶05	0	寶05	正法念處經七十卷（15）	元魏般若流支譯 	小乘經/單譯經
2-2356	0674-016寶06	0	寶06	正法念處經七十卷（16）	元魏般若流支譯 	小乘經/單譯經
2-2357	0674-017寶07	0	寶07	正法念處經七十卷（17）	元魏般若流支譯 	小乘經/單譯經
2-2358	0674-018寶08	0	寶08	正法念處經七十卷（18）	元魏般若流支譯 	小乘經/單譯經
2-2359	0674-019寶09	0	寶09	正法念處經七十卷（19）	元魏般若流支譯 	小乘經/單譯經
2-2360	0674-020寶10	0	寶10	正法念處經七十卷（20）	元魏般若流支譯 	小乘經/單譯經
2-2361	0674-021寸01	0	寸01	正法念處經七十卷（21）	元魏般若流支譯 	小乘經/單譯經
2-2362	0674-022寸02	0	寸02	正法念處經七十卷（22）	元魏般若流支譯 	小乘經/單譯經
2-2363	0674-023寸03	0	寸03	正法念處經七十卷（23）	元魏般若流支譯 	小乘經/單譯經
2-2364	0674-024寸04	0	寸04	正法念處經七十卷（24）	元魏般若流支譯 	小乘經/單譯經
2-2365	0674-025寸05	0	寸05	正法念處經七十卷（25）	元魏般若流支譯 	小乘經/單譯經
2-2366	0674-026寸06	0	寸06	正法念處經七十卷（26）	元魏般若流支譯 	小乘經/單譯經
2-2367	0674-027寸07	0	寸07	正法念處經七十卷（27）	元魏般若流支譯 	小乘經/單譯經
2-2368	0674-028寸08	0	寸08	正法念處經七十卷（28）	元魏般若流支譯 	小乘經/單譯經
2-2369	0674-029寸09	0	寸09	正法念處經七十卷（29）	元魏般若流支譯 	小乘經/單譯經
2-2370	0674-030寸10	0	寸10	正法念處經七十卷（30）	元魏般若流支譯 	小乘經/單譯經
2-2371	0674-031陰01	0	陰01	正法念處經七十卷（31）	元魏般若流支譯 	小乘經/單譯經
2-2372	0674-032陰02	0	陰02	正法念處經七十卷（32）	元魏般若流支譯 	小乘經/單譯經
2-2373	0674-033陰03	0	陰03	正法念處經七十卷（33）	元魏般若流支譯 	小乘經/單譯經
2-2374	0674-034陰04	0	陰04	正法念處經七十卷（34）	元魏般若流支譯 	小乘經/單譯經
2-2375	0674-035陰05	0	陰05	正法念處經七十卷（35）	元魏般若流支譯 	小乘經/單譯經
2-2376	0674-036陰06	0	陰06	正法念處經七十卷（36）	元魏般若流支譯 	小乘經/單譯經
2-2377	0674-037陰07	0	陰07	正法念處經七十卷（37）	元魏般若流支譯 	小乘經/單譯經
2-2378	0674-038陰08	0	陰08	正法念處經七十卷（38）	元魏般若流支譯 	小乘經/單譯經
2-2379	0674-039陰09	0	陰09	正法念處經七十卷（39）	元魏般若流支譯 	小乘經/單譯經
2-2380	0674-040陰10	0	陰10	正法念處經七十卷（40）	元魏般若流支譯 	小乘經/單譯經
2-2381	0674-041是01	0	是01	正法念處經七十卷（41）	元魏般若流支譯 	小乘經/單譯經
2-2382	0674-042是02	0	是02	正法念處經七十卷（42）	元魏般若流支譯 	小乘經/單譯經
2-2383	0674-043是03	0	是03	正法念處經七十卷（43）	元魏般若流支譯 	小乘經/單譯經
2-2384	0674-044是04	0	是04	正法念處經七十卷（44）	元魏般若流支譯 	小乘經/單譯經
2-2385	0674-045是05	0	是05	正法念處經七十卷（45）	元魏般若流支譯 	小乘經/單譯經
2-2386	0674-046是06	0	是06	正法念處經七十卷（46）	元魏般若流支譯 	小乘經/單譯經
2-2387	0674-047是07	0	是07	正法念處經七十卷（47）	元魏般若流支譯 	小乘經/單譯經
2-2388	0674-048是08	0	是08	正法念處經七十卷（48）	元魏般若流支譯 	小乘經/單譯經
2-2389	0674-049是09	0	是09	正法念處經七十卷（49）	元魏般若流支譯 	小乘經/單譯經
2-2390	0674-050是10	0	是10	正法念處經七十卷（50）	元魏般若流支譯 	小乘經/單譯經
2-2391	0674-051競01	0	競01	正法念處經七十卷（51）	元魏般若流支譯 	小乘經/單譯經
2-2392	0674-052競02	0	競02	正法念處經七十卷（52）	元魏般若流支譯 	小乘經/單譯經
2-2393	0674-053競03	0	競03	正法念處經七十卷（53）	元魏般若流支譯 	小乘經/單譯經
2-2394	0674-054競04	0	競04	正法念處經七十卷（54）	元魏般若流支譯 	小乘經/單譯經
2-2395	0674-055競05	0	競05	正法念處經七十卷（55）	元魏般若流支譯 	小乘經/單譯經
2-2396	0674-056競06	0	競06	正法念處經七十卷（56）	元魏般若流支譯 	小乘經/單譯經
2-2397	0674-057競07	0	競07	正法念處經七十卷（57）	元魏般若流支譯 	小乘經/單譯經
2-2398	0674-058競08	0	競08	正法念處經七十卷（58）	元魏般若流支譯 	小乘經/單譯經
2-2399	0674-059競09	0	競09	正法念處經七十卷（59）	元魏般若流支譯 	小乘經/單譯經
2-2400	0674-060競10	0	競10	正法念處經七十卷（60）	元魏般若流支譯 	小乘經/單譯經
2-2401	0674-061資01	0	資01	正法念處經七十卷（61）	元魏般若流支譯 	小乘經/單譯經
2-2402	0674-062資02	0	資02	正法念處經七十卷（62）	元魏般若流支譯 	小乘經/單譯經
2-2403	0674-063資03	0	資03	正法念處經七十卷（63）	元魏般若流支譯 	小乘經/單譯經
2-2404	0674-064資04	0	資04	正法念處經七十卷（64）	元魏般若流支譯 	小乘經/單譯經
2-2405	0674-065資05	0	資05	正法念處經七十卷（65）	元魏般若流支譯 	小乘經/單譯經
2-2406	0674-066資06	0	資06	正法念處經七十卷（66）	元魏般若流支譯 	小乘經/單譯經
2-2407	0674-067資07	0	資07	正法念處經七十卷（67）	元魏般若流支譯 	小乘經/單譯經
2-2408	0674-068資08	0	資08	正法念處經七十卷（68）	元魏般若流支譯 	小乘經/單譯經
2-2409	0674-069資09	0	資09	正法念處經七十卷（69）	元魏般若流支譯 	小乘經/單譯經
2-2410	0674-070資10	0	資10	正法念處經七十卷（70）	元魏般若流支譯 	小乘經/單譯經
2-2411	0675-001父01	0	父01	佛本行集經六十卷（01）	隋闍那崛多譯 	小乘經/單譯經
2-2412	0675-002父02	0	父02	佛本行集經六十卷（02）	隋闍那崛多譯 	小乘經/單譯經
2-2413	0675-003父03	0	父03	佛本行集經六十卷（03）	隋闍那崛多譯 	小乘經/單譯經
2-2414	0675-004父04	0	父04	佛本行集經六十卷（04）	隋闍那崛多譯 	小乘經/單譯經
2-2415	0675-005父05	0	父05	佛本行集經六十卷（05）	隋闍那崛多譯 	小乘經/單譯經
2-2416	0675-006父06	0	父06	佛本行集經六十卷（06）	隋闍那崛多譯 	小乘經/單譯經
2-2417	0675-007父07	0	父07	佛本行集經六十卷（07）	隋闍那崛多譯 	小乘經/單譯經
2-2418	0675-008父08	0	父08	佛本行集經六十卷（08）	隋闍那崛多譯 	小乘經/單譯經
2-2419	0675-009父09	0	父09	佛本行集經六十卷（09）	隋闍那崛多譯 	小乘經/單譯經
2-2420	0675-010父10	0	父10	佛本行集經六十卷（10）	隋闍那崛多譯 	小乘經/單譯經
2-2421	0675-011事01	0	事01	佛本行集經六十卷（11）	隋闍那崛多譯 	小乘經/單譯經
2-2422	0675-012事02	0	事02	佛本行集經六十卷（12）	隋闍那崛多譯 	小乘經/單譯經
2-2423	0675-013事03	0	事03	佛本行集經六十卷（13）	隋闍那崛多譯 	小乘經/單譯經
2-2424	0675-014事04	0	事04	佛本行集經六十卷（14）	隋闍那崛多譯 	小乘經/單譯經
2-2425	0675-015事05	0	事05	佛本行集經六十卷（15）	隋闍那崛多譯 	小乘經/單譯經
2-2426	0675-016事06	0	事06	佛本行集經六十卷（16）	隋闍那崛多譯 	小乘經/單譯經
2-2427	0675-017事07	0	事07	佛本行集經六十卷（17）	隋闍那崛多譯 	小乘經/單譯經
2-2428	0675-018事08	0	事08	佛本行集經六十卷（18）	隋闍那崛多譯 	小乘經/單譯經
2-2429	0675-019事09	0	事09	佛本行集經六十卷（19）	隋闍那崛多譯 	小乘經/單譯經
2-2430	0675-020事10	0	事10	佛本行集經六十卷（20）	隋闍那崛多譯 	小乘經/單譯經
2-2431	0675-021君01	0	君01	佛本行集經六十卷（21）	隋闍那崛多譯 	小乘經/單譯經
2-2432	0675-022君02	0	君02	佛本行集經六十卷（22）	隋闍那崛多譯 	小乘經/單譯經
2-2433	0675-023君03	0	君03	佛本行集經六十卷（23）	隋闍那崛多譯 	小乘經/單譯經
2-2434	0675-024君04	0	君04	佛本行集經六十卷（24）	隋闍那崛多譯 	小乘經/單譯經
2-2435	0675-025君05	0	君05	佛本行集經六十卷（25）	隋闍那崛多譯 	小乘經/單譯經
2-2436	0675-026君06	0	君06	佛本行集經六十卷（26）	隋闍那崛多譯 	小乘經/單譯經
2-2437	0675-027君07	0	君07	佛本行集經六十卷（27）	隋闍那崛多譯 	小乘經/單譯經
2-2438	0675-028君08	0	君08	佛本行集經六十卷（28）	隋闍那崛多譯 	小乘經/單譯經
2-2439	0675-029君09	0	君09	佛本行集經六十卷（29）	隋闍那崛多譯 	小乘經/單譯經
2-2440	0675-030君10	0	君10	佛本行集經六十卷（30）	隋闍那崛多譯 	小乘經/單譯經
2-2441	0675-031曰01	0	曰01	佛本行集經六十卷（31）	隋闍那崛多譯 	小乘經/單譯經
2-2442	0675-032曰02	0	曰02	佛本行集經六十卷（32）	隋闍那崛多譯 	小乘經/單譯經
2-2443	0675-033曰03	0	曰03	佛本行集經六十卷（33）	隋闍那崛多譯 	小乘經/單譯經
2-2444	0675-034曰04	0	曰04	佛本行集經六十卷（34）	隋闍那崛多譯 	小乘經/單譯經
2-2445	0675-035曰05	0	曰05	佛本行集經六十卷（35）	隋闍那崛多譯 	小乘經/單譯經
2-2446	0675-036曰06	0	曰06	佛本行集經六十卷（36）	隋闍那崛多譯 	小乘經/單譯經
2-2447	0675-037曰07	0	曰07	佛本行集經六十卷（37）	隋闍那崛多譯 	小乘經/單譯經
2-2448	0675-038曰08	0	曰08	佛本行集經六十卷（38）	隋闍那崛多譯 	小乘經/單譯經
2-2449	0675-039曰09	0	曰09	佛本行集經六十卷（39）	隋闍那崛多譯 	小乘經/單譯經
2-2450	0675-040曰10	0	曰10	佛本行集經六十卷（40）	隋闍那崛多譯 	小乘經/單譯經
2-2451	0675-041嚴01	0	嚴01	佛本行集經六十卷（41）	隋闍那崛多譯 	小乘經/單譯經
2-2452	0675-042嚴02	0	嚴02	佛本行集經六十卷（42）	隋闍那崛多譯 	小乘經/單譯經
2-2453	0675-043嚴03	0	嚴03	佛本行集經六十卷（43）	隋闍那崛多譯 	小乘經/單譯經
2-2454	0675-044嚴04	0	嚴04	佛本行集經六十卷（44）	隋闍那崛多譯 	小乘經/單譯經
2-2455	0675-045嚴05	0	嚴05	佛本行集經六十卷（45）	隋闍那崛多譯 	小乘經/單譯經
2-2456	0675-046嚴06	0	嚴06	佛本行集經六十卷（46）	隋闍那崛多譯 	小乘經/單譯經
2-2457	0675-047嚴07	0	嚴07	佛本行集經六十卷（47）	隋闍那崛多譯 	小乘經/單譯經
2-2458	0675-048嚴08	0	嚴08	佛本行集經六十卷（48）	隋闍那崛多譯 	小乘經/單譯經
2-2459	0675-049嚴09	0	嚴09	佛本行集經六十卷（49）	隋闍那崛多譯 	小乘經/單譯經
2-2460	0675-050嚴10	0	嚴10	佛本行集經六十卷（50）	隋闍那崛多譯 	小乘經/單譯經
2-2461	0675-051與01	0	與01	佛本行集經六十卷（51）	隋闍那崛多譯 	小乘經/單譯經
2-2462	0675-052與02	0	與02	佛本行集經六十卷（52）	隋闍那崛多譯 	小乘經/單譯經
2-2463	0675-053與03	0	與03	佛本行集經六十卷（53）	隋闍那崛多譯 	小乘經/單譯經
2-2464	0675-054與04	0	與04	佛本行集經六十卷（54）	隋闍那崛多譯 	小乘經/單譯經
2-2465	0675-055與05	0	與05	佛本行集經六十卷（55）	隋闍那崛多譯 	小乘經/單譯經
2-2466	0675-056與06	0	與06	佛本行集經六十卷（56）	隋闍那崛多譯 	小乘經/單譯經
2-2467	0675-057與07	0	與07	佛本行集經六十卷（57）	隋闍那崛多譯 	小乘經/單譯經
2-2468	0675-058與08	0	與08	佛本行集經六十卷（58）	隋闍那崛多譯 	小乘經/單譯經
2-2469	0675-059與09	0	與09	佛本行集經六十卷（59）	隋闍那崛多譯 	小乘經/單譯經
2-2470	0675-060與10	0	與10	佛本行集經六十卷（60）	隋闍那崛多譯 	小乘經/單譯經
2-2471	0676-001敬01	0	敬01	佛說大安般守意經二卷（01）	後漢安世高譯 	小乘經/單譯經
2-2472	0676-002敬02	0	敬02	佛說大安般守意經二卷（02）	後漢安世高譯 	小乘經/單譯經
2-2473	0678-001敬03	0	敬03	①佛說罵意經一卷②禪行法想經一卷	後漢安世高譯 	小乘經/單譯經
2-2474	0679-001敬04	0	敬04	佛說處處經一卷	後漢安世高譯 	小乘經/單譯經
2-2475	0680-001敬05	0	敬05	佛說分別善惡所起經一卷	後漢安世高譯 	小乘經/單譯經
2-2476	0687-001敬06	0	敬06	①佛說出家緣經一卷②佛說阿含正行經一卷③佛說十八泥犁經一卷④佛說法受塵經一卷⑤佛說進學經一卷⑥佛說得道梯登錫杖經一卷⑦佛說貧窮老公經一卷	①後漢安世高譯②後漢安世高譯③後漢安世高譯④後漢安世高譯⑤劉宋沮渠京聲譯⑥失譯人名附東晉錄⑦劉宋慧簡譯	小乘經/單譯經
2-2477	0691-001敬07	0	敬07	①須摩提長者經一卷②長者懊惱三處經一卷③犍陀國王經一卷④阿難四事經一卷	①吳支謙譯②後漢安世高譯③後漢安世高譯④吳支謙譯	小乘經/單譯經
2-2478	0695-001敬08	0	敬08	①分別經一卷②未生怨經一卷③四願經一卷④猘狗經一卷	①西晉竺法護譯②吳支謙譯③吳支謙譯④吳支謙譯	小乘經/單譯經
2-2479	0703-001敬09	0	敬09	①八關齋經一卷②孝子經一卷③黑氏梵志經一卷④阿鳩留經一卷⑤佛爲阿支羅迦葉自化作苦經一卷⑥佛說罪業報應教化地獄經一卷⑦佛說龍王兄弟經一卷⑧佛說長者音悅經一卷	①劉宋沮渠京聲譯②失譯人名附西晉錄③吳支謙譯④失譯人名附後漢錄⑤失譯人名⑥後漢安世高譯⑦吳支謙譯⑧吳支謙譯	小乘經/單譯經
2-2480	0708-001敬10	0	敬10	①佛說七女經一卷②佛說八師經一卷③佛說越難經一卷④佛說所欲致患經一卷⑤阿闍世王問五逆經一卷	①吳支謙譯②吳支謙譯③西晉聶承遠譯④西晉竺法護譯⑤西晉法炬譯	小乘經/單譯經
2-2481	0709-001孝01	0	孝01	本事經七卷(01)	唐玄奘譯	小乘經/單譯經
2-2482	0709-002孝02	0	孝02	本事經七卷(02)	唐玄奘譯	小乘經/單譯經
2-2483	0709-003孝03	0	孝03	本事經七卷(03)	唐玄奘譯	小乘經/單譯經
2-2484	0709-004孝04	0	孝04	本事經七卷(04)	唐玄奘譯	小乘經/單譯經
2-2485	0709-005孝05	0	孝05	本事經七卷(05)	唐玄奘譯	小乘經/單譯經
2-2486	0709-006孝06	0	孝06	本事經七卷(06)	唐玄奘譯	小乘經/單譯經
2-2487	0709-007孝07	0	孝07	本事經七卷(07)	唐玄奘譯	小乘經/單譯經
2-2488	0715-001孝08	0	孝08	①佛說中心經一卷②佛說見正經一卷③佛說大魚事經一卷④阿難七夢經一卷⑤佛說呵鵰阿那含經一卷⑥佛說燈指因緣經一卷	①東晉曇無蘭譯②東晉曇無蘭譯③東晉曇無蘭譯④東晉曇無蘭譯⑤東晉曇無蘭譯⑥姚秦鳩摩羅什譯	小乘經/單譯經
2-2489	0723-001孝09	0	孝09	①佛說婦人遇辜經一卷②佛說四天王經一卷③佛說摩訶迦葉度貧母經一卷④佛說禪行三十七品經一卷⑤比丘避女惡名欲自殺經一卷⑥佛說身觀經一卷⑦佛說無常經一卷⑧佛說八無暇有暇經一卷	①乞伏秦聖堅譯②劉宋智嚴共寶雲譯③劉宋求那跋陀羅譯④後漢安世高譯⑤西晉法炬譯⑥西晉竺法護譯⑦唐義淨譯⑧唐義淨譯	小乘經/單譯經
2-2490	0724-001孝10	0	孝10	五百弟子自說本起經一卷	西晉竺法護譯	小乘經/單譯經
2-2491	0727-001當01	0	當01	①佛說五苦章句經一卷②佛說堅意經一卷③佛說淨飯王般涅槃經一卷	①東晉曇無蘭譯②後漢安世高譯③劉宋沮渠京聲譯	小乘經/單譯經
2-2492	0728-001當02	0	當02	佛說興起行經二卷（01）	後漢康孟詳譯	小乘經/單譯經
2-2493	0728-002當03	0	當03	佛說興起行經二卷（02）	後漢康孟詳譯	小乘經/單譯經
2-2494	0734-001當04	0	當04	①長爪梵志請問經一卷②佛說譬喻經一卷③佛說比丘聽施經一卷④佛說略教誡經一卷⑤佛說療痔病經一卷⑥佛說業報差別經一卷	①唐義淨譯②唐義淨譯③東晉曇無蘭譯④唐義淨譯⑤唐義淨譯⑥隋法智譯	小乘經/單譯經
2-2495	0738-001當05	0	當05	①佛說十二品生死經一卷②佛說輪轉五道罪福報應經一卷③佛說五無返復經一卷④佛說佛大僧大經一卷	①劉宋求那跋陀羅譯②劉宋求那跋陀羅譯③劉宋沮渠京聲譯④劉宋沮渠京聲譯	小乘經/單譯經
2-2496	0745-001當06	0	當06	①佛說大迦葉本經一卷②佛說四自侵經一卷③佛說羅雲忍辱經一卷④佛為年少比丘說正事經一卷⑤佛說沙曷比丘功德經一卷⑥佛說時非時經一卷⑦佛說自愛經一卷	①西晉竺法護譯②西晉竺法護譯③西晉法炬譯④西晉法炬譯⑤西晉法炬譯⑥西晉若羅嚴譯⑦東晉曇無蘭譯	小乘經/單譯經
2-2497	0751-001當07	0	當07	①佛說賢者五福德經一卷②天請問經一卷③佛說護淨經一卷④佛說木槵經一卷⑤佛說無上處經一卷⑥盧至長者因緣經一卷	①西晉白法祖譯②唐玄奘譯③失譯人名附東晉錄④失譯人名附東晉錄⑤失譯人名附東晉錄⑥失譯人名附東晉錄	小乘經/單譯經
2-2498	0759-001當08	37	當08	①佛說普達王經一卷②佛說鬼子母經一卷③佛說梵摩難國王經一卷④佛說孫多耶致經一卷⑤佛說父母恩重難報經一卷⑥佛說新歲經一卷⑦佛說群牛譬經一卷⑧佛說九橫經一卷	①失譯人名附西晉錄②失譯人名附西晉錄③失譯人名附西晉錄④吳支謙譯⑤後漢安世高譯⑥東晉曇無蘭譯⑦西晉法炬譯⑧後漢安世高譯	小乘經/單譯經
2-2499	0764-001當09	39	當09	①佛說五恐怖世經一卷②佛說弟子死復生經一卷③佛說懈怠耕者經一卷④佛說辯意長者子所問經一卷⑤無垢優婆夷問經一卷	①劉宋沮渠京聲譯②劉宋沮渠京聲譯③劉宋沮渠京聲譯④元魏法場譯⑤元魏般若流支譯	小乘經/單譯經
2-2500	0772-001當10	41	當10	①佛說耶祇經一卷②佛說末羅王經一卷③佛說摩達國王經一卷④佛說旃陀越國王經一卷⑤佛說五王經一卷⑥佛說出家功德經一卷⑦佛說栴檀樹經一卷⑧佛說頞多和多耆經一卷	①劉宋沮渠京聲譯②劉宋沮渠京聲譯③劉宋沮渠京聲譯④劉宋沮渠京聲譯⑤失譯人名附東晉錄⑥失譯人名附三秦錄⑦失譯人名附後漢錄⑧失譯人名附西晉錄	小乘經/單譯經
2-2501	0773-001竭01	55	竭01	禪秘要法經三卷（01）	姚秦鳩摩羅什等譯	小乘經/單譯經
2-2502	0773-002竭02	56	竭02	禪秘要法經三卷（02）	姚秦鳩摩羅什等譯	小乘經/單譯經
2-2503	0773-003竭03	53	竭03	禪秘要法經三卷（03）	姚秦鳩摩羅什等譯	小乘經/單譯經
2-2504	0774-001竭04	40	竭04	陰持入經二卷（01-02）	後漢安世高譯	小乘經/單譯經
2-2505	0775-001竭05	40	竭05	佛說因緣僧護經一卷	失譯人名附東晉錄	小乘經/單譯經
2-2506	0776-001竭06	0	竭06	佛說大乘莊嚴寶王經四卷（01）	宋天息災譯	宋元入藏諸大小乘經
2-2507	0776-002竭07	29	竭07	佛說大乘莊嚴寶王經四卷（02）	宋天息災譯	宋元入藏諸大小乘經
2-2508	0776-003竭08	25	竭08	佛說大乘莊嚴寶王經四卷（03）	宋天息災譯	宋元入藏諸大小乘經
2-2509	0776-004竭09	28	竭09	佛說大乘莊嚴寶王經四卷（04）	宋天息災譯	宋元入藏諸大小乘經
2-2510	0777-001竭10	37	竭10	分別善惡報應經二卷（01-02）	宋天息災譯	宋元入藏諸大小乘經
2-2511	0778-001力01	24	力01	佛說守護大千國王經三卷（01）	宋施護譯	宋元入藏諸大小乘經
2-2512	0778-002力02	36	力02	佛說守護大千國王經三卷（02）	宋施護譯	宋元入藏諸大小乘經
2-2513	0778-003力03	36	力03	佛說守護大千國王經三卷（03）	宋施護譯	宋元入藏諸大小乘經
2-2514	0779-001力04	28	力04	大方廣總持寶光明經五卷（01）	宋法天譯	宋元入藏諸大小乘經
2-2515	0779-002力05	28	力05	大方廣總持寶光明經五卷（02）	宋法天譯	宋元入藏諸大小乘經
2-2516	0779-003力06	25	力06	大方廣總持寶光明經五卷（03）	宋法天譯	宋元入藏諸大小乘經
2-2517	0779-004力07	28	力07	大方廣總持寶光明經五卷（04）	宋法天譯	宋元入藏諸大小乘經
2-2518	0779-005力08	26	力08	大方廣總持寶光明經五卷（05）	宋法天譯	宋元入藏諸大小乘經
2-2519	0781-001力09	27	力09	①佛說大乘聖無量壽決定光明王如來陀羅尼經一卷②佛說大乘聖吉祥持世陀羅尼經一卷	宋法天譯	宋元入藏諸大小乘經
2-2520	0783-001力10	36	力10	①佛說大乘日子王所問經一卷②佛說金耀童子經一卷	①宋法天譯②宋天息災譯	宋元入藏諸大小乘經
2-2521	0786-001忠01	30	忠01	佛頂放無垢光明入普門觀察一切如來心陀羅尼經二卷（01-02）	宋施護譯	宋元入藏諸大小乘經
2-2522	0788-001忠02	44	忠02	①佛說樓閣正法甘露鼓經一卷②佛說大乘善見變化文殊師利問法經一卷③聖虛空藏菩薩陀羅尼經一卷④佛說大護明大陀羅尼經一卷	①宋天息災譯②宋天息災譯③宋法天譯④宋法天譯	宋元入藏諸大小乘經
2-2523	0793-001忠03	38	忠03	①佛說無能勝幡王如來莊嚴陀羅尼經一卷②最勝佛頂陀羅尼經一卷③聖佛母小字般若波羅蜜多經一卷④消除一切閃電障難隨求如意陀羅尼經一卷⑤聖最上燈明如來陀羅尼經一卷	①宋施護譯②宋法天譯③宋天息災譯④宋施護譯⑤宋施護譯	宋元入藏諸大小乘經
2-2524	0797-001忠04	34	忠04	①大寒林聖難拿陀羅尼經一卷②佛說諸行有為經一卷③息除中夭陀羅尼經一卷④一切如來正法秘密篋印心陀羅尼經一卷	①宋法天譯②宋法天譯③宋施護譯④宋施護譯	宋元入藏諸大小乘經
2-2525	0798-001忠05	31	忠05	妙法聖念處經八卷（01-02）	宋法天譯	宋元入藏諸大小乘經
2-2526	0798-002忠06	32	忠06	妙法聖念處經八卷（03-04）	宋法天譯	宋元入藏諸大小乘經
2-2527	0798-003忠07	37	忠07	妙法聖念處經八卷（05-06）	宋法天譯	宋元入藏諸大小乘經
2-2528	0798-004忠08	38	忠08	妙法聖念處經八卷（07-08）	宋法天譯	宋元入藏諸大小乘經
2-2529	0799-001忠09	39	忠09	佛說大迦葉問大寶積正法經五卷（01-02）	宋施護譯	宋元入藏諸大小乘經
2-2530	0799-002忠10	49	忠10	佛說大迦葉問大寶積正法經五卷（03-05）	宋施護譯	宋元入藏諸大小乘經
2-2531	0801-001則01	0	則01	①嗟襪曩法天子受三歸依獲免惡道經一卷②佛說較量壽命經一卷	①宋法天譯②宋天息災譯	宋元入藏諸大小乘經
2-2532	0805-001則02	0	則02	①佛說沙彌十戒儀則經一卷②佛說聖持世陀羅尼經一卷③佛說布施經一卷④佛說聖曜母陀羅尼經一卷	①宋施護譯②宋施護譯③宋法天譯④宋法天譯	宋元入藏諸大小乘經
2-2533	0807-001則03	0	則03	①法集名數經一卷②聖多羅菩薩一百八名陀羅尼經一卷	①宋施護譯②宋法天譯	宋元入藏諸大小乘經
2-2534	0808-001則04	27	則04	十二緣生祥瑞經二卷（01-02）	宋施護譯	宋元入藏諸大小乘經
2-2535	0813-001則05	35	則05	①贊揚聖德多羅菩薩一百八名經一卷②聖觀自在菩薩一百八名經一卷③佛說目連所問經一卷④外道問聖大乘法無我義經一卷⑤毘俱胝菩薩一百八名經一卷	①宋天息災譯②宋天息災譯③宋法天譯④宋法天譯⑤宋法天譯	宋元入藏諸大小乘經
2-2536	0815-001則06	0	則06	①勝軍化世百喻伽陀經一卷②六道伽陀經一卷	①宋天息災譯②宋法天譯	宋元入藏諸大小乘經
2-2537	0816-001則07	0	則07	妙臂菩薩所問經四卷（01-02）	宋法天譯	宋元入藏諸大小乘經
2-2538	0816-002則08	0	則08	妙臂菩薩所問經四卷（03-04)	宋法天譯	宋元入藏諸大小乘經
2-2539	0823-001則09	39	則09	①佛說苾芻五法經一卷②佛說苾芻迦尸迦十法經一卷③諸佛心印陀羅尼經一卷④大乘寶月童子問法經一卷⑤佛說蓮華眼陀羅尼經一卷⑥佛說觀想佛母般若波羅蜜多菩薩經一卷⑦佛說如意摩尼陀羅尼經一卷	①宋法天譯②宋法天譯③宋法天譯④宋施護譯⑤宋施護譯⑥宋天息災譯⑦宋施護譯	宋元入藏諸大小乘經
2-2540	0830-001則10	52	則10	①佛說聖大總持王經一卷②佛說最上意陀羅尼經一卷③佛說持明藏八大總持王經一卷④聖無能勝金剛火陀羅尼經一卷⑤佛說尊勝大明正經一卷⑥佛說智光滅一切業障陀羅尼經一卷⑦佛說如意寶總持王經一卷	①宋施護譯②宋施護譯③宋施護譯④宋法天譯⑤宋施護譯⑥宋施護譯⑦宋施護譯	宋元入藏諸大小乘經
2-2541	0834-001盡01	39	盡01	①佛說大自在天子因地經一卷②佛說寶生陀羅尼經一卷③佛說十號經一卷④佛為娑伽羅龍王所說大乘法經一卷	①宋施護譯②宋施護譯③宋天息災譯④宋施護譯	宋元入藏諸大小乘經
2-2542	0837-001盡02	40	盡02	①佛說普賢菩薩陀羅尼經一卷②大金剛妙高山樓閣陀羅尼經一卷③廣大蓮華莊嚴曼拿羅滅一切罪陀羅尼經一卷	①宋法天譯②宋施護譯③宋施護譯	宋元入藏諸大小乘經
2-2543	0838-001盡03	28	盡03	佛說大摩里支菩薩經七卷（01）	宋天息災譯	宋元入藏諸大小乘經
2-2544	0838-002盡04	39	盡04	佛說大摩里支菩薩經七卷（02-03）	宋天息災譯	宋元入藏諸大小乘經
2-2545	0838-003盡05	37	盡05	佛說大摩里支菩薩經七卷（04-05）	宋天息災譯	宋元入藏諸大小乘經
2-2546	0838-004盡06	37	盡06	佛說大摩里支菩薩經七卷（06-07）	宋天息災譯	宋元入藏諸大小乘經
2-2547	0840-001盡07	31	盡07	①佛說末利支提婆華鬘經一卷②佛說摩利支天經一卷	唐不空譯	宋元入藏諸大小乘經
2-2548	0843-001盡08	32	盡08	①佛說摩利支天陀羅尼咒經一卷②佛說長者施報經一卷③佛說毘沙門天王經一卷	①失譯人名附梁錄②宋法天譯③宋法天譯	宋元入藏諸大小乘經
2-2549	0844-001盡09	28	盡09	毘婆尸佛經二卷（01-02）	宋法天譯	宋元入藏諸大小乘經
2-2550	0847-001盡10	36	盡10	①佛說大三摩惹經一卷②佛說月光菩薩經一卷③佛說普賢曼拿羅經一卷	①宋法天譯②宋法天譯③宋施護譯	宋元入藏諸大小乘經
2-2551	0852-001命01	0	命01	①佛說聖莊嚴陀羅尼經二卷（01-02）②佛說聖六字大明王陀羅尼經一卷③千轉大明陀羅尼經一卷④佛說華積樓閣陀羅尼經一卷⑤佛說勝幡瓔珞陀羅尼經一卷	宋施護譯	宋元入藏諸大小乘經
2-2552	0853-001命02	40	命02	眾許摩訶帝經十三卷（01-02）	宋法賢譯	宋元入藏諸大小乘經
2-2553	0853-002命03	38	命03	眾許摩訶帝經十三卷（03-04）	宋法賢譯	宋元入藏諸大小乘經
2-2554	0853-003命04	35	命04	眾許摩訶帝經十三卷（05-06）	宋法賢譯	宋元入藏諸大小乘經
2-2555	0853-004命05	39	命05	眾許摩訶帝經十三卷（07-08）	宋法賢譯	宋元入藏諸大小乘經
2-2556	0853-005命06	39	命06	眾許摩訶帝經十三卷（09-10）	宋法賢譯	宋元入藏諸大小乘經
2-2557	0853-006命07	46	命07	眾許摩訶帝經十三卷（11-12）	宋法賢譯	宋元入藏諸大小乘經
2-2558	0853-007命08	0	命08	眾許摩訶帝經十三卷（13）	宋法賢譯	宋元入藏諸大小乘經
2-2559	0856-001命09	41	命09	①佛說七佛經一卷②佛說解憂經一卷③佛說遍照般若波羅蜜經一卷	①宋法天譯②宋法天譯③宋施護譯	宋元入藏諸大小乘經
2-2560	0857-001命10	51	命10	佛說大乘無量壽莊嚴經三卷（01-03）	宋法賢譯	宋元入藏諸大小乘經
2-2561	0858-001臨01	49	臨01	佛母寶德藏般若波羅蜜經三卷（01-03）	宋法賢譯	宋元入藏諸大小乘經
2-2562	0862-001臨02	34	臨02	①佛說帝釋般若波羅蜜多心經一卷②佛說諸佛經一卷③大乘舍黎娑擔摩經一卷④佛說大金剛香陀羅尼經一卷	宋施護譯	宋元入藏諸大小乘經
2-2563	0863-001臨03	36	臨03	最上大乘金剛大教寶王經二卷（01-02）	宋法天譯	宋元入藏諸大小乘經
2-2564	0866-001臨04	28	臨04	①佛說薩鉢多酥哩逾捺野經一卷②佛說一切如來烏瑟膩沙最勝總持經一卷③菩提心觀釋一卷	①宋法賢譯②宋法天譯③宋法天譯	宋元入藏諸大小乘經
2-2565	0867-001臨05	45	臨05	佛說護國尊者所問大乘經四卷（01-02）	宋施護譯	宋元入藏諸大小乘經
2-2566	0867-002臨06	34	臨06	佛說護國尊者所問大乘經四卷（03-04）	宋施護譯	宋元入藏諸大小乘經
2-2567	0877-001臨07	50	臨07	①佛說四無所畏經一卷②增慧陀羅尼經一卷③聖六字增壽大明陀羅尼經一卷④佛說大乘戒經一卷⑤佛說聖最勝陀羅尼經一卷⑥佛說五十頌聖般若波羅蜜經一卷⑦大乘八大曼拿羅經一卷⑧佛說較量一切佛剎功德經一卷⑨囉嚩拿說救療小兒疾病經一卷⑩迦葉仙人說醫女人經一卷	①宋施護譯②宋施護譯③宋施護譯④宋施護譯⑤宋施護譯⑥宋施護譯⑦宋法賢譯⑧宋法賢譯⑨宋法賢譯⑩宋法賢譯	宋元入藏諸大小乘經
2-2568	0889-001臨08	0	臨08	①佛說俱枳羅陀羅尼經一卷②佛說消除一切災障寶髻陀羅尼經一卷③佛說妙色陀羅尼經一卷④佛說栴檀香身陀羅尼經一卷⑤佛說鉢蘭那赊嚩哩大陀羅尼經一卷⑥佛說宿命智陀羅尼經一卷⑦佛說慈氏菩薩誓願陀羅尼經一卷⑧佛說滅除五逆罪大陀羅尼經一卷⑨佛說無量功德陀羅尼經一卷⑩佛說十八臂陀羅尼經一卷⑪佛說洛叉陀羅尼經一卷⑫佛說辟除諸惡陀羅尼經一卷	宋法賢譯	宋元入藏諸大小乘經
2-2569	0893-001臨09	32	臨09	①佛說大愛陀羅尼經一卷②佛說阿羅漢具德經一卷③佛說八大靈塔名號經一卷④佛說尊那經一卷	宋法賢譯	宋元入藏諸大小乘經
2-2570	0897-001臨10	44	臨10	①佛說頻婆娑羅王經一卷②佛說人仙經一卷③佛說舊城喻經一卷④佛說信解智力經一卷	宋法賢譯	宋元入藏諸大小乘經
2-2571	0898-001深01	0	深01	大正句王經二卷（01-02）	宋法賢譯	宋元入藏諸大小乘經
2-2572	0905-001深02	32	深02	①佛說善樂長者經一卷②佛說聖多羅菩薩經一卷③佛說大吉祥陀羅尼經一卷④寶賢陀羅尼經一卷⑤佛說秘密八名陀羅尼經一卷⑥觀自在菩薩母陀羅尼經一卷⑦佛說戒香經一卷	宋法賢譯	宋元入藏諸大小乘經
2-2573	0911-001深03	30	深03	①佛說妙吉祥菩薩陀羅尼一卷②佛說無量壽大智陀羅尼一卷③佛說宿命陀羅尼一卷④佛說慈氏菩薩陀羅尼一卷⑤佛說虛空藏菩薩陀羅尼一卷⑥寶授菩薩菩提行經一卷	宋法賢譯	宋元入藏諸大小乘經
2-2574	0916-001深04	43	深04	①佛說延壽妙門陀羅尼經一卷②一切如來名號陀羅尼經一卷③佛說息除賊難陀羅尼經一卷④佛說法身經一卷⑤信佛功德經一卷	宋法賢譯	宋元入藏諸大小乘經
2-2575	0918-001深05	30	深05	①佛說解夏經一卷②佛說帝釋所問經一卷	宋法賢譯	宋元入藏諸大小乘經
2-2576	0919-001深06	43	深06	佛說未曾有正法經六卷（01-02）	宋法天譯	宋元入藏諸大小乘經
2-2577	0919-002深07	42	深07	佛說未曾有正法經六卷（03-04）	宋法天譯	宋元入藏諸大小乘經
2-2578	0919-003深08	38	深08	佛說未曾有正法經六卷（05-06）	宋法天譯	宋元入藏諸大小乘經
2-2579	0920-001深09	40	深09	佛說大方廣善巧方便經四卷（01-02）	宋施護譯	宋元入藏諸大小乘經
2-2580	0920-002深10	37	深10	佛說大方廣善巧方便經四卷（03-04）	宋施護譯	宋元入藏諸大小乘經
2-2581	0921-001履01	0	履01	佛母出生三法藏般若波羅密多經二十五卷（01-02）	宋施護譯	宋元入藏諸大小乘經
2-2582	0921-002履02	26	履02	佛母出生三法藏般若波羅密多經二十五卷（03）	宋施護譯	宋元入藏諸大小乘經
2-2583	0921-003履03	26	履03	佛母出生三法藏般若波羅密多經二十五卷（04）	宋施護譯	宋元入藏諸大小乘經
2-2584	0921-004履04	43	履04	佛母出生三法藏般若波羅密多經二十五卷（05-06）	宋施護譯	宋元入藏諸大小乘經
2-2585	0921-005履05	41	履05	佛母出生三法藏般若波羅密多經二十五卷（07-08）	宋施護譯	宋元入藏諸大小乘經
2-2586	0921-006履06	36	履06	佛母出生三法藏般若波羅密多經二十五卷（09-10）	宋施護譯	宋元入藏諸大小乘經
2-2587	0921-007履07	39	履07	佛母出生三法藏般若波羅密多經二十五卷（11-12）	宋施護譯	宋元入藏諸大小乘經
2-2588	0921-008履08	37	履08	佛母出生三法藏般若波羅密多經二十五卷（13-14）	宋施護譯	宋元入藏諸大小乘經
2-2589	0921-009履09	41	履09	佛母出生三法藏般若波羅密多經二十五卷（15-16）	宋施護譯	宋元入藏諸大小乘經
2-2590	0921-010履10	41	履10	佛母出生三法藏般若波羅密多經二十五卷（17-18）	宋施護譯	宋元入藏諸大小乘經
2-2591	0921-011薄01	27	薄01	佛母出生三法藏般若波羅密多經二十五卷（19）	宋施護譯	宋元入藏諸大小乘經
2-2592	0921-012薄02	42	薄02	佛母出生三法藏般若波羅密多經二十五卷（20-21）	宋施護譯	宋元入藏諸大小乘經
2-2593	0921-013薄03	38	薄03	佛母出生三法藏般若波羅密多經二十五卷（22-23）	宋施護譯	宋元入藏諸大小乘經
2-2594	0921-014薄04	52	薄04	佛母出生三法藏般若波羅密多經二十五卷（24-25）	宋施護譯	宋元入藏諸大小乘經
2-2595	0923-001薄05	36	薄05	①佛說決定義經一卷②佛說護國經一卷	宋法賢譯	宋元入藏諸大小乘經
2-2596	0927-001薄06	27	薄06	①佛說分別布施經一卷②佛說分別緣生經一卷③佛說法印經一卷④佛說大生義經一卷	①宋施護譯②宋法天譯③宋施護譯④宋施護譯	宋元入藏諸大小乘經
2-2597	0929-001薄07	33	薄07	①佛說發菩提心破諸魔經二卷（01-02）②佛說聖佛母般若波羅蜜多經一卷	宋施護譯	宋元入藏諸大小乘經
2-2598	0930-001薄08	51	薄08	佛說大乘不思議神通境界經三卷（01-03）	宋施護譯	宋元入藏諸大小乘經
2-2599	0931-001薄09	49	薄09	佛說給孤獨長者女得度因緣經三卷（01-03）	宋施護譯	宋元入藏諸大小乘經
2-2600	0932-001薄10	38	薄10	佛說大集法門經二卷（01-02）	宋施護譯	宋元入藏諸大小乘經
2-2601	0933-001夙01	34	夙01	佛說光明童子因緣經四卷（01-02）	宋施護譯	宋元入藏諸大小乘經
2-2602	0933-002夙02	32	夙02	佛說光明童子因緣經四卷（03-04）	宋施護譯	宋元入藏諸大小乘經
2-2603	0937-001夙03	39	夙03	①佛說寶帶陀羅尼經一卷②佛說金身陀羅尼經一卷③佛說入無分別法門經一卷④佛說淨意憂婆塞所問經一卷	宋施護譯	宋元入藏諸大小乘經
2-2604	0939-001夙04	33	夙04	①佛說金剛場莊嚴般若波羅蜜多教中一分一卷②佛說息諍因緣經一卷	宋施護譯	宋元入藏諸大小乘經
2-2605	0940-001夙05	32	夙05	佛說初分說經二卷（01-02）	宋施護譯	宋元入藏諸大小乘經
2-2606	0944-001夙06	35	夙06	①佛說無畏授所問大乘經三卷（01-03）②佛說月喻經一卷③佛說醫喻經一卷④佛說灌頂王喻經一卷	宋施護譯	宋元入藏諸大小乘經
2-2607	0945-001夙07	26	夙07	佛說尼拘陀梵志經二卷（01-02）	宋施護譯	宋元入藏諸大小乘經
2-2608	0946-001夙08	33	夙08	佛說白衣金幢二婆羅門緣起經三卷（01-03）	宋施護譯	宋元入藏諸大小乘經
2-2609	0947-001夙09	37	夙09	佛說福力太子因緣經三卷（01-03）	宋施護譯	宋元入藏諸大小乘經
2-2610	0948-001夙10	0	夙10	佛說身毛喜竪經三卷（01-03）	宋惟淨等譯	宋元入藏諸大小乘經
2-2611	0949-001興01	37	興01	大乘本生心地觀經八卷（01）	唐般若等譯	宋元入藏諸大小乘經
2-2612	0949-002興02	27	興02	大乘本生心地觀經八卷（02）	唐般若等譯	宋元入藏諸大小乘經
2-2613	0949-003興03	34	興03	大乘本生心地觀經八卷（03）	唐般若等譯	宋元入藏諸大小乘經
2-2614	0949-004興04	36	興04	大乘本生心地觀經八卷（04）	唐般若等譯	宋元入藏諸大小乘經
2-2615	0949-005興05	30	興05	大乘本生心地觀經八卷（05）	唐般若等譯	宋元入藏諸大小乘經
2-2616	0949-006興06	28	興06	大乘本生心地觀經八卷（06）	唐般若等譯	宋元入藏諸大小乘經
2-2617	0949-007興07	26	興07	大乘本生心地觀經八卷（07）	唐般若等譯	宋元入藏諸大小乘經
2-2618	0949-008興08	32	興08	大乘本生心地觀經八卷（08）	唐般若等譯	宋元入藏諸大小乘經
2-2619	0954-001興09	52	興09	①佛說出生無邊門陀羅尼經一卷②一切如來心秘密全身舍利寶篋印陀羅尼經一卷③佛說大吉祥天女十二名號經一卷④佛說大吉祥天女十二契一百八名無垢大乘經一卷⑤佛說一切如來金剛壽命陀羅尼經一卷	①唐不空譯②唐不空譯③唐不空譯④唐不空譯⑤唐金剛智共智藏譯	宋元入藏諸大小乘經
2-2620	0957-001興10	0	興10	①佛說穰麌梨童女經一卷②佛說雨寶陀羅尼經一卷③慈氏菩薩所說大乘緣生稻杆喻經一卷	唐不空譯	宋元入藏諸大小乘經
2-2621	0958-001溫01	33	溫01	佛說除蓋障菩薩所問經二十卷（01-02）	宋惟淨共法護譯	宋元入藏諸大小乘經
2-2622	0958-002溫02	35	溫02	佛說除蓋障菩薩所問經二十卷（03-04）	宋惟淨共法護譯	宋元入藏諸大小乘經
2-2623	0958-003溫03	31	溫03	佛說除蓋障菩薩所問經二十卷（05-06）	宋惟淨共法護譯	宋元入藏諸大小乘經
2-2624	0958-004溫04	31	溫04	佛說除蓋障菩薩所問經二十卷（07-08）	宋惟淨共法護譯	宋元入藏諸大小乘經
2-2625	0958-005溫05	36	溫05	佛說除蓋障菩薩所問經二十卷（09-10）	宋惟淨共法護譯	宋元入藏諸大小乘經
2-2626	0958-006溫06	32	溫06	佛說除蓋障菩薩所問經二十卷（11-12）	宋惟淨共法護譯	宋元入藏諸大小乘經
2-2627	0958-007溫07	39	溫07	佛說除蓋障菩薩所問經二十卷（13-15）	宋惟淨共法護譯	宋元入藏諸大小乘經
2-2628	0958-008溫08	49	溫08	佛說除蓋障菩薩所問經二十卷（16-20）	宋惟淨共法護譯	宋元入藏諸大小乘經
2-2629	0959-001溫09	34	溫09	仁王護國般若波羅蜜多經二卷（01）	唐不空譯	宋元入藏諸大小乘經
2-2630	0959-002溫10	30	溫10	仁王護國般若波羅蜜多經二卷（02）	唐不空譯	宋元入藏諸大小乘經
2-2631	0963-001清01	0	凊01	①穢迹金剛說神通大滿陀羅尼法術靈要門經一卷②穢迹金剛法禁百變法門經一卷③佛說大乘大方廣佛冠經二卷（01-02）④佛說八種長養功德經一卷	①唐無能勝譯②唐阿質達霰譯③宋法護等譯④宋法護等譯	宋元入藏諸大小乘經
2-2632	0964-001清02	45	凊02	大雲輪請雨經二卷（01-02）	唐不空譯	宋元入藏諸大小乘經
2-2633	0965-001清03	39	凊03	大乘密嚴經三卷（01）	唐不空譯	宋元入藏諸大小乘經
2-2634	0965-002清04	42	凊04	大乘密嚴經三卷（02）	唐不空譯	宋元入藏諸大小乘經
2-2635	0965-003清05	42	凊05	大乘密嚴經三卷（03）	唐不空譯	宋元入藏諸大小乘經
2-2636	0966-001清06	42	凊06	佛說大集會正法經五卷（01-02）	宋施護譯	宋元入藏諸大小乘經
2-2637	0966-002清07	22	凊07	佛說大集會正法經五卷（03）	宋施護譯	宋元入藏諸大小乘經
2-2638	0966-003清08	29	凊08	佛說大集會正法經五卷（04）	宋施護譯	宋元入藏諸大小乘經
2-2639	0966-004清09	27	凊09	佛說大集會正法經五卷（05）	宋施護譯	宋元入藏諸大小乘經
2-2640	0969-001清10	32	凊10	①葉衣觀自在菩薩經一卷②毘沙門天王經一卷③文殊問經字母品一卷	唐不空譯	宋元入藏諸大小乘經
2-2641	0970-001似01	37	似01	海意菩薩所問淨印法門經九卷（01）	宋惟淨共法護譯	宋元入藏諸大小乘經
2-2642	0970-002似02	36	似02	海意菩薩所問淨印法門經九卷（02）	宋惟淨共法護譯	宋元入藏諸大小乘經
2-2643	0970-003似03	25	似03	海意菩薩所問淨印法門經九卷（03）	宋惟淨共法護譯	宋元入藏諸大小乘經
2-2644	0970-004似04	36	似04	海意菩薩所問淨印法門經九卷（04）	宋惟淨共法護譯	宋元入藏諸大小乘經
2-2645	0970-005似05	38	似05	海意菩薩所問淨印法門經九卷（05）	宋惟淨共法護譯	宋元入藏諸大小乘經
2-2646	0970-006似06	32	似06	海意菩薩所問淨印法門經九卷（06）	宋惟淨共法護譯	宋元入藏諸大小乘經
2-2647	0970-007似07	28	似07	海意菩薩所問淨印法門經九卷（07）	宋惟淨共法護譯	宋元入藏諸大小乘經
2-2648	0970-008似08	30	似08	海意菩薩所問淨印法門經九卷（08）	宋惟淨共法護譯	宋元入藏諸大小乘經
2-2649	0970-009似09	31	似09	海意菩薩所問淨印法門經九卷（09）	宋惟淨共法護譯	宋元入藏諸大小乘經
2-2650	0971-001似10	39	似10	佛說如幻三摩地無量印法門經三卷（01-03）	宋施護等譯	宋元入藏諸大小乘經
2-2651	0972-001蘭01	33	蘭01	守護國界主陀羅尼經十卷（01）	唐般若等譯	宋元入藏諸大小乘經
2-2652	0972-002蘭02	29	蘭02	守護國界主陀羅尼經十卷（02）	唐般若等譯	宋元入藏諸大小乘經
2-2653	0972-003蘭03	28	蘭03	守護國界主陀羅尼經十卷（03）	唐般若等譯	宋元入藏諸大小乘經
2-2654	0972-004蘭04	24	蘭04	守護國界主陀羅尼經十卷（04）	唐般若等譯	宋元入藏諸大小乘經
2-2655	0972-005蘭05	36	蘭05	守護國界主陀羅尼經十卷（05）	唐般若等譯	宋元入藏諸大小乘經
2-2656	0972-006蘭06	29	蘭06	守護國界主陀羅尼經十卷（06）	唐般若等譯	宋元入藏諸大小乘經
2-2657	0972-007蘭07	32	蘭07	守護國界主陀羅尼經十卷（07）	唐般若等譯	宋元入藏諸大小乘經
2-2658	0972-008蘭08	35	蘭08	守護國界主陀羅尼經十卷（08）	唐般若等譯	宋元入藏諸大小乘經
2-2659	0972-009蘭09	36	蘭09	守護國界主陀羅尼經十卷（09）	唐般若等譯	宋元入藏諸大小乘經
2-2660	0972-010蘭10	34	蘭10	守護國界主陀羅尼經十卷（10）	唐般若等譯	宋元入藏諸大小乘經
2-2661	0978-001斯01	32	斯01	①佛說三十五佛名禮懺文一卷②觀自在菩薩說普賢陀羅尼經一卷③佛說八大菩薩曼荼羅經一卷④佛說能淨一切眼疾病陀羅尼經一卷⑤佛說除一切疾病陀羅尼經一卷⑥佛說救拔焰口餓鬼陀羅尼經一卷	唐不空譯	宋元入藏諸大小乘經
2-2662	0979-001斯02	0	斯02	瑜伽集要救阿難陀羅尼焰口儀軌經一卷	唐不空譯	宋元入藏諸大小乘經
2-2663	0981-001斯03	24	斯03	①佛說蟻喻經一卷②聖觀自在菩薩不空王秘密心陀羅尼經一卷	①宋施護譯②宋施護等譯	宋元入藏諸大小乘經
2-2664	0986-001斯04	36	斯04	①佛說勝軍王所問經一卷②佛說輪王七寶經一卷③佛說園生樹經一卷④佛說了義般若波羅蜜多經一卷⑤佛說大方廣未曾有經善巧方便品一卷	宋施護譯	宋元入藏諸大小乘經
2-2665	0987-001斯05	0	斯05	佛說大堅固婆羅門緣起經二卷（01-02）	宋施護等譯	宋元入藏諸大小乘經
2-2666	0988-001斯06	41	斯06	佛說巨力長者所問大乘經三卷（01-03）	宋智詳等譯	宋元入藏諸大小乘經
2-2667	0993-001斯07	32	斯07	①佛說妙吉祥菩薩所問大乘法螺經一卷②佛說四品法門經一卷③佛說八大菩薩經一卷④佛說施一切無畏陀羅尼經一卷⑤聖八千頌般若波羅蜜多一百八名真實圓義陀羅尼經一卷	①宋法賢譯②宋法賢譯③宋法賢譯④宋法賢譯⑤宋施護等譯	宋元入藏諸大小乘經
2-2668	0996-001斯08	34	斯08	①佛說一髻尊陀羅尼經一卷②金剛摧碎陀羅尼一卷③不空羂索毘盧遮那佛大灌頂真言經一卷	①唐不空譯②宋慈賢譯③唐不空譯	宋元入藏諸大小乘經
2-2669	0997-001斯09	37	斯09	地藏菩薩本願經二卷（01）	唐實叉難陀譯	宋元入藏諸大小乘經
2-2670	0997-002斯10	37	斯10	地藏菩薩本願經二卷（02）	唐實叉難陀譯	宋元入藏諸大小乘經
2-2671	0998-001馨01	34	馨01	大乘理趣六波羅蜜多經十卷（01）	唐般若譯	宋元入藏諸大小乘經
2-2672	0998-002馨02	37	馨02	大乘理趣六波羅蜜多經十卷（02）	唐般若譯	宋元入藏諸大小乘經
2-2673	0998-003馨03	36	馨03	大乘理趣六波羅蜜多經十卷（03）	唐般若譯	宋元入藏諸大小乘經
2-2674	0998-004馨04	31	馨04	大乘理趣六波羅蜜多經十卷（04）	唐般若譯	宋元入藏諸大小乘經
2-2675	0998-005馨05	0	馨05	大乘理趣六波羅蜜多經十卷（05）	唐般若譯	宋元入藏諸大小乘經
2-2676	0998-006馨06	26	馨06	大乘理趣六波羅蜜多經十卷（06）	唐般若譯	宋元入藏諸大小乘經
2-2677	0998-007馨07	24	馨07	大乘理趣六波羅蜜多經十卷（07）	唐般若譯	宋元入藏諸大小乘經
2-2678	0998-008馨08	33	馨08	大乘理趣六波羅蜜多經十卷（08）	唐般若譯	宋元入藏諸大小乘經
2-2679	0998-009馨09	37	馨09	大乘理趣六波羅蜜多經十卷（09）	唐般若譯	宋元入藏諸大小乘經
2-2680	0998-010馨10	39	馨10	大乘理趣六波羅蜜多經十卷（10）	唐般若譯	宋元入藏諸大小乘經
2-2681	0999-001如01	27	如01	佛說大乘菩薩藏正法經四十卷（01-02）	宋施護等譯	宋元入藏諸大小乘經
2-2682	0999-002如02	0	如02	佛說大乘菩薩藏正法經四十卷（0-04）	宋施護等譯	宋元入藏諸大小乘經
2-2683	0999-003如03	28	如03	佛說大乘菩薩藏正法經四十卷（05-06）	宋施護等譯	宋元入藏諸大小乘經
2-2684	0999-004如04	30	如04	佛說大乘菩薩藏正法經四十卷（07-08）	宋施護等譯	宋元入藏諸大小乘經
2-2685	0999-005如05	30	如05	佛說大乘菩薩藏正法經四十卷（09-10）	宋施護等譯	宋元入藏諸大小乘經
2-2686	0999-006如06	33	如06	佛說大乘菩薩藏正法經四十卷（11-12）	宋施護等譯	宋元入藏諸大小乘經
2-2687	0999-007如07	32	如07	佛說大乘菩薩藏正法經四十卷（13-14）	宋施護等譯	宋元入藏諸大小乘經
2-2688	0999-008如08	30	如08	佛說大乘菩薩藏正法經四十卷（15-16）	宋施護等譯	宋元入藏諸大小乘經
2-2689	0999-009如09	32	如09	佛說大乘菩薩藏正法經四十卷（17-18）	宋施護等譯	宋元入藏諸大小乘經
2-2690	0999-010如10	38	如10	佛說大乘菩薩藏正法經四十卷（19-20）	宋施護等譯	宋元入藏諸大小乘經
2-2691	0999-011松01	37	松01	佛說大乘菩薩藏正法經四十卷（21-22）	宋施護等譯	宋元入藏諸大小乘經
2-2692	0999-012松02	38	松02	佛說大乘菩薩藏正法經四十卷（23-24）	宋施護等譯	宋元入藏諸大小乘經
2-2693	0999-013松03	0	松03	佛說大乘菩薩藏正法經四十卷（25-26）	宋施護等譯	宋元入藏諸大小乘經
2-2694	0999-014松04	0	松04	佛說大乘菩薩藏正法經四十卷（27-28）	宋施護等譯	宋元入藏諸大小乘經
2-2695	0999-015松05	33	松05	佛說大乘菩薩藏正法經四十卷（29-30）	宋施護等譯	宋元入藏諸大小乘經
2-2696	0999-016松06	30	松06	佛說大乘菩薩藏正法經四十卷（31-32）	宋施護等譯	宋元入藏諸大小乘經
2-2697	0999-017松07	33	松07	佛說大乘菩薩藏正法經四十卷（33-34）	宋施護等譯	宋元入藏諸大小乘經
2-2698	0999-018松08	29	松08	佛說大乘菩薩藏正法經四十卷（35-36）	宋施護等譯	宋元入藏諸大小乘經
2-2699	0999-019松09	29	松09	佛說大乘菩薩藏正法經四十卷（37-38）	宋施護等譯	宋元入藏諸大小乘經
2-2700	0999-020松10	26	松10	佛說大乘菩薩藏正法經四十卷（39-40）	宋施護等譯	宋元入藏諸大小乘經
2-2701	1004-001之01	33	之01	①佛為優填王說王法政論經一卷②佛說五大施經一卷③佛說無畏陀羅尼經一卷④佛說大威德金輪佛頂熾盛光如來消除一切災難陀羅尼經一卷⑤佛說熾盛光大威德消災吉祥陀羅尼經一卷	①唐不空譯②宋施護等譯③宋法賢譯④失譯人名附唐錄⑤唐不空譯	宋元入藏諸大小乘經
2-2702	1005-001之02	44	之02	佛說頂生王因緣經六卷（01-03）	宋施護譯	宋元入藏諸大小乘經
2-2703	1005-002之03	36	之03	佛說頂生王因緣經六卷（04-06）	宋施護譯	宋元入藏諸大小乘經
2-2704	1006-001之04	50	之04	佛說大乘隨轉宣說諸法經三卷（01-03）	宋紹德等譯	宋元入藏諸大小乘經
2-2705	1007-001之05	44	之05	佛說大乘入諸佛境界智光明莊嚴經五卷（01-03）	宋惟淨、法護譯	宋元入藏諸大小乘經
2-2706	1007-002之06	27	之06	佛說大乘入諸佛境界智光明莊嚴經五卷（04-05）	宋惟淨、法護譯	宋元入藏諸大小乘經
2-2707	1008-001之07	41	之07	佛說大乘智印經五卷（01-03）	智吉祥等譯	宋元入藏諸大小乘經
2-2708	1008-002之08	36	之08	佛說大乘智印經五卷（04-05）	智吉祥等譯	宋元入藏諸大小乘經
2-2709	1009-001之09	38	之09	佛說法乘義決定經三卷（01-03）	金總持等譯	宋元入藏諸大小乘經
2-2710	1010-001之10	24	之10	佛說大白傘蓋總持陀羅尼經一卷	元真智等譯	宋元入藏諸大小乘經
2-2711	1011-001盛01	33	盛01	佛說一切如來真實攝大乘現證三昧大教王經三十卷（01-02）	宋施護譯	宋元入藏諸大小乘經
2-2712	1011-002盛02	36	盛02	佛說一切如來真實攝大乘現證三昧大教王經三十卷（03-04）	宋施護譯	宋元入藏諸大小乘經
2-2713	1011-003盛03	50	盛03	佛說一切如來真實攝大乘現證三昧大教王經三十卷（05-06）	宋施護譯	宋元入藏諸大小乘經
2-2714	1011-004盛04	28	盛04	佛說一切如來真實攝大乘現證三昧大教王經三十卷（07）	宋施護譯	宋元入藏諸大小乘經
2-2715	1011-005盛05	44	盛05	佛說一切如來真實攝大乘現證三昧大教王經三十卷（08-09）	宋施護譯	宋元入藏諸大小乘經
2-2716	1011-006盛06	42	盛06	佛說一切如來真實攝大乘現證三昧大教王經三十卷（10-11）	宋施護譯	宋元入藏諸大小乘經
2-2717	1011-007盛07	38	盛07	佛說一切如來真實攝大乘現證三昧大教王經三十卷（12-13）	宋施護譯	宋元入藏諸大小乘經
2-2718	1011-008盛08	35	盛08	佛說一切如來真實攝大乘現證三昧大教王經三十卷（14-15）	宋施護譯	宋元入藏諸大小乘經
2-2719	1011-009盛09	39	盛09	佛說一切如來真實攝大乘現證三昧大教王經三十卷（16-17）	宋施護譯	宋元入藏諸大小乘經
2-2720	1011-010盛10	39	盛10	佛說一切如來真實攝大乘現證三昧大教王經三十卷（18-19）	宋施護譯	宋元入藏諸大小乘經
2-2721	1011-011川01	46	川01	佛說一切如來真實攝大乘現證三昧大教王經三十卷（20-21）	宋施護譯	宋元入藏諸大小乘經
2-2722	1011-012川02	47	川02	佛說一切如來真實攝大乘現證三昧大教王經三十卷（22-23）	宋施護譯	宋元入藏諸大小乘經
2-2723	1011-013川03	34	川03	佛說一切如來真實攝大乘現證三昧大教王經三十卷（24-25）	宋施護譯	宋元入藏諸大小乘經
2-2724	1011-014川04	42	川04	佛說一切如來真實攝大乘現證三昧大教王經三十卷（26-27）	宋施護譯	宋元入藏諸大小乘經
2-2725	1011-015川05	26	川05	佛說一切如來真實攝大乘現證三昧大教王經三十卷（28）	宋施護譯	宋元入藏諸大小乘經
2-2726	1011-016川06	26	川06	佛說一切如來真實攝大乘現證三昧大教王經三十卷（29）	宋施護譯	宋元入藏諸大小乘經
2-2727	1011-017川07	22	川07	佛說一切如來真實攝大乘現證三昧大教王經三十卷（30）	宋施護譯	宋元入藏諸大小乘經
2-2728	1012-001川08	26	川08	一切如來大秘密王未曾有最上微妙大曼拏羅經五卷（01）	宋天息災譯	宋元入藏諸大小乘經
2-2729	1012-002川09	38	川09	一切如來大秘密王未曾有最上微妙大曼拏羅經五卷（02-03）	宋天息災譯	宋元入藏諸大小乘經
2-2730	1012-003川10	41	川10	一切如來大秘密王未曾有最上微妙大曼拏羅經五卷（04-05）	宋天息災譯	宋元入藏諸大小乘經
2-2731	1013-001流01	39	流01	出生一切如來法眼遍照大力明王經二卷（01-02）	宋法護譯	宋元入藏諸大小乘經之餘
2-2732	1014-001流02	32	流02	金剛頂一切如來真實攝大乘現證大教王經三卷（01）	唐不空譯	宋元入藏諸大小乘經之餘
2-2733	1014-002流03	0	流03	金剛頂一切如來真實攝大乘現證大教王經三卷（02）	唐不空譯	宋元入藏諸大小乘經之餘
2-2734	1014-003流04	31	流04	金剛頂一切如來真實攝大乘現證大教王經三卷（03）	唐不空譯	宋元入藏諸大小乘經之餘
2-2735	1015-001流05	44	流05	阿唎多羅陀羅尼阿嚕力經一卷	唐不空譯	宋元入藏諸大小乘經之餘
2-2736	1016-001流06	29	流06	佛說瑜伽大教王經五卷（01）	宋法賢譯	宋元入藏諸大小乘經之餘
2-2737	1016-002流07	0	流07	佛說瑜伽大教王經五卷（02）	宋法賢譯	宋元入藏諸大小乘經之餘
2-2738	1016-003流08	36	流08	佛說瑜伽大教王經五卷（03）	宋法賢譯	宋元入藏諸大小乘經之餘
2-2739	1016-004流09	24	流09	佛說瑜伽大教王經五卷（04）	宋法賢譯	宋元入藏諸大小乘經之餘
2-2740	1016-005流10	30	流10	佛說瑜伽大教王經五卷（05）	宋法賢譯	宋元入藏諸大小乘經之餘
2-2741	1017-001不01	51	不01	一字奇特佛頂經三卷（01）	唐不空譯	宋元入藏諸大小乘經之餘
2-2742	1017-002不02	0	不02	一字奇特佛頂經三卷（02）	唐不空譯	宋元入藏諸大小乘經之餘
2-2743	1017-003不03	0	不03	一字奇特佛頂經三卷（03）	唐不空譯	宋元入藏諸大小乘經之餘
2-2744	1018-001不04	31	不04	菩提場所說一字頂輪王經五卷（01）	唐不空譯	宋元入藏諸大小乘經之餘
2-2745	1018-002不05	0	不05	菩提場所說一字頂輪王經五卷（02）	唐不空譯	宋元入藏諸大小乘經之餘
2-2746	1018-003不06	31	不06	菩提場所說一字頂輪王經五卷（03）	唐不空譯	宋元入藏諸大小乘經之餘
2-2747	1018-004不07	46	不07	菩提場所說一字頂輪王經五卷（04）	唐不空譯	宋元入藏諸大小乘經之餘
2-2748	1018-005不08	0	不08	菩提場所說一字頂輪王經五卷（05）	唐不空譯	宋元入藏諸大小乘經之餘
2-2749	1019-001不09	42	不09	菩提場莊嚴陀羅尼經一卷	唐不空譯	宋元入藏諸大小乘經之餘
2-2750	1020-001不10	39	不10	佛說秘密相經三卷（01-03）	宋施護等譯	宋元入藏諸大小乘經之餘
2-2751	1021-001息01	32	息01	佛說一切如來金剛三業最上秘密大教王經七卷（01）	宋施護譯	宋元入藏諸大小乘經之餘
2-2752	1021-002息02	27	息02	佛說一切如來金剛三業最上秘密大教王經七卷（02）	宋施護譯	宋元入藏諸大小乘經之餘
2-2753	1021-003息03	37	息03	佛說一切如來金剛三業最上秘密大教王經七卷（03）	宋施護譯	宋元入藏諸大小乘經之餘
2-2754	1021-004息04	0	息04	佛說一切如來金剛三業最上秘密大教王經七卷（04）	宋施護譯	宋元入藏諸大小乘經之餘
2-2755	1021-005息05	28	息05	佛說一切如來金剛三業最上秘密大教王經七卷（05）	宋施護譯	宋元入藏諸大小乘經之餘
2-2756	1021-006息06	31	息06	佛說一切如來金剛三業最上秘密大教王經七卷（06）	宋施護譯	宋元入藏諸大小乘經之餘
2-2757	1021-007息07	30	息07	佛說一切如來金剛三業最上秘密大教王經七卷（07）	宋施護譯	宋元入藏諸大小乘經之餘
2-2758	1022-001息08	36	息08	大寶廣博樓閣善住秘密陀羅尼經三卷（01）	唐不空譯	宋元入藏諸大小乘經之餘
2-2759	1022-002息09	28	息09	大寶廣博樓閣善住秘密陀羅尼經三卷（02）	唐不空譯	宋元入藏諸大小乘經之餘
2-2760	1022-003息10	28	息10	大寶廣博樓閣善住秘密陀羅尼經三卷（03）	唐不空譯	宋元入藏諸大小乘經之餘
2-2761	1023-001淵01	27	淵01	佛說秘密三昧大教王經四卷（01）	宋施護等譯	宋元入藏諸大小乘經之餘
2-2762	1023-002淵02	24	淵02	佛說秘密三昧大教王經四卷（02）	宋施護等譯	宋元入藏諸大小乘經之餘
2-2763	1023-003淵03	29	淵03	佛說秘密三昧大教王經四卷（03）	宋施護等譯	宋元入藏諸大小乘經之餘
2-2764	1023-004淵04	0	淵04	佛說秘密三昧大教王經四卷（04）	宋施護等譯	宋元入藏諸大小乘經之餘
2-2765	1024-001淵05	39	淵05	佛說無二平等最上瑜伽大教王經六卷（01-02）	宋施護譯	宋元入藏諸大小乘經之餘
2-2766	1024-002淵06	0	淵06	佛說無二平等最上瑜伽大教王經六卷（03-04）	宋施護譯	宋元入藏諸大小乘經之餘
2-2767	1024-003淵07	45	淵07	佛說無二平等最上瑜伽大教王經六卷（05-06）	宋施護譯	宋元入藏諸大小乘經之餘
2-2768	1025-001淵08	29	淵08	佛說金剛手菩薩降伏一切部多大教王經三卷（01）	宋法天譯	宋元入藏諸大小乘經之餘
2-2769	1025-002淵09	34	淵09	佛說金剛手菩薩降伏一切部多大教王經三卷（02）	宋法天譯	宋元入藏諸大小乘經之餘
2-2770	1025-003淵10	32	淵10	佛說金剛手菩薩降伏一切部多大教王經三卷（03）	宋法天譯	宋元入藏諸大小乘經之餘
2-2771	1026-001澄01	54	澄01	聖妙吉祥真實名經一卷	元智慧譯	宋元入藏諸大小乘經之餘
2-2772	1030-001澄02	45	澄02	①金剛頂瑜伽理趣般若經一卷②大樂金剛不空真實三耶般若波羅蜜多理趣經一卷③佛說佛母般若波羅蜜多大明觀想儀軌經一卷④金剛頂瑜伽念珠經一卷	①唐金剛智譯②唐不空譯③宋施護譯④唐不空譯	宋元入藏諸大小乘經之餘
2-2773	1031-001澄03	0	澄03	佛說最上根本大樂金剛不空三昧大教王經七卷（01）	宋法賢譯	宋元入藏諸大小乘經之餘
2-2774	1031-002澄04	30	澄04	佛說最上根本大樂金剛不空三昧大教王經七卷（02）	宋法賢譯	宋元入藏諸大小乘經之餘
2-2775	1031-003澄05	34	澄05	佛說最上根本大樂金剛不空三昧大教王經七卷（03）	宋法賢譯	宋元入藏諸大小乘經之餘
2-2776	1031-004澄06	31	澄06	佛說最上根本大樂金剛不空三昧大教王經七卷（04）	宋法賢譯	宋元入藏諸大小乘經之餘
2-2777	1031-005澄07	32	澄07	佛說最上根本大樂金剛不空三昧大教王經七卷（05）	宋法賢譯	宋元入藏諸大小乘經之餘
2-2778	1031-006澄08	32	澄08	佛說最上根本大樂金剛不空三昧大教王經七卷（06）	宋法賢譯	宋元入藏諸大小乘經之餘
2-2779	1031-007澄09	24	澄09	佛說最上根本大樂金剛不空三昧大教王經七卷（07）	宋法賢譯	宋元入藏諸大小乘經之餘
2-2780	1032-001澄10	0	澄10	佛說最上秘密那拏天經三卷（01-03）	宋法賢譯	宋元入藏諸大小乘經之餘
2-2781	1033-001取01	31	取01	金剛峰樓閣一切瑜伽瑜祇經二卷（01）	唐金剛智譯	宋元入藏諸大小乘經之餘
2-2782	1033-002取02	38	取02	金剛峰樓閣一切瑜伽瑜祇經二卷（02）	唐金剛智譯	宋元入藏諸大小乘經之餘
2-2783	1034-001取03	48	取03	佛說妙吉祥最勝根本大教經三卷（01-02）	宋法賢譯	宋元入藏諸大小乘經之餘
2-2784	1034-002取04	28	取04	佛說妙吉祥最勝根本大教經三卷（03）	宋法賢譯	宋元入藏諸大小乘經之餘
2-2785	1035-001取05	36	取05	妙吉祥平等秘密最上觀門大教王經五卷（01）	宋慈賢譯	宋元入藏諸大小乘經之餘
2-2786	1035-002取06	28	取06	妙吉祥平等秘密最上觀門大教王經五卷（02）	宋慈賢譯	宋元入藏諸大小乘經之餘
2-2787	1035-003取07	44	取07	妙吉祥平等秘密最上觀門大教王經五卷（03）	宋慈賢譯	宋元入藏諸大小乘經之餘
2-2788	1035-004取08	37	取08	妙吉祥平等秘密最上觀門大教王經五卷（04-05）	宋慈賢譯	宋元入藏諸大小乘經之餘
2-2789	1036-001取09	37	取09	普遍光明焰鬘清淨熾盛如意寶印心無能勝大明王大隨求陀羅尼經二卷（01）	唐不空譯	宋元入藏諸大小乘經之餘
2-2790	1036-002取10	32	取10	普遍光明焰鬘清淨熾盛如意寶印心無能勝大明王大隨求陀羅尼經二卷（02）	唐不空譯	宋元入藏諸大小乘經之餘
2-2791	1037-001映01	32	映01	佛說如來不思議秘密大乘經二十卷（01-02）	宋惟淨法護等譯	宋元入藏諸大小乘經之餘
2-2792	1037-002映02	28	映02	佛說如來不思議秘密大乘經二十卷（03-04）	宋惟淨法護等譯	宋元入藏諸大小乘經之餘
2-2793	1037-003映03	0	映03	佛說如來不思議秘密大乘經二十卷（05-06）	宋惟淨法護等譯	宋元入藏諸大小乘經之餘
2-2794	1037-004映04	0	映04	佛說如來不思議秘密大乘經二十卷（07-08）	宋惟淨法護等譯	宋元入藏諸大小乘經之餘
2-2795	1037-005映05	27	映05	佛說如來不思議秘密大乘經二十卷（09-10）	宋惟淨法護等譯	宋元入藏諸大小乘經之餘
2-2796	1037-006映06	27	映06	佛說如來不思議秘密大乘經二十卷（11-12）	宋惟淨法護等譯	宋元入藏諸大小乘經之餘
2-2797	1037-007映07	22	映07	佛說如來不思議秘密大乘經二十卷（13-14）	宋惟淨法護等譯	宋元入藏諸大小乘經之餘
2-2798	1037-008映08	30	映08	佛說如來不思議秘密大乘經二十卷（15-16）	宋惟淨法護等譯	宋元入藏諸大小乘經之餘
2-2799	1037-009映09	25	映09	佛說如來不思議秘密大乘經二十卷（17-18）	宋惟淨法護等譯	宋元入藏諸大小乘經之餘
2-2800	1037-010映10	35	映10	佛說如來不思議秘密大乘經二十卷（19-20）	宋惟淨法護等譯	宋元入藏諸大小乘經之餘
2-2801	1038-001容01	42	容01	大乘瑜伽金剛性海曼殊室利千臂千鉢大教王經十卷（01）	唐不空譯	宋元入藏諸大小乘經之餘
2-2802	1038-002容02	23	容02	大乘瑜伽金剛性海曼殊室利千臂千鉢大教王經十卷（02）	唐不空譯	宋元入藏諸大小乘經之餘
2-2803	1038-003容03	25	容03	大乘瑜伽金剛性海曼殊室利千臂千鉢大教王經十卷（03）	唐不空譯	宋元入藏諸大小乘經之餘
2-2804	1038-004容04	43	容04	大乘瑜伽金剛性海曼殊室利千臂千鉢大教王經十卷（04）	唐不空譯	宋元入藏諸大小乘經之餘
2-2805	1038-005容05	40	容05	大乘瑜伽金剛性海曼殊室利千臂千鉢大教王經十卷（05）	唐不空譯	宋元入藏諸大小乘經之餘
2-2806	1038-006容06	30	容06	大乘瑜伽金剛性海曼殊室利千臂千鉢大教王經十卷（06）	唐不空譯	宋元入藏諸大小乘經之餘
2-2807	1038-007容07	36	容07	大乘瑜伽金剛性海曼殊室利千臂千鉢大教王經十卷（07）	唐不空譯	宋元入藏諸大小乘經之餘
2-2808	1038-008容08	27	容08	大乘瑜伽金剛性海曼殊室利千臂千鉢大教王經十卷（08）	唐不空譯	宋元入藏諸大小乘經之餘
2-2809	1038-009容09	34	容09	大乘瑜伽金剛性海曼殊室利千臂千鉢大教王經十卷（09）	唐不空譯	宋元入藏諸大小乘經之餘
2-2810	1038-010容10	22	容10	大乘瑜伽金剛性海曼殊室利千臂千鉢大教王經十卷（10）	唐不空譯	宋元入藏諸大小乘經之餘
2-2811	1039-001止01	0	止01	佛說聖寶藏神儀軌經二卷（01-02）	宋法天譯	宋元入藏諸大小乘經之餘
2-2812	1040-001止02	35	止02	佛說寶藏神大明曼拏羅儀軌經二卷（01-02）	宋法天譯	宋元入藏諸大小乘經之餘
2-2813	1041-001止03	45	止03	金剛恐怖集會方廣軌儀觀自在菩薩三世最勝心明王經一卷	唐不空譯	宋元入藏諸大小乘經之餘
2-2814	1042-001止04	27	止04	金剛恐怖集會方廣軌儀觀自在菩薩三世最勝心明王大威力烏樞瑟摩明王經三卷（01）	唐阿質達霰譯	宋元入藏諸大小乘經之餘
2-2815	1042-002止05	0	止05	金剛恐怖集會方廣軌儀觀自在菩薩三世最勝心明王大威力烏樞瑟摩明王經三卷（02）	唐阿質達霰譯	宋元入藏諸大小乘經之餘
2-2816	1042-003止06	40	止06	金剛恐怖集會方廣軌儀觀自在菩薩三世最勝心明王大威力烏樞瑟摩明王經三卷（03）	唐阿質達霰譯	宋元入藏諸大小乘經之餘
2-2817	1043-001止07	45	止07	佛說大乘觀想曼拏羅淨諸惡趣經二卷（01-02）	宋法賢譯	宋元入藏諸大小乘經之餘
2-2818	1045-001止08	0	止08	①佛說大方廣曼殊室利經觀自在多羅菩薩儀軌經一卷②佛說一切佛攝相應大教王經聖觀自在菩薩念誦儀軌經一卷	①唐不空譯②宋法賢譯	宋元入藏諸大小乘經之餘
2-2819	1048-001止09	0	止09	①瑜伽金剛頂經釋字母品一卷②佛說一切如來安像三昧儀軌經一卷③文殊師利菩薩根本大教王金翅鳥王品一卷	①唐不空譯②宋施護譯③唐不空譯	宋元入藏諸大小乘經之餘
2-2820	1049-001止10	0	止10	十一面觀自在菩薩心密言念誦儀軌經三卷（01-03）	唐不空譯	宋元入藏諸大小乘經之餘
2-2821	1050-001若01	46	若01	大方廣菩薩藏文殊師利根本儀軌經二十卷（01-02）	宋天息災譯	宋元入藏諸大小乘經之餘
2-2822	1050-002若02	39	若02	大方廣菩薩藏文殊師利根本儀軌經二十卷（03-04）	宋天息災譯	宋元入藏諸大小乘經之餘
2-2823	1050-003若03	41	若03	大方廣菩薩藏文殊師利根本儀軌經二十卷（05-06）	宋天息災譯	宋元入藏諸大小乘經之餘
2-2824	1050-004若04	0	若04	大方廣菩薩藏文殊師利根本儀軌經二十卷（07-08）	宋天息災譯	宋元入藏諸大小乘經之餘
2-2825	1050-005若05	0	若05	大方廣菩薩藏文殊師利根本儀軌經二十卷（09-10）	宋天息災譯	宋元入藏諸大小乘經之餘
2-2826	1050-006若06	47	若06	大方廣菩薩藏文殊師利根本儀軌經二十卷（11-12）	宋天息災譯	宋元入藏諸大小乘經之餘
2-2827	1050-007若07	40	若07	大方廣菩薩藏文殊師利根本儀軌經二十卷（13-14）	宋天息災譯	宋元入藏諸大小乘經之餘
2-2828	1050-008若08	42	若08	大方廣菩薩藏文殊師利根本儀軌經二十卷（15-16）	宋天息災譯	宋元入藏諸大小乘經之餘
2-2829	1050-009若09	36	若09	大方廣菩薩藏文殊師利根本儀軌經二十卷（17-18）	宋天息災譯	宋元入藏諸大小乘經之餘
2-2830	1050-010若10	0	若10	大方廣菩薩藏文殊師利根本儀軌經二十卷（19-20）	宋天息災譯	宋元入藏諸大小乘經之餘
2-2831	1051-001思01	45	思01	佛說持明藏瑜伽大教尊那菩薩大明成就儀軌經四卷（01-02）	宋法賢譯	宋元入藏諸大小乘經之餘
2-2832	1051-002思02	42	思02	佛說持明藏瑜伽大教尊那菩薩大明成就儀軌經四卷（03-04）	宋法賢譯	宋元入藏諸大小乘經之餘
2-2833	1052-001思03	40	思03	佛說金剛香菩薩大明成就儀軌經三卷（01-02）	宋施護譯	宋元入藏諸大小乘經之餘
2-2834	1052-002思04	33	思04	佛說金剛香菩薩大明成就儀軌經三卷（03）	宋施護譯	宋元入藏諸大小乘經之餘
2-2835	1053-001思05	47	思05	金剛薩埵說頻那夜迦天成就儀軌經四卷（01-02）	宋法賢譯	宋元入藏諸大小乘經之餘
2-2836	1053-002思06	44	思06	金剛薩埵說頻那夜迦天成就儀軌經四卷（03-04）	宋法賢譯	宋元入藏諸大小乘經之餘
2-2837	1054-001思07	21	思07	佛說大悲空智金剛大教王儀軌經五卷（01）	宋法護譯	宋元入藏諸大小乘經之餘
2-2838	1054-002思08	32	思08	佛說大悲空智金剛大教王儀軌經五卷（02-03）	宋法護譯	宋元入藏諸大小乘經之餘
2-2839	1054-003思09	30	思09	佛說大悲空智金剛大教王儀軌經五卷（04-05）	宋法護譯	宋元入藏諸大小乘經之餘
2-2840	1055-001思10	28	思10	佛說幻化網大瑜伽教十忿怒明王大明觀想儀軌經一卷	宋法賢譯	宋元入藏諸大小乘經之餘
2-2841	1056-001言01	0	言01	佛說妙吉祥瑜伽大教金剛陪羅嚩輪觀想成就儀軌經一卷	宋法賢譯	宋元入藏諸大小乘經之餘
2-2842	1057-001言02	33	言02	底哩三昧耶經不動尊威怒王使者念誦法一卷	唐不空譯	宋元入藏諸大小乘經之餘
2-2843	1058-001言03	28	言03	聖迦柅忿怒金剛童子菩薩成就儀軌經三卷（01）	唐不空譯	宋元入藏諸大小乘經之餘
2-2844	1058-002言04	42	言04	聖迦柅忿怒金剛童子菩薩成就儀軌經三卷（02-03）	唐不空譯	宋元入藏諸大小乘經之餘
2-2845	1063-001言05	26	言05	①七佛讃唄伽陀一卷②佛三身讃一卷③佛一百八名讃經一卷④聖救度佛母二十一種禮讃經一卷⑤佛說一切如來頂輪王一百八名讃經一卷	①宋法天譯②宋法賢譯③宋法天譯④元安藏譯⑤宋施護譯	宋元入藏諸大小乘經之餘
2-2846	1069-001言06	41	言06	①讃法界頌一卷②八大靈塔梵讃一卷③三身梵讃一卷④佛說文殊師利一百八名梵讃一卷⑤曼殊室利菩薩吉祥伽陀一卷⑥聖金剛手菩薩一百八名梵讃一卷	①宋施護譯②宋法賢譯③宋法賢譯④宋法天譯⑤宋法賢譯⑥宋法賢譯	宋元入藏諸大小乘經之餘
2-2847	1075-001言07	54	言07	①聖觀自在菩薩功德讃一卷②讃觀世音菩薩頌一卷③佛說聖觀自在菩薩梵讃一卷④聖多羅菩薩梵讃一卷⑤事師法五十頌一卷⑥犍椎梵讃一卷	①宋施護譯②唐慧智譯③宋法天譯④宋施護譯⑤宋日稱譯⑥宋法天譯	宋元入藏諸大小乘經之餘
2-2848	1076-001言08	33	言08	佛說菩薩內戒經一卷	劉宋求那跋摩譯	大乘律
2-2849	1077-001言09	30	言09	菩薩優婆塞五戒威儀經一卷	劉宋求那跋摩譯	大乘律
2-2850	1078-001言10	27	言10	佛說文殊師利淨律經一卷	西晉竺法護譯	大乘律
2-2851	1079-001辭01	52	辭01	菩薩善戒經十卷（01）	劉宋求那跋摩等譯	大乘律
2-2852	1079-002辭02	0	辭02	菩薩善戒經十卷（02）	劉宋求那跋摩等譯	大乘律
2-2853	1079-003辭03	0	辭03	菩薩善戒經十卷（03）	劉宋求那跋摩等譯	大乘律
2-2854	1079-004辭04	0	辭04	菩薩善戒經十卷（04）	劉宋求那跋摩等譯	大乘律
2-2855	1079-005辭05	0	辭05	菩薩善戒經十卷（05）	劉宋求那跋摩等譯	大乘律
2-2856	1079-006辭06	33	辭06	菩薩善戒經十卷（06）	劉宋求那跋摩等譯	大乘律
2-2857	1079-007辭07	0	辭07	菩薩善戒經十卷（07）	劉宋求那跋摩等譯	大乘律
2-2858	1079-008辭08	37	辭08	菩薩善戒經十卷（08）	劉宋求那跋摩等譯	大乘律
2-2859	1079-009辭09	0	辭09	菩薩善戒經十卷（09）	劉宋求那跋摩等譯	大乘律
2-2860	1079-010辭10	0	辭10	菩薩善戒經十卷（10）	劉宋求那跋摩等譯	大乘律
2-2861	1080-001安01	32	安01	菩薩地持經八卷（01）	北涼曇無讖譯	大乘律
2-2862	1080-002安02	48	安02	菩薩地持經八卷（02）	北涼曇無讖譯	大乘律
2-2863	1080-003安03	46	安03	菩薩地持經八卷（03）	北涼曇無讖譯	大乘律
2-2864	1080-004安04	0	安04	菩薩地持經八卷（04）	北涼曇無讖譯	大乘律
2-2865	1080-005安05	38	安05	菩薩地持經八卷（05）	北涼曇無讖譯	大乘律
2-2866	1080-006安06	58	安06	菩薩地持經八卷（06）	北涼曇無讖譯	大乘律
2-2867	1080-007安07	50	安07	菩薩地持經八卷（07）	北涼曇無讖譯	大乘律
2-2868	1080-008安08	39	安08	菩薩地持經八卷（08）	北涼曇無讖譯	大乘律
2-2869	1081-001安09	35	安09	佛說梵網經二卷（01）	姚秦鳩摩羅什譯	大乘律
2-2870	1081-002安10	0	安10	佛說梵網經二卷（02）	姚秦鳩摩羅什譯	大乘律
2-2871	1082-001定01	39	定01	優婆塞戒經七卷（01）	北涼曇無讖譯	大乘律
2-2872	1082-002定02	36	定02	優婆塞戒經七卷（02）	北涼曇無讖譯	大乘律
2-2873	1082-003定03	40	定03	優婆塞戒經七卷（03）	北涼曇無讖譯	大乘律
2-2874	1082-004定04	35	定04	優婆塞戒經七卷（04）	北涼曇無讖譯	大乘律
2-2875	1082-005定05	34	定05	優婆塞戒經七卷（05）	北涼曇無讖譯	大乘律
2-2876	1082-006定06	38	定06	優婆塞戒經七卷（06）	北涼曇無讖譯	大乘律
2-2877	1082-007定07	37	定07	優婆塞戒經七卷（07）	北涼曇無讖譯	大乘律
2-2878	1083-001定08	35	定08	寂調音所問經一卷	劉宋法海譯	大乘律
2-2879	1084-001定09	25	定09	大乘三聚懺悔經一卷	隋闍那崛多等譯	大乘律
2-2880	1085-001定10	41	定10	佛說文殊悔過經一卷	西晉竺法護譯	大乘律
2-2881	1086-001篤01	0	篤01	菩薩瓔珞本業經二卷（01）	姚秦竺佛念譯	大乘律
2-2882	1086-002篤02	37	篤02	菩薩瓔珞本業經二卷（02）	姚秦竺佛念譯	大乘律
2-2883	1087-001篤03	0	篤03	佛說受十善戒經一卷	失譯人名附後漢錄	大乘律
2-2884	1088-001篤04	0	篤04	佛說淨業障經一卷	失譯人名附秦錄	大乘律
2-2885	1089-001篤05	0	篤05	佛藏經四卷（01）	姚秦鳩摩羅什譯	大乘律
2-2886	1089-002篤06	0	篤06	佛藏經四卷（02）	姚秦鳩摩羅什譯	大乘律
2-2887	1089-003篤07	43	篤07	佛藏經四卷（03）	姚秦鳩摩羅什譯	大乘律
2-2888	1089-004篤08	0	篤08	佛藏經四卷（04）	姚秦鳩摩羅什譯	大乘律
2-2889	1091-001篤09	0	篤09	①菩薩戒本經一卷②菩薩戒羯磨文一卷	①北涼曇無讖譯②唐玄奘譯	大乘律
2-2890	1092-001篤10	38	篤10	菩薩戒本一卷	唐玄奘譯	大乘律
2-2891	1094-001初01	28	初01	①佛說法律三昧經一卷②佛說十善業道經一卷	①吳支謙譯②唐實叉難陀譯	大乘律
2-2892	1095-001初02	32	初02	清淨毘尼方廣經一卷	姚秦鳩摩羅什譯	大乘律
2-2893	1097-001初03	23	初03	①菩薩五法懺悔經一卷②菩薩藏經一卷	①失譯人名附梁錄②梁僧伽婆羅譯	大乘律
2-2894	1100-001初04	28	初04	①三曼陀颰陀羅菩薩經一卷②菩薩受齋經一卷③舍利弗悔過經一卷	①西晉聶道真譯②西晉聶道真譯③後漢安世高譯	大乘律
2-2895	1101-001初05	46	初05	佛阿毘曇經二卷（01）	陳真諦譯	小乘律
2-2896	1101-002初06	41	初06	佛阿毘曇經二卷（02）	陳真諦譯	小乘律
2-2897	1102-001初07	44	初07	解脫戒本經一卷	元魏般若流支譯	小乘律
2-2898	1103-001初08	45	初08	優波離問經一卷	劉宋求那跋摩譯	小乘律
2-2899	1104-001初09	0	初09	根本說一切有部戒經一卷	唐義淨譯	小乘律
2-2900	1108-001初10	43	初10	①佛說迦葉禁戒經一卷②佛說犯戒罪輕重經一卷③佛說戒消災經一卷④佛說優婆塞五戒相經一卷	①劉宋沮渠京聲譯②後漢安世高譯③吳支謙譯④劉宋求那跋摩譯	小乘律
2-2901	1109-001誠01	0	誠01	十誦律六十五卷（01）	姚秦鳩摩羅什譯	小乘律
2-2902	1109-002誠02	0	誠02	十誦律六十五卷（02）	姚秦鳩摩羅什譯	小乘律
2-2903	1109-003誠03	0	誠03	十誦律六十五卷（03）	姚秦鳩摩羅什譯	小乘律
2-2904	1109-004誠04	47	誠04	十誦律六十五卷（04）	姚秦鳩摩羅什譯	小乘律
2-2905	1109-005誠05	0	誠05	十誦律六十五卷（05）	姚秦鳩摩羅什譯	小乘律
2-2906	1109-006誠06	0	誠06	十誦律六十五卷（06）	姚秦鳩摩羅什譯	小乘律
2-2907	1109-007誠07	0	誠07	十誦律六十五卷（07）	姚秦鳩摩羅什譯	小乘律
2-2908	1109-008誠08	0	誠08	十誦律六十五卷（08）	姚秦鳩摩羅什譯	小乘律
2-2909	1109-009誠09	0	誠09	十誦律六十五卷（09）	姚秦鳩摩羅什譯	小乘律
2-2910	1109-010誠10	39	誠10	十誦律六十五卷（10）	姚秦鳩摩羅什譯	小乘律
2-2911	1109-011美01	38	美01	十誦律六十五卷（11）	姚秦鳩摩羅什譯	小乘律
2-2912	1109-012美02	41	美02	十誦律六十五卷（12）	姚秦鳩摩羅什譯	小乘律
2-2913	1109-013美03	41	美03	十誦律六十五卷（13）	姚秦鳩摩羅什譯	小乘律
2-2914	1109-014美04	39	美04	十誦律六十五卷（14）	姚秦鳩摩羅什譯	小乘律
2-2915	1109-015美05	34	美05	十誦律六十五卷（15）	姚秦鳩摩羅什譯	小乘律
2-2916	1109-016美06	0	美06	十誦律六十五卷（16）	姚秦鳩摩羅什譯	小乘律
2-2917	1109-017美07	40	美07	十誦律六十五卷（17）	姚秦鳩摩羅什譯	小乘律
2-2918	1109-018美08	37	美08	十誦律六十五卷（18）	姚秦鳩摩羅什譯	小乘律
2-2919	1109-019美09	57	美09	十誦律六十五卷（19）	姚秦鳩摩羅什譯	小乘律
2-2920	1109-020美10	38	美10	十誦律六十五卷（20）	姚秦鳩摩羅什譯	小乘律
2-2921	1109-021慎01	62	慎01	十誦律六十五卷（21）	姚秦鳩摩羅什譯	小乘律
2-2922	1109-022慎02	42	慎02	十誦律六十五卷（22）	姚秦鳩摩羅什譯	小乘律
2-2923	1109-023慎03	51	慎03	十誦律六十五卷（23）	姚秦鳩摩羅什譯	小乘律
2-2924	1109-024慎04	31	慎04	十誦律六十五卷（24）	姚秦鳩摩羅什譯	小乘律
2-2925	1109-025慎05	40	慎05	十誦律六十五卷（25）	姚秦鳩摩羅什譯	小乘律
2-2926	1109-026慎06	58	慎06	十誦律六十五卷（26）	姚秦鳩摩羅什譯	小乘律
2-2927	1109-027慎07	36	慎07	十誦律六十五卷（27）	姚秦鳩摩羅什譯	小乘律
2-2928	1109-028慎08	0	慎08	十誦律六十五卷（28）	姚秦鳩摩羅什譯	小乘律
2-2929	1109-029慎09	0	慎09	十誦律六十五卷（29）	姚秦鳩摩羅什譯	小乘律
2-2930	1109-030慎10	43	慎10	十誦律六十五卷（30）	姚秦鳩摩羅什譯	小乘律
2-2931	1109-031終01	0	終01	十誦律六十五卷（31）	姚秦鳩摩羅什譯	小乘律
2-2932	1109-032終02	51	終02	十誦律六十五卷（32）	姚秦鳩摩羅什譯	小乘律
2-2933	1109-033終03	0	終03	十誦律六十五卷（33）	姚秦鳩摩羅什譯	小乘律
2-2934	1109-034終04	0	終04	十誦律六十五卷（34）	姚秦鳩摩羅什譯	小乘律
2-2935	1109-035終05	0	終05	十誦律六十五卷（35）	姚秦鳩摩羅什譯	小乘律
2-2936	1109-036終06	0	終06	十誦律六十五卷（36）	姚秦鳩摩羅什譯	小乘律
2-2937	1109-037終07	0	終07	十誦律六十五卷（37）	姚秦鳩摩羅什譯	小乘律
2-2938	1109-038終08	0	終08	十誦律六十五卷（38）	姚秦鳩摩羅什譯	小乘律
2-2939	1109-039終09	0	終09	十誦律六十五卷（39）	姚秦鳩摩羅什譯	小乘律
2-2940	1109-040終10	52	終10	十誦律六十五卷（40）	姚秦鳩摩羅什譯	小乘律
2-2941	1109-041宜01	48	宜01	十誦律六十五卷（41）	姚秦鳩摩羅什譯	小乘律
2-2942	1109-042宜02	46	宜02	十誦律六十五卷（42）	姚秦鳩摩羅什譯	小乘律
2-2943	1109-043宜03	32	宜03	十誦律六十五卷（43）	姚秦鳩摩羅什譯	小乘律
2-2944	1109-044宜04	35	宜04	十誦律六十五卷（44）	姚秦鳩摩羅什譯	小乘律
2-2945	1109-045宜05	52	宜05	十誦律六十五卷（45）	姚秦鳩摩羅什譯	小乘律
2-2946	1109-046宜06	26	宜06	十誦律六十五卷（46）	姚秦鳩摩羅什譯	小乘律
2-2947	1109-047宜07	30	宜07	十誦律六十五卷（47）	姚秦鳩摩羅什譯	小乘律
2-2948	1109-048宜08	28	宜08	十誦律六十五卷（48）	姚秦鳩摩羅什譯	小乘律
2-2949	1109-049宜09	29	宜09	十誦律六十五卷（49）	姚秦鳩摩羅什譯	小乘律
2-2950	1109-050宜10	38	宜10	十誦律六十五卷（50）	姚秦鳩摩羅什譯	小乘律
2-2951	1109-051令01	42	令01	十誦律六十五卷（51）	姚秦鳩摩羅什譯	小乘律
2-2952	1109-052令02	0	令02	十誦律六十五卷（52）	姚秦鳩摩羅什譯	小乘律
2-2953	1109-053令03	27	令03	十誦律六十五卷（53）	姚秦鳩摩羅什譯	小乘律
2-2954	1109-054令04	51	令04	十誦律六十五卷（54）	姚秦鳩摩羅什譯	小乘律
2-2955	1109-055令05	48	令05	十誦律六十五卷（55）	姚秦鳩摩羅什譯	小乘律
2-2956	1109-056令06	45	令06	十誦律六十五卷（56）	姚秦鳩摩羅什譯	小乘律
2-2957	1109-057令07	0	令07	十誦律六十五卷（57）	姚秦鳩摩羅什譯	小乘律
2-2958	1109-058令08	0	令08	十誦律六十五卷（58）	姚秦鳩摩羅什譯	小乘律
2-2959	1109-059令09	45	令09	十誦律六十五卷（59）	姚秦鳩摩羅什譯	小乘律
2-2960	1109-060令10	51	令10	十誦律六十五卷（60）	姚秦鳩摩羅什譯	小乘律
2-2961	1109-061榮01	31	榮01	十誦律六十五卷（61）	姚秦鳩摩羅什譯	小乘律
2-2962	1109-062榮02	26	榮02	十誦律六十五卷（62）	姚秦鳩摩羅什譯	小乘律
2-2963	1109-063榮03	0	榮03	十誦律六十五卷（63）	姚秦鳩摩羅什譯	小乘律
2-2964	1109-064榮04	40	榮04	十誦律六十五卷（64）	姚秦鳩摩羅什譯	小乘律
2-2965	1109-065榮05	40	榮05	十誦律六十五卷（65）	姚秦鳩摩羅什譯	小乘律
2-2966	1110-001榮06	39	榮06	尼羯磨五卷（01）	唐懷素集	小乘律
2-2967	1110-002榮07	30	榮07	尼羯磨五卷（02）	唐懷素集	小乘律
2-2968	1110-003榮08	30	榮08	尼羯磨五卷（03）	唐懷素集	小乘律
2-2969	1110-004榮09	24	榮09	尼羯磨五卷（04）	唐懷素集	小乘律
2-2970	1110-005榮10	35	榮10	尼羯磨五卷（05）	唐懷素集	小乘律
2-2971	1111-001業01	38	業01	四分律藏六十卷（01）	姚秦佛陀耶舍、竺佛念譯	小乘律
2-2972	1111-002業02	42	業02	四分律藏六十卷（02）	姚秦佛陀耶舍、竺佛念譯	小乘律
2-2973	1111-003業03	41	業03	四分律藏六十卷（03）	姚秦佛陀耶舍、竺佛念譯	小乘律
2-2974	1111-004業04	39	業04	四分律藏六十卷（04）	姚秦佛陀耶舍、竺佛念譯	小乘律
2-2975	1111-005業05	40	業05	四分律藏六十卷（05）	姚秦佛陀耶舍、竺佛念譯	小乘律
2-2976	1111-006業06	38	業06	四分律藏六十卷（06）	姚秦佛陀耶舍、竺佛念譯	小乘律
2-2977	1111-007業07	39	業07	四分律藏六十卷（07）	姚秦佛陀耶舍、竺佛念譯	小乘律
2-2978	1111-008業08	39	業08	四分律藏六十卷（08）	姚秦佛陀耶舍、竺佛念譯	小乘律
2-2979	1111-009業09	30	業09	四分律藏六十卷（09）	姚秦佛陀耶舍、竺佛念譯	小乘律
2-2980	1111-010業10	43	業10	四分律藏六十卷（10）	姚秦佛陀耶舍、竺佛念譯	小乘律
2-2981	1111-011所01	44	所01	四分律藏六十卷（11）	姚秦佛陀耶舍、竺佛念譯	小乘律
2-2982	1111-012所02	50	所02	四分律藏六十卷（12）	姚秦佛陀耶舍、竺佛念譯	小乘律
2-2983	1111-013所03	34	所03	四分律藏六十卷（13）	姚秦佛陀耶舍、竺佛念譯	小乘律
2-2984	1111-014所04	46	所04	四分律藏六十卷（14）	姚秦佛陀耶舍、竺佛念譯	小乘律
2-2985	1111-015所05	40	所05	四分律藏六十卷（15）	姚秦佛陀耶舍、竺佛念譯	小乘律
2-2986	1111-016所06	40	所06	四分律藏六十卷（16）	姚秦佛陀耶舍、竺佛念譯	小乘律
2-2987	1111-017所07	43	所07	四分律藏六十卷（17）	姚秦佛陀耶舍、竺佛念譯	小乘律
2-2988	1111-018所08	42	所08	四分律藏六十卷（18）	姚秦佛陀耶舍、竺佛念譯	小乘律
2-2989	1111-019所09	41	所09	四分律藏六十卷（19）	姚秦佛陀耶舍、竺佛念譯	小乘律
2-2990	1111-020所10	0	所10	四分律藏六十卷（20）	姚秦佛陀耶舍、竺佛念譯	小乘律
2-2991	1111-021基01	40	基01	四分律藏六十卷（21）	姚秦佛陀耶舍、竺佛念譯	小乘律
2-2992	1111-022基02	0	基02	四分律藏六十卷（22）	姚秦佛陀耶舍、竺佛念譯	小乘律
2-2993	1111-023基03	42	基03	四分律藏六十卷（23）	姚秦佛陀耶舍、竺佛念譯	小乘律
2-2994	1111-024基04	46	基04	四分律藏六十卷（24）	姚秦佛陀耶舍、竺佛念譯	小乘律
2-2995	1111-025基05	0	基05	四分律藏六十卷（25）	姚秦佛陀耶舍、竺佛念譯	小乘律
2-2996	1111-026基06	0	基06	四分律藏六十卷（26）	姚秦佛陀耶舍、竺佛念譯	小乘律
2-2997	1111-027基07	0	基07	四分律藏六十卷（27）	姚秦佛陀耶舍、竺佛念譯	小乘律
2-2998	1111-028基08	41	基08	四分律藏六十卷（28）	姚秦佛陀耶舍、竺佛念譯	小乘律
2-2999	1111-029基09	38	基09	四分律藏六十卷（29）	姚秦佛陀耶舍、竺佛念譯	小乘律
2-3000	1111-030基10	0	基10	四分律藏六十卷（30）	姚秦佛陀耶舍、竺佛念譯	小乘律
2-3001	1111-031藉01	47	籍01	四分律藏六十卷（31）	姚秦佛陀耶舍、竺佛念譯	小乘律
2-3002	1111-032藉02	46	籍02	四分律藏六十卷（32）	姚秦佛陀耶舍、竺佛念譯	小乘律
2-3003	1111-033藉03	48	籍03	四分律藏六十卷（33）	姚秦佛陀耶舍、竺佛念譯	小乘律
2-3004	1111-034藉04	54	籍04	四分律藏六十卷（34）	姚秦佛陀耶舍、竺佛念譯	小乘律
2-3005	1111-035藉05	0	籍05	四分律藏六十卷（35）	姚秦佛陀耶舍、竺佛念譯	小乘律
2-3006	1111-036藉06	52	籍06	四分律藏六十卷（36）	姚秦佛陀耶舍、竺佛念譯	小乘律
2-3007	1111-037藉07	0	籍07	四分律藏六十卷（37）	姚秦佛陀耶舍、竺佛念譯	小乘律
2-3008	1111-038藉08	43	籍08	四分律藏六十卷（38）	姚秦佛陀耶舍、竺佛念譯	小乘律
2-3009	1111-039藉09	41	籍09	四分律藏六十卷（39）	姚秦佛陀耶舍、竺佛念譯	小乘律
2-3010	1111-040藉10	46	籍10	四分律藏六十卷（40）	姚秦佛陀耶舍、竺佛念譯	小乘律
2-3011	1111-041甚01	0	甚01	四分律藏六十卷（41）	姚秦佛陀耶舍、竺佛念譯	小乘律
2-3012	1111-042甚02	46	甚02	四分律藏六十卷（42）	姚秦佛陀耶舍、竺佛念譯	小乘律
2-3013	1111-043甚03	59	甚03	四分律藏六十卷（43）	姚秦佛陀耶舍、竺佛念譯	小乘律
2-3014	1111-044甚04	51	甚04	四分律藏六十卷（44）	姚秦佛陀耶舍、竺佛念譯	小乘律
2-3015	1111-045甚05	57	甚05	四分律藏六十卷（45）	姚秦佛陀耶舍、竺佛念譯	小乘律
2-3016	1111-046甚06	56	甚06	四分律藏六十卷（46）	姚秦佛陀耶舍、竺佛念譯	小乘律
2-3017	1111-047甚07	36	甚07	四分律藏六十卷（47）	姚秦佛陀耶舍、竺佛念譯	小乘律
2-3018	1111-048甚08	45	甚08	四分律藏六十卷（48）	姚秦佛陀耶舍、竺佛念譯	小乘律
2-3019	1111-049甚09	48	甚09	四分律藏六十卷（49）	姚秦佛陀耶舍、竺佛念譯	小乘律
2-3020	1111-050甚10	0	甚10	四分律藏六十卷（50）	姚秦佛陀耶舍、竺佛念譯	小乘律
2-3021	1111-051無01	28	無01	四分律藏六十卷（51）	姚秦佛陀耶舍、竺佛念譯	小乘律
2-3022	1111-052無02	42	無02	四分律藏六十卷（52）	姚秦佛陀耶舍、竺佛念譯	小乘律
2-3023	1111-053無03	42	無03	四分律藏六十卷（53）	姚秦佛陀耶舍、竺佛念譯	小乘律
2-3024	1111-054無04	32	無04	四分律藏六十卷（54）	姚秦佛陀耶舍、竺佛念譯	小乘律
2-3025	1111-055無05	41	無05	四分律藏六十卷（55）	姚秦佛陀耶舍、竺佛念譯	小乘律
2-3026	1111-056無06	44	無06	四分律藏六十卷（56）	姚秦佛陀耶舍、竺佛念譯	小乘律
2-3027	1111-057無07	43	無07	四分律藏六十卷（57）	姚秦佛陀耶舍、竺佛念譯	小乘律
2-3028	1111-058無08	45	無08	四分律藏六十卷（58）	姚秦佛陀耶舍、竺佛念譯	小乘律
2-3029	1111-059無09	38	無09	四分律藏六十卷（59）	姚秦佛陀耶舍、竺佛念譯	小乘律
2-3030	1111-060無10	36	無10	四分律藏六十卷（60）	姚秦佛陀耶舍、竺佛念譯	小乘律
2-3031	1112-001竟01	36	竟01	根本說一切有部毘奈耶五十卷（01）	唐義淨譯	小乘律
2-3032	1112-002竟02	35	竟02	根本說一切有部毘奈耶五十卷（02）	唐義淨譯	小乘律
2-3033	1112-003竟03	27	竟03	根本說一切有部毘奈耶五十卷（03）	唐義淨譯	小乘律
2-3034	1112-004竟04	31	竟04	根本說一切有部毘奈耶五十卷（04）	唐義淨譯	小乘律
2-3035	1112-005竟05	33	竟05	根本說一切有部毘奈耶五十卷（05）	唐義淨譯	小乘律
2-3036	1112-006竟06	35	竟06	根本說一切有部毘奈耶五十卷（06）	唐義淨譯	小乘律
2-3037	1112-007竟07	0	竟07	根本說一切有部毘奈耶五十卷（07）	唐義淨譯	小乘律
2-3038	1112-008竟08	31	竟08	根本說一切有部毘奈耶五十卷（08）	唐義淨譯	小乘律
2-3039	1112-009竟09	37	竟09	根本說一切有部毘奈耶五十卷（09）	唐義淨譯	小乘律
2-3040	1112-010竟10	35	竟10	根本說一切有部毘奈耶五十卷（10）	唐義淨譯	小乘律
2-3041	1112-011學01	21	學01	根本說一切有部毘奈耶五十卷（11）	唐義淨譯	小乘律
2-3042	1112-012學02	35	學02	根本說一切有部毘奈耶五十卷（12）	唐義淨譯	小乘律
2-3043	1112-013學03	32	學03	根本說一切有部毘奈耶五十卷（13）	唐義淨譯	小乘律
2-3044	1112-014學04	33	學04	根本說一切有部毘奈耶五十卷（14）	唐義淨譯	小乘律
2-3045	1112-015學05	32	學05	根本說一切有部毘奈耶五十卷（15）	唐義淨譯	小乘律
2-3046	1112-016學06	32	學06	根本說一切有部毘奈耶五十卷（16）	唐義淨譯	小乘律
2-3047	1112-017學07	33	學07	根本說一切有部毘奈耶五十卷（17）	唐義淨譯	小乘律
2-3048	1112-018學08	37	學08	根本說一切有部毘奈耶五十卷（18）	唐義淨譯	小乘律
2-3049	1112-019學09	38	學09	根本說一切有部毘奈耶五十卷（19）	唐義淨譯	小乘律
2-3050	1112-020學10	39	學10	根本說一切有部毘奈耶五十卷（20）	唐義淨譯	小乘律
2-3051	1112-021優01	39	優01	根本說一切有部毘奈耶五十卷（21）	唐義淨譯	小乘律
2-3052	1112-022優02	40	優02	根本說一切有部毘奈耶五十卷（22）	唐義淨譯	小乘律
2-3053	1112-023優03	41	優03	根本說一切有部毘奈耶五十卷（23）	唐義淨譯	小乘律
2-3054	1112-024優04	33	優04	根本說一切有部毘奈耶五十卷（24）	唐義淨譯	小乘律
2-3055	1112-025優05	0	優05	根本說一切有部毘奈耶五十卷（25）	唐義淨譯	小乘律
2-3056	1112-026優06	38	優06	根本說一切有部毘奈耶五十卷（26）	唐義淨譯	小乘律
2-3057	1112-027優07	31	優07	根本說一切有部毘奈耶五十卷（27）	唐義淨譯	小乘律
2-3058	1112-028優08	0	優08	根本說一切有部毘奈耶五十卷（28）	唐義淨譯	小乘律
2-3059	1112-029優09	34	優09	根本說一切有部毘奈耶五十卷（29）	唐義淨譯	小乘律
2-3060	1112-030優10	36	優10	根本說一切有部毘奈耶五十卷（30）	唐義淨譯	小乘律
2-3061	1112-031登01	37	登01	根本說一切有部毘奈耶五十卷（31）	唐義淨譯	小乘律
2-3062	1112-032登02	36	登02	根本說一切有部毘奈耶五十卷（32）	唐義淨譯	小乘律
2-3063	1112-033登03	33	登03	根本說一切有部毘奈耶五十卷（33）	唐義淨譯	小乘律
2-3064	1112-034登04	33	登04	根本說一切有部毘奈耶五十卷（34）	唐義淨譯	小乘律
2-3065	1112-035登05	32	登05	根本說一切有部毘奈耶五十卷（35）	唐義淨譯	小乘律
2-3066	1112-036登06	39	登06	根本說一切有部毘奈耶五十卷（36）	唐義淨譯	小乘律
2-3067	1112-037登07	36	登07	根本說一切有部毘奈耶五十卷（37）	唐義淨譯	小乘律
2-3068	1112-038登08	33	登08	根本說一切有部毘奈耶五十卷（38）	唐義淨譯	小乘律
2-3069	1112-039登09	41	登09	根本說一切有部毘奈耶五十卷（39）	唐義淨譯	小乘律
2-3070	1112-040登10	34	登10	根本說一切有部毘奈耶五十卷（40）	唐義淨譯	小乘律
2-3071	1112-041仕01	38	仕01	根本說一切有部毘奈耶五十卷（41）	唐義淨譯	小乘律
2-3072	1112-042仕02	27	仕02	根本說一切有部毘奈耶五十卷（42）	唐義淨譯	小乘律
2-3073	1112-043仕03	36	仕03	根本說一切有部毘奈耶五十卷（43）	唐義淨譯	小乘律
2-3074	1112-044仕04	31	仕04	根本說一切有部毘奈耶五十卷（44）	唐義淨譯	小乘律
2-3075	1112-045仕05	37	仕05	根本說一切有部毘奈耶五十卷（45）	唐義淨譯	小乘律
2-3076	1112-046仕06	36	仕06	根本說一切有部毘奈耶五十卷（46）	唐義淨譯	小乘律
2-3077	1112-047仕07	32	仕07	根本說一切有部毘奈耶五十卷（47）	唐義淨譯	小乘律
2-3078	1112-048仕08	30	仕08	根本說一切有部毘奈耶五十卷（48）	唐義淨譯	小乘律
2-3079	1112-049仕09	38	仕09	根本說一切有部毘奈耶五十卷（49）	唐義淨譯	小乘律
2-3080	1112-050仕10	32	仕10	根本說一切有部毘奈耶五十卷（50）	唐義淨譯	小乘律
2-3081	1113-001攝01	50	攝01	摩訶僧祇律四十卷（01）	東晉佛陀跋陀羅、法顯譯	小乘律
2-3082	1113-002攝02	45	攝02	摩訶僧祇律四十卷（02）	東晉佛陀跋陀羅、法顯譯	小乘律
2-3083	1113-003攝03	0	攝03	摩訶僧祇律四十卷（03）	東晉佛陀跋陀羅、法顯譯	小乘律
2-3084	1113-004攝04	35	攝04	摩訶僧祇律四十卷（04）	東晉佛陀跋陀羅、法顯譯	小乘律
2-3085	1113-005攝05	51	攝05	摩訶僧祇律四十卷（05）	東晉佛陀跋陀羅、法顯譯	小乘律
2-3086	1113-006攝06	53	攝06	摩訶僧祇律四十卷（06）	東晉佛陀跋陀羅、法顯譯	小乘律
2-3087	1113-007攝07	60	攝07	摩訶僧祇律四十卷（07）	東晉佛陀跋陀羅、法顯譯	小乘律
2-3088	1113-008攝08	31	攝08	摩訶僧祇律四十卷（08）	東晉佛陀跋陀羅、法顯譯	小乘律
2-3089	1113-009攝09	30	攝09	摩訶僧祇律四十卷（09上）	東晉佛陀跋陀羅、法顯譯	小乘律
2-3090	1113-010攝10	55	攝10	摩訶僧祇律四十卷（09下）	東晉佛陀跋陀羅、法顯譯	小乘律
2-3091	1113-011職01	33	職01	摩訶僧祇律四十卷（10上）	東晉佛陀跋陀羅、法顯譯	小乘律
2-3092	1113-012職02	32	職02	摩訶僧祇律四十卷（10下）	東晉佛陀跋陀羅、法顯譯	小乘律
2-3093	1113-013職03	0	職03	摩訶僧祇律四十卷（13）	東晉佛陀跋陀羅、法顯譯	小乘律
2-3094	1113-014職04	0	職04	摩訶僧祇律四十卷（14）	東晉佛陀跋陀羅、法顯譯	小乘律
2-3095	1113-015職05	37	職05	摩訶僧祇律四十卷（13上）	東晉佛陀跋陀羅、法顯譯	小乘律
2-3096	1113-016職06	30	職06	摩訶僧祇律四十卷（13下）	東晉佛陀跋陀羅、法顯譯	小乘律
2-3097	1113-017職07	48	職07	摩訶僧祇律四十卷（14）	東晉佛陀跋陀羅、法顯譯	小乘律
2-3098	1113-018職08	44	職08	摩訶僧祇律四十卷（15）	東晉佛陀跋陀羅、法顯譯	小乘律
2-3099	1113-019職09	47	職09	摩訶僧祇律四十卷（16）	東晉佛陀跋陀羅、法顯譯	小乘律
2-3100	1113-020職10	51	職10	摩訶僧祇律四十卷（17）	東晉佛陀跋陀羅、法顯譯	小乘律
2-3101	1113-021從01	30	從01	摩訶僧祇律四十卷（18上）	東晉佛陀跋陀羅、法顯譯	小乘律
2-3102	1113-022從02	28	從02	摩訶僧祇律四十卷（18下）	東晉佛陀跋陀羅、法顯譯	小乘律
2-3103	1113-023從03	53	從03	摩訶僧祇律四十卷（19）	東晉佛陀跋陀羅、法顯譯	小乘律
2-3104	1113-024從04	28	從04	摩訶僧祇律四十卷（20上）	東晉佛陀跋陀羅、法顯譯	小乘律
2-3105	1113-025從05	30	從05	摩訶僧祇律四十卷（20下）	東晉佛陀跋陀羅、法顯譯	小乘律
2-3106	1113-026從06	52	從06	摩訶僧祇律四十卷（21）	東晉佛陀跋陀羅、法顯譯	小乘律
2-3107	1113-027從07	55	從07	摩訶僧祇律四十卷（22）	東晉佛陀跋陀羅、法顯譯	小乘律
2-3108	1113-028從08	46	從08	摩訶僧祇律四十卷（23）	東晉佛陀跋陀羅、法顯譯	小乘律
2-3109	1113-029從09	47	從09	摩訶僧祇律四十卷（24）	東晉佛陀跋陀羅、法顯譯	小乘律
2-3110	1113-030從10	48	從10	摩訶僧祇律四十卷（25）	東晉佛陀跋陀羅、法顯譯	小乘律
2-3111	1113-031政01	52	政01	摩訶僧祇律四十卷（26）	東晉佛陀跋陀羅、法顯譯	小乘律
2-3112	1113-032政02	53	政02	摩訶僧祇律四十卷（27）	東晉佛陀跋陀羅、法顯譯	小乘律
2-3113	1113-033政03	0	政03	摩訶僧祇律四十卷（28）	東晉佛陀跋陀羅、法顯譯	小乘律
2-3114	1113-034政04	0	政04	摩訶僧祇律四十卷（29）	東晉佛陀跋陀羅、法顯譯	小乘律
2-3115	1113-035政05	53	政05	摩訶僧祇律四十卷（30）	東晉佛陀跋陀羅、法顯譯	小乘律
2-3116	1113-036政06	0	政06	摩訶僧祇律四十卷（31上）	東晉佛陀跋陀羅、法顯譯	小乘律
2-3117	1113-037政07	0	政07	摩訶僧祇律四十卷（31下）	東晉佛陀跋陀羅、法顯譯	小乘律
2-3118	1113-038政08	0	政08	摩訶僧祇律四十卷（32）	東晉佛陀跋陀羅、法顯譯	小乘律
2-3119	1113-039政09	0	政09	摩訶僧祇律四十卷（33）	東晉佛陀跋陀羅、法顯譯	小乘律
2-3120	1113-040政10	0	政10	摩訶僧祇律四十卷（34）	東晉佛陀跋陀羅、法顯譯	小乘律
2-3121	1113-041存01	47	存01	摩訶僧祇律四十卷（35）	東晉佛陀跋陀羅、法顯譯	小乘律
2-3122	1113-042存02	43	存02	摩訶僧祇律四十卷（36）	東晉佛陀跋陀羅、法顯譯	小乘律
2-3123	1113-043存03	39	存03	摩訶僧祇律四十卷（37）	東晉佛陀跋陀羅、法顯譯	小乘律
2-3124	1113-044存04	0	存04	摩訶僧祇律四十卷（38）	東晉佛陀跋陀羅、法顯譯	小乘律
2-3125	1113-045存05	41	存05	摩訶僧祇律四十卷（39）	東晉佛陀跋陀羅、法顯譯	小乘律
2-3126	1113-046存06	39	存06	摩訶僧祇律四十卷（40）	東晉佛陀跋陀羅、法顯譯	小乘律
2-3127	1114-001存07	39	存07	曇無德部四分律刪補隨機羯磨四卷（01）	唐道宣撰	小乘律
2-3128	1114-002存08	42	存08	曇無德部四分律刪補隨機羯磨四卷（02）	唐道宣撰	小乘律
2-3129	1114-003存09	0	存09	曇無德部四分律刪補隨機羯磨四卷（03）	唐道宣撰	小乘律
2-3130	1114-004存10	32	存10	曇無德部四分律刪補隨機羯磨四卷（04）	唐道宣撰	小乘律
2-3131	1115-001以01	26	以01	根本說一切有部毘奈耶雜事四十卷（01）	唐義淨譯	小乘律
2-3132	1115-002以02	0	以02	根本說一切有部毘奈耶雜事四十卷（02）	唐義淨譯	小乘律
2-3133	1115-003以03	0	以03	根本說一切有部毘奈耶雜事四十卷（03）	唐義淨譯	小乘律
2-3134	1115-004以04	0	以04	根本說一切有部毘奈耶雜事四十卷（04）	唐義淨譯	小乘律
2-3135	1115-005以05	0	以05	根本說一切有部毘奈耶雜事四十卷（05）	唐義淨譯	小乘律
2-3136	1115-006以06	0	以06	根本說一切有部毘奈耶雜事四十卷（06）	唐義淨譯	小乘律
2-3137	1115-007以07	0	以07	根本說一切有部毘奈耶雜事四十卷（07）	唐義淨譯	小乘律
2-3138	1115-008以08	0	以08	根本說一切有部毘奈耶雜事四十卷（08）	唐義淨譯	小乘律
2-3139	1115-009以09	0	以09	根本說一切有部毘奈耶雜事四十卷（09）	唐義淨譯	小乘律
2-3140	1115-010以10	38	以10	根本說一切有部毘奈耶雜事四十卷（10）	唐義淨譯	小乘律
2-3141	1115-011甘01	37	甘01	根本說一切有部毘奈耶雜事四十卷（11）	唐義淨譯	小乘律
2-3142	1115-012甘02	0	甘02	根本說一切有部毘奈耶雜事四十卷（12）	唐義淨譯	小乘律
2-3143	1115-013甘03	28	甘03	根本說一切有部毘奈耶雜事四十卷（13）	唐義淨譯	小乘律
2-3144	1115-014甘04	0	甘04	根本說一切有部毘奈耶雜事四十卷（14）	唐義淨譯	小乘律
2-3145	1115-015甘05	0	甘05	根本說一切有部毘奈耶雜事四十卷（15）	唐義淨譯	小乘律
2-3146	1115-016甘06	36	甘06	根本說一切有部毘奈耶雜事四十卷（16）	唐義淨譯	小乘律
2-3147	1115-017甘07	29	甘07	根本說一切有部毘奈耶雜事四十卷（17）	唐義淨譯	小乘律
2-3148	1115-018甘08	34	甘08	根本說一切有部毘奈耶雜事四十卷（18）	唐義淨譯	小乘律
2-3149	1115-019甘09	0	甘09	根本說一切有部毘奈耶雜事四十卷（19）	唐義淨譯	小乘律
2-3150	1115-020甘10	29	甘10	根本說一切有部毘奈耶雜事四十卷（20）	唐義淨譯	小乘律
2-3151	1115-021棠01	36	棠01	根本說一切有部毘奈耶雜事四十卷（21）	唐義淨譯	小乘律
2-3152	1115-022棠02	32	棠02	根本說一切有部毘奈耶雜事四十卷（22）	唐義淨譯	小乘律
2-3153	1115-023棠03	32	棠03	根本說一切有部毘奈耶雜事四十卷（23）	唐義淨譯	小乘律
2-3154	1115-024棠04	43	棠04	根本說一切有部毘奈耶雜事四十卷（24）	唐義淨譯	小乘律
2-3155	1115-025棠05	0	棠05	根本說一切有部毘奈耶雜事四十卷（25）	唐義淨譯	小乘律
2-3156	1115-026棠06	30	棠06	根本說一切有部毘奈耶雜事四十卷（26）	唐義淨譯	小乘律
2-3157	1115-027棠07	31	棠07	根本說一切有部毘奈耶雜事四十卷（27）	唐義淨譯	小乘律
2-3158	1115-028棠08	0	棠08	根本說一切有部毘奈耶雜事四十卷（28）	唐義淨譯	小乘律
2-3159	1115-029棠09	0	棠09	根本說一切有部毘奈耶雜事四十卷（29）	唐義淨譯	小乘律
2-3160	1115-030棠10	41	棠10	根本說一切有部毘奈耶雜事四十卷（30）	唐義淨譯	小乘律
2-3161	1115-031去01	37	去01	根本說一切有部毘奈耶雜事四十卷（31）	唐義淨譯	小乘律
2-3162	1115-032去02	38	去02	根本說一切有部毘奈耶雜事四十卷（32）	唐義淨譯	小乘律
2-3163	1115-033去03	31	去03	根本說一切有部毘奈耶雜事四十卷（33）	唐義淨譯	小乘律
2-3164	1115-034去04	0	去04	根本說一切有部毘奈耶雜事四十卷（34）	唐義淨譯	小乘律
2-3165	1115-035去05	29	去05	根本說一切有部毘奈耶雜事四十卷（35）	唐義淨譯	小乘律
2-3166	1115-036去06	0	去06	根本說一切有部毘奈耶雜事四十卷（36）	唐義淨譯	小乘律
2-3167	1115-037去07	0	去07	根本說一切有部毘奈耶雜事四十卷（37）	唐義淨譯	小乘律
2-3168	1115-038去08	38	去08	根本說一切有部毘奈耶雜事四十卷（38）	唐義淨譯	小乘律
2-3169	1115-039去09	35	去09	根本說一切有部毘奈耶雜事四十卷（39）	唐義淨譯	小乘律
2-3170	1115-040去10	0	去10	根本說一切有部毘奈耶雜事四十卷（40）	唐義淨譯	小乘律
2-3171	1116-001而01	38	而01	彌沙塞部五分律三十卷（01）	劉宋佛陀什共竺道生譯	小乘律
2-3172	1116-002而02	43	而02	彌沙塞部五分律三十卷（02）	劉宋佛陀什共竺道生譯	小乘律
2-3173	1116-003而03	49	而03	彌沙塞部五分律三十卷（03）	劉宋佛陀什共竺道生譯	小乘律
2-3174	1116-004而04	45	而04	彌沙塞部五分律三十卷（04）	劉宋佛陀什共竺道生譯	小乘律
2-3175	1116-005而05	43	而05	彌沙塞部五分律三十卷（05）	劉宋佛陀什共竺道生譯	小乘律
2-3176	1116-006而06	50	而06	彌沙塞部五分律三十卷（06）	劉宋佛陀什共竺道生譯	小乘律
2-3177	1116-007而07	39	而07	彌沙塞部五分律三十卷（07）	劉宋佛陀什共竺道生譯	小乘律
2-3178	1116-008而08	46	而08	彌沙塞部五分律三十卷（08）	劉宋佛陀什共竺道生譯	小乘律
2-3179	1116-009而09	58	而09	彌沙塞部五分律三十卷（09）	劉宋佛陀什共竺道生譯	小乘律
2-3180	1116-010而10	49	而10	彌沙塞部五分律三十卷（10）	劉宋佛陀什共竺道生譯	小乘律
2-3181	1116-011益01	36	益01	彌沙塞部五分律三十卷（11）	劉宋佛陀什共竺道生譯	小乘律
2-3182	1116-012益02	39	益02	彌沙塞部五分律三十卷（12）	劉宋佛陀什共竺道生譯	小乘律
2-3183	1116-013益03	33	益03	彌沙塞部五分律三十卷（13）	劉宋佛陀什共竺道生譯	小乘律
2-3184	1116-014益04	40	益04	彌沙塞部五分律三十卷（14）	劉宋佛陀什共竺道生譯	小乘律
2-3185	1116-015益05	38	益05	彌沙塞部五分律三十卷（15）	劉宋佛陀什共竺道生譯	小乘律
2-3186	1116-016益06	36	益06	彌沙塞部五分律三十卷（16）	劉宋佛陀什共竺道生譯	小乘律
2-3187	1116-017益07	43	益07	彌沙塞部五分律三十卷（17）	劉宋佛陀什共竺道生譯	小乘律
2-3188	1116-018益08	47	益08	彌沙塞部五分律三十卷（18）	劉宋佛陀什共竺道生譯	小乘律
2-3189	1116-019益09	31	益09	彌沙塞部五分律三十卷（19）	劉宋佛陀什共竺道生譯	小乘律
2-3190	1116-020益10	42	益10	彌沙塞部五分律三十卷（20）	劉宋佛陀什共竺道生譯	小乘律
2-3191	1116-021詠01	0	詠01	彌沙塞部五分律三十卷（21）	劉宋佛陀什共竺道生譯	小乘律
2-3192	1116-022詠02	0	詠02	彌沙塞部五分律三十卷（22）	劉宋佛陀什共竺道生譯	小乘律
2-3193	1116-023詠03	0	詠03	彌沙塞部五分律三十卷（23）	劉宋佛陀什共竺道生譯	小乘律
2-3194	1116-024詠04	0	詠04	彌沙塞部五分律三十卷（24）	劉宋佛陀什共竺道生譯	小乘律
2-3195	1116-025詠05	0	詠05	彌沙塞部五分律三十卷（25）	劉宋佛陀什共竺道生譯	小乘律
2-3196	1116-026詠06	0	詠06	彌沙塞部五分律三十卷（26）	劉宋佛陀什共竺道生譯	小乘律
2-3197	1116-027詠07	0	詠07	彌沙塞部五分律三十卷（27）	劉宋佛陀什共竺道生譯	小乘律
2-3198	1116-028詠08	0	詠08	彌沙塞部五分律三十卷（28）	劉宋佛陀什共竺道生譯	小乘律
2-3199	1116-029詠09	0	詠09	彌沙塞部五分律三十卷（29）	劉宋佛陀什共竺道生譯	小乘律
2-3200	1116-030詠10	0	詠10	彌沙塞部五分律三十卷（30）	劉宋佛陀什共竺道生譯	小乘律
2-3201	1117-001樂01	0	樂01	根本說一切有部毘奈耶破僧事二十卷（01）	唐義淨譯	小乘律
2-3202	1117-002樂02	0	樂02	根本說一切有部毘奈耶破僧事二十卷（02）	唐義淨譯	小乘律
2-3203	1117-003樂03	0	樂03	根本說一切有部毘奈耶破僧事二十卷（03）	唐義淨譯	小乘律
2-3204	1117-004樂04	0	樂04	根本說一切有部毘奈耶破僧事二十卷（04）	唐義淨譯	小乘律
2-3205	1117-005樂05	0	樂05	根本說一切有部毘奈耶破僧事二十卷（05）	唐義淨譯	小乘律
2-3206	1117-006樂06	0	樂06	根本說一切有部毘奈耶破僧事二十卷（06）	唐義淨譯	小乘律
2-3207	1117-007樂07	0	樂07	根本說一切有部毘奈耶破僧事二十卷（07）	唐義淨譯	小乘律
2-3208	1117-008樂08	0	樂08	根本說一切有部毘奈耶破僧事二十卷（08）	唐義淨譯	小乘律
2-3209	1117-009樂09	0	樂09	根本說一切有部毘奈耶破僧事二十卷（09）	唐義淨譯	小乘律
2-3210	1117-010樂10	0	樂10	根本說一切有部毘奈耶破僧事二十卷（10）	唐義淨譯	小乘律
2-3211	1117-011殊01	36	殊01	根本說一切有部毘奈耶破僧事二十卷（11）	唐義淨譯	小乘律
2-3212	1117-012殊02	34	殊02	根本說一切有部毘奈耶破僧事二十卷（12）	唐義淨譯	小乘律
2-3213	1117-013殊03	35	殊03	根本說一切有部毘奈耶破僧事二十卷（13）	唐義淨譯	小乘律
2-3214	1117-014殊04	33	殊04	根本說一切有部毘奈耶破僧事二十卷（14）	唐義淨譯	小乘律
2-3215	1117-015殊05	32	殊05	根本說一切有部毘奈耶破僧事二十卷（15）	唐義淨譯	小乘律
2-3216	1117-016殊06	35	殊06	根本說一切有部毘奈耶破僧事二十卷（16）	唐義淨譯	小乘律
2-3217	1117-017殊07	30	殊07	根本說一切有部毘奈耶破僧事二十卷（17）	唐義淨譯	小乘律
2-3218	1117-018殊08	32	殊08	根本說一切有部毘奈耶破僧事二十卷（18）	唐義淨譯	小乘律
2-3219	1117-019殊09	0	殊09	根本說一切有部毘奈耶破僧事二十卷（19）	唐義淨譯	小乘律
2-3220	1117-020殊10	31	殊10	根本說一切有部毘奈耶破僧事二十卷（20）	唐義淨譯	小乘律
2-3221	1118-001貴01	37	貴01	根本說一切有部苾芻尼毘奈耶二十卷（01）	唐義淨譯	小乘律
2-3222	1118-002貴02	0	貴02	根本說一切有部苾芻尼毘奈耶二十卷（02）	唐義淨譯	小乘律
2-3223	1118-003貴03	0	貴03	根本說一切有部苾芻尼毘奈耶二十卷（03）	唐義淨譯	小乘律
2-3224	1118-004貴04	0	貴04	根本說一切有部苾芻尼毘奈耶二十卷（04）	唐義淨譯	小乘律
2-3225	1118-005貴05	0	貴05	根本說一切有部苾芻尼毘奈耶二十卷（05）	唐義淨譯	小乘律
2-3226	1118-006貴06	37	貴06	根本說一切有部苾芻尼毘奈耶二十卷（06）	唐義淨譯	小乘律
2-3227	1118-007貴07	35	貴07	根本說一切有部苾芻尼毘奈耶二十卷（07）	唐義淨譯	小乘律
2-3228	1118-008貴08	35	貴08	根本說一切有部苾芻尼毘奈耶二十卷（08）	唐義淨譯	小乘律
2-3229	1118-009貴09	36	貴09	根本說一切有部苾芻尼毘奈耶二十卷（09）	唐義淨譯	小乘律
2-3230	1118-010貴10	39	貴10	根本說一切有部苾芻尼毘奈耶二十卷（10）	唐義淨譯	小乘律
2-3231	1118-011賤01	0	賤01	根本說一切有部苾芻尼毘奈耶二十卷（11）	唐義淨譯	小乘律
2-3232	1118-012賤02	38	賤02	根本說一切有部苾芻尼毘奈耶二十卷（12）	唐義淨譯	小乘律
2-3233	1118-013賤03	40	賤03	根本說一切有部苾芻尼毘奈耶二十卷（13）	唐義淨譯	小乘律
2-3234	1118-014賤04	32	賤04	根本說一切有部苾芻尼毘奈耶二十卷（14）	唐義淨譯	小乘律
2-3235	1118-015賤05	38	賤05	根本說一切有部苾芻尼毘奈耶二十卷（15）	唐義淨譯	小乘律
2-3236	1118-016賤06	33	賤06	根本說一切有部苾芻尼毘奈耶二十卷（16）	唐義淨譯	小乘律
2-3237	1118-017賤07	36	賤07	根本說一切有部苾芻尼毘奈耶二十卷（17）	唐義淨譯	小乘律
2-3238	1118-018賤08	35	賤08	根本說一切有部苾芻尼毘奈耶二十卷（18）	唐義淨譯	小乘律
2-3239	1118-019賤09	38	賤09	根本說一切有部苾芻尼毘奈耶二十卷（19）	唐義淨譯	小乘律
2-3240	1118-020賤10	36	賤10	根本說一切有部苾芻尼毘奈耶二十卷（20）	唐義淨譯	小乘律
2-3241	1119-001禮01	0	禮01	善見毘婆沙律十八卷（01）	蕭齊僧伽跋陀羅譯	小乘律
2-3242	1119-002禮02	41	禮02	善見毘婆沙律十八卷（02）	蕭齊僧伽跋陀羅譯	小乘律
2-3243	1119-003禮03	0	禮03	善見毘婆沙律十八卷（03）	蕭齊僧伽跋陀羅譯	小乘律
2-3244	1119-004禮04	0	禮04	善見毘婆沙律十八卷（04）	蕭齊僧伽跋陀羅譯	小乘律
2-3245	1119-005禮05	48	禮05	善見毘婆沙律十八卷（05）	蕭齊僧伽跋陀羅譯	小乘律
2-3246	1119-006禮06	43	禮06	善見毘婆沙律十八卷（06）	蕭齊僧伽跋陀羅譯	小乘律
2-3247	1119-007禮07	38	禮07	善見毘婆沙律十八卷（07）	蕭齊僧伽跋陀羅譯	小乘律
2-3248	1119-008禮08	41	禮08	善見毘婆沙律十八卷（08）	蕭齊僧伽跋陀羅譯	小乘律
2-3249	1119-009禮09	42	禮09	善見毘婆沙律十八卷（09）	蕭齊僧伽跋陀羅譯	小乘律
2-3250	1119-010禮10	44	禮10	善見毘婆沙律十八卷（10）	蕭齊僧伽跋陀羅譯	小乘律
2-3251	1119-011別01	44	別01	善見毘婆沙律十八卷（11）	蕭齊僧伽跋陀羅譯	小乘律
2-3252	1119-012別02	44	別02	善見毘婆沙律十八卷（12）	蕭齊僧伽跋陀羅譯	小乘律
2-3253	1119-013別03	42	別03	善見毘婆沙律十八卷（13）	蕭齊僧伽跋陀羅譯	小乘律
2-3254	1119-014別04	30	別04	善見毘婆沙律十八卷（14）	蕭齊僧伽跋陀羅譯	小乘律
2-3255	1119-015別05	42	別05	善見毘婆沙律十八卷（15）	蕭齊僧伽跋陀羅譯	小乘律
2-3256	1119-016別06	44	別06	善見毘婆沙律十八卷（16）	蕭齊僧伽跋陀羅譯	小乘律
2-3257	1119-017別07	32	別07	善見毘婆沙律十八卷（17）	蕭齊僧伽跋陀羅譯	小乘律
2-3258	1119-018別08	35	別08	善見毘婆沙律十八卷（18）	蕭齊僧伽跋陀羅譯	小乘律
2-3259	1120-001別09	39	別09	大比丘三千威儀二卷（01）	後漢安世高譯	小乘律
2-3260	1120-002別10	41	別10	大比丘三千威儀二卷（02）	後漢安世高譯	小乘律
2-3261	1121-001尊01	38	尊01	根本薩婆多部律攝十四卷（01）	唐義淨譯	小乘律
2-3262	1121-002尊02	40	尊02	根本薩婆多部律攝十四卷（02）	唐義淨譯	小乘律
2-3263	1121-003尊03	39	尊03	根本薩婆多部律攝十四卷（03）	唐義淨譯	小乘律
2-3264	1121-004尊04	37	尊04	根本薩婆多部律攝十四卷（04）	唐義淨譯	小乘律
2-3265	1121-005尊05	34	尊05	根本薩婆多部律攝十四卷（05）	唐義淨譯	小乘律
2-3266	1121-006尊06	35	尊06	根本薩婆多部律攝十四卷（06）	唐義淨譯	小乘律
2-3267	1121-007尊07	46	尊07	根本薩婆多部律攝十四卷（07）	唐義淨譯	小乘律
2-3268	1121-008尊08	35	尊08	根本薩婆多部律攝十四卷（08）	唐義淨譯	小乘律
2-3269	1121-009尊09	34	尊09	根本薩婆多部律攝十四卷（09）	唐義淨譯	小乘律
2-3270	1121-010尊10	36	尊10	根本薩婆多部律攝十四卷（10）	唐義淨譯	小乘律
2-3271	1121-011卑01	0	卑01	根本薩婆多部律攝十四卷（11）	唐義淨譯	小乘律
2-3272	1121-012卑02	36	卑02	根本薩婆多部律攝十四卷（12）	唐義淨譯	小乘律
2-3273	1121-013卑03	0	卑03	根本薩婆多部律攝十四卷（13）	唐義淨譯	小乘律
2-3274	1121-014卑04	47	卑04	根本薩婆多部律攝十四卷（14）	唐義淨譯	小乘律
2-3275	1122-001卑05	0	卑05	四分僧羯磨五卷（01）	唐懷素集	小乘律
2-3276	1122-002卑06	39	卑06	四分僧羯磨五卷（02）	唐懷素集	小乘律
2-3277	1122-003卑07	45	卑07	四分僧羯磨五卷（03）	唐懷素集	小乘律
2-3278	1122-004卑08	20	卑08	四分僧羯磨五卷（04）	唐懷素集	小乘律
2-3279	1122-005卑09	34	卑09	四分僧羯磨五卷（05）	唐懷素集	小乘律
2-3280	1123-001卑10	41	卑10	四分比丘尼羯磨法一卷	劉宋求那跋摩譯	小乘律
2-3281	1124-001上01	29	上01	戒因緣經十卷（01）	姚秦竺佛念譯	小乘律
2-3282	1124-002上02	34	上02	戒因緣經十卷（02）	姚秦竺佛念譯	小乘律
2-3283	1124-003上03	0	上03	戒因緣經十卷（03）	姚秦竺佛念譯	小乘律
2-3284	1124-004上04	0	上04	戒因緣經十卷（04）	姚秦竺佛念譯	小乘律
2-3285	1124-005上05	0	上05	戒因緣經十卷（05）	姚秦竺佛念譯	小乘律
2-3286	1124-006上06	0	上06	戒因緣經十卷（06）	姚秦竺佛念譯	小乘律
2-3287	1124-007上07	0	上07	戒因緣經十卷（07）	姚秦竺佛念譯	小乘律
2-3288	1124-008上08	0	上08	戒因緣經十卷（08）	姚秦竺佛念譯	小乘律
2-3289	1124-009上09	0	上09	戒因緣經十卷（09）	姚秦竺佛念譯	小乘律
2-3290	1124-010上10	0	上10	戒因緣經十卷（10）	姚秦竺佛念譯	小乘律
2-3291	1125-001和01	28	和01	根本說一切有部百一羯磨十卷（01）	唐義淨譯	小乘律
2-3292	1125-002和02	34	和02	根本說一切有部百一羯磨十卷（02）	唐義淨譯	小乘律
2-3293	1125-003和03	27	和03	根本說一切有部百一羯磨十卷（03）	唐義淨譯	小乘律
2-3294	1125-004和04	28	和04	根本說一切有部百一羯磨十卷（04）	唐義淨譯	小乘律
2-3295	1125-005和05	17	和05	根本說一切有部百一羯磨十卷（05）	唐義淨譯	小乘律
2-3296	1125-006和06	24	和06	根本說一切有部百一羯磨十卷（06）	唐義淨譯	小乘律
2-3297	1125-007和07	30	和07	根本說一切有部百一羯磨十卷（07）	唐義淨譯	小乘律
2-3298	1125-008和08	26	和08	根本說一切有部百一羯磨十卷（08）	唐義淨譯	小乘律
2-3299	1125-009和09	27	和09	根本說一切有部百一羯磨十卷（09）	唐義淨譯	小乘律
2-3300	1125-010和10	22	和10	根本說一切有部百一羯磨十卷（10）	唐義淨譯	小乘律
2-3301	1126-001下01	0	下01	薩婆多部毘尼摩得勒伽十卷（01）	劉宋僧伽跋摩譯	小乘律
2-3302	1126-002下02	0	下02	薩婆多部毘尼摩得勒伽十卷（02）	劉宋僧伽跋摩譯	小乘律
2-3303	1126-003下03	37	下03	薩婆多部毘尼摩得勒伽十卷（03）	劉宋僧伽跋摩譯	小乘律
2-3304	1126-004下04	40	下04	薩婆多部毘尼摩得勒伽十卷（04）	劉宋僧伽跋摩譯	小乘律
2-3305	1126-005下05	0	下05	薩婆多部毘尼摩得勒伽十卷（05）	劉宋僧伽跋摩譯	小乘律
2-3306	1126-006下06	0	下06	薩婆多部毘尼摩得勒伽十卷（06）	劉宋僧伽跋摩譯	小乘律
2-3307	1126-007下07	0	下07	薩婆多部毘尼摩得勒伽十卷（07）	劉宋僧伽跋摩譯	小乘律
2-3308	1126-008下08	0	下08	薩婆多部毘尼摩得勒伽十卷（08）	劉宋僧伽跋摩譯	小乘律
2-3309	1126-009下09	0	下09	薩婆多部毘尼摩得勒伽十卷（09）	劉宋僧伽跋摩譯	小乘律
2-3310	1126-010下10	29	下10	薩婆多部毘尼摩得勒伽十卷（10）	劉宋僧伽跋摩譯	小乘律
2-3311	1127-001睦01	32	睦01	根本說一切有部尼陀那五卷（01）	唐義淨譯	小乘律
2-3312	1127-002睦02	25	睦02	根本說一切有部尼陀那五卷（02）	唐義淨譯	小乘律
2-3313	1127-003睦03	27	睦03	根本說一切有部尼陀那五卷（03）	唐義淨譯	小乘律
2-3314	1127-004睦04	26	睦04	根本說一切有部尼陀那五卷（04）	唐義淨譯	小乘律
2-3315	1127-005睦05	24	睦05	根本說一切有部尼陀那五卷（05）	唐義淨譯	小乘律
2-3316	1128-001睦06	26	睦06	根本說一切有部目得迦五卷（01）	唐義淨譯	小乘律
2-3317	1128-002睦07	30	睦07	根本說一切有部目得迦五卷（02）	唐義淨譯	小乘律
2-3318	1128-003睦08	26	睦08	根本說一切有部目得迦五卷（03）	唐義淨譯	小乘律
2-3319	1128-004睦09	25	睦09	根本說一切有部目得迦五卷（04）	唐義淨譯	小乘律
2-3320	1128-005睦10	22	睦10	根本說一切有部目得迦五卷（05）	唐義淨譯	小乘律
2-3321	1129-001夫01	42	夫01	薩婆多毘尼毘婆沙八卷（01）	失譯人名附秦錄	小乘律
2-3322	1129-002夫02	34	夫02	薩婆多毘尼毘婆沙八卷（02）	失譯人名附秦錄	小乘律
2-3323	1129-003夫03	43	夫03	薩婆多毘尼毘婆沙八卷（03）	失譯人名附秦錄	小乘律
2-3324	1129-004夫04	43	夫04	薩婆多毘尼毘婆沙八卷（04）	失譯人名附秦錄	小乘律
2-3325	1129-005夫05	44	夫05	薩婆多毘尼毘婆沙八卷（05）	失譯人名附秦錄	小乘律
2-3326	1129-006夫06	41	夫06	薩婆多毘尼毘婆沙八卷（06）	失譯人名附秦錄	小乘律
2-3327	1129-007夫07	0	夫07	薩婆多毘尼毘婆沙八卷（07）	失譯人名附秦錄	小乘律
2-3328	1129-008夫08	0	夫08	薩婆多毘尼毘婆沙八卷（08）	失譯人名附秦錄	小乘律
2-3329	1130-001夫09	37	夫09	續薩婆多毘尼毘婆沙一卷	失譯人名附秦錄	小乘律
2-3330	1131-001夫10	0	夫10	根本說一切有部出家授近圓羯磨儀範一卷	元拔合思巴集	小乘律
2-3331	1132-001唱01	39	唱01	毘尼母論八卷（01）	失譯人名附秦錄	小乘律
2-3332	1132-002唱02	36	唱02	毘尼母論八卷（02）	失譯人名附秦錄	小乘律
2-3333	1132-003唱03	37	唱03	毘尼母論八卷（03）	失譯人名附秦錄	小乘律
2-3334	1132-004唱04	39	唱04	毘尼母論八卷（04）	失譯人名附秦錄	小乘律
2-3335	1132-005唱05	35	唱05	毘尼母論八卷（05）	失譯人名附秦錄	小乘律
2-3336	1132-006唱06	50	唱06	毘尼母論八卷（06）	失譯人名附秦錄	小乘律
2-3337	1132-007唱07	32	唱07	毘尼母論八卷（07）	失譯人名附秦錄	小乘律
2-3338	1132-008唱08	41	唱08	毘尼母論八卷（08）	失譯人名附秦錄	小乘律
2-3339	1133-001唱09	47	唱09	律二十二明了論一卷	陳真諦譯	小乘律
2-3340	1134-001唱10	50	唱10	①根本說一切有部毘奈耶尼陀那目得迦攝頌一卷②根本說一切有部毘奈耶雜事攝頌一卷③普賢菩薩行願讃一卷	①唐義淨譯②唐義淨譯③唐不空譯	小乘律
2-3341	1135-001婦01	0	婦01	根本說一切有部毘奈耶頌四卷（01）	唐義淨譯	小乘律
2-3342	1135-002婦02	0	婦02	根本說一切有部毘奈耶頌四卷（02）	唐義淨譯	小乘律
2-3343	1135-003婦03	0	婦03	根本說一切有部毘奈耶頌四卷（03）	唐義淨譯	小乘律
2-3344	1135-004婦04	0	婦04	根本說一切有部毘奈耶頌四卷（04）	唐義淨譯	小乘律
2-3345	1136-001婦05	0	婦05	十誦律毘尼序三卷（01）	東晉卑摩羅叉譯	小乘律
2-3346	1136-002婦06	0	婦06	十誦律毘尼序三卷（02）	東晉卑摩羅叉譯	小乘律
2-3347	1136-003婦07	0	婦07	十誦律毘尼序三卷（03）	東晉卑摩羅叉譯	小乘律
2-3348	1137-001婦08	0	婦08	沙彌十戒法并威儀一卷	失譯人名附東晉錄	小乘律
2-3349	1138-001婦09	0	婦09	羯磨二卷（01）	曹魏曇諦集譯	小乘律
2-3350	1138-002婦10	0	婦10	羯磨二卷（02）	曹魏曇諦集譯	小乘律
2-3351	1139-001隨01	31	隨01	佛說大愛道比丘尼經二卷（01）	失譯人名附北涼錄	小乘律
2-3352	1139-002隨02	31	隨02	佛說大愛道比丘尼經二卷（02）	失譯人名附北涼錄	小乘律
2-3353	1140-001隨03	39	隨03	佛說目連問戒律中五百輕重事經二卷（01）	失譯人名附東晉錄	小乘律
2-3354	1140-002隨04	0	隨04	佛說目連問戒律中五百輕重事經二卷（02）	失譯人名附東晉錄	小乘律
2-3355	1141-001隨05	33	隨05	根本說一切有部苾芻尼戒經二卷（01）	唐義淨譯	小乘律
2-3356	1141-002隨06	32	隨06	根本說一切有部苾芻尼戒經二卷（02）	唐義淨譯	小乘律
2-3357	1142-001隨07	48	隨07	比丘尼僧祇律波羅提木叉戒經一卷	東晉法顯共覺賢譯	小乘律
2-3358	1143-001隨08	30	隨08	①沙彌尼戒經一卷②舍利弗問經一卷	①失譯人名附後漢錄②失譯人名附東晉錄	小乘律
2-3359	1144-001隨09	37	隨09	彌沙塞羯磨本二卷（01）	唐愛同錄	小乘律
2-3360	1144-002隨10	45	隨10	彌沙塞羯磨本二卷（02）	唐愛同錄	小乘律
2-3361	1145-001外01	0	外01	四分戒本二卷（01）	唐懷素集	小乘律
2-3362	1145-002外02	0	外02	四分戒本二卷（02）	唐懷素集	小乘律
2-3363	1146-001外03	0	外03	四分比丘尼戒本二卷（01）	唐懷素依律集出	小乘律
2-3364	1146-002外04	0	外04	四分比丘尼戒本二卷（02）	唐懷素依律集出	小乘律
2-3365	1147-001外05	0	外05	五分戒本一卷	劉宋佛陀什譯	小乘律
2-3366	1148-001外06	0	外06	五分比丘尼戒本一卷	梁明徽集	小乘律
2-3367	1149-001外07	0	外07	波羅提木叉僧祇戒本一卷	東晉佛陀跋陀羅譯	小乘律
2-3368	1150-001外08	0	外08	十誦律比丘戒本一卷	姚秦鳩摩羅什譯	小乘律
2-3369	1151-001外09	0	外09	十誦律比丘尼戒本一卷	劉宋法穎集出	小乘律
2-3370	1152-001外10	0	外10	大沙門百一羯磨法一卷	失譯人名附劉宋錄	小乘律
2-3371	1153-001受01	39	受01	曇無德律部雜羯磨二卷（01）	曹魏康僧鎧譯集	小乘律
2-3372	1153-002受02	34	受02	曇無德律部雜羯磨二卷（02）	曹魏康僧鎧譯集	小乘律
2-3373	1154-001受03	26	受03	①沙彌威儀一卷②沙彌尼離戒文一卷	①宋求那跋摩譯②失譯人名附東晉錄	小乘律
2-3374	1155-001受04	48	受04	十誦羯磨比丘要用一卷	劉宋僧璩依律撰出	小乘律
2-3375	1156-001受05	30	受05	金剛般若波羅蜜經論三卷（01）（無著菩薩造）	隋達摩岌多譯	大乘論
2-3376	1156-002受06	31	受06	金剛般若波羅蜜經論三卷（02）（無著菩薩造）	隋達摩岌多譯	大乘論
2-3377	1156-003受07	27	受07	金剛般若波羅蜜經論三卷（03）（無著菩薩造）	隋達摩岌多譯	大乘論
2-3378	1156-001受08	30	受08	金剛般若波羅蜜經論三卷（01）（天親菩薩造）	元魏菩提留支譯	大乘論
2-3379	1156-002受09	35	受09	金剛般若波羅蜜經論三卷（02）（天親菩薩造）	元魏菩提留支譯	大乘論
2-3380	1156-003受10	34	受10	金剛般若波羅蜜經論三卷（03）（天親菩薩造）	元魏菩提留支譯	大乘論
2-3381	1157-001傅01	49	傅01	大智度論一百卷（001）	姚秦鳩摩羅什譯	大乘論
2-3382	1157-002傅02	49	傅02	大智度論一百卷（002）	姚秦鳩摩羅什譯	大乘論
2-3383	1157-003傅03	48	傅03	大智度論一百卷（003）	姚秦鳩摩羅什譯	大乘論
2-3384	1157-004傅04	51	傅04	大智度論一百卷（004）	姚秦鳩摩羅什譯	大乘論
2-3385	1157-005傅05	41	傅05	大智度論一百卷（005）	姚秦鳩摩羅什譯	大乘論
2-3386	1157-006傅06	37	傅06	大智度論一百卷（006）	姚秦鳩摩羅什譯	大乘論
2-3387	1157-007傅07	38	傅07	大智度論一百卷（007）	姚秦鳩摩羅什譯	大乘論
2-3388	1157-008傅08	40	傅08	大智度論一百卷（008）	姚秦鳩摩羅什譯	大乘論
2-3389	1157-009傅09	35	傅09	大智度論一百卷（009）	姚秦鳩摩羅什譯	大乘論
2-3390	1157-010傅10	50	傅10	大智度論一百卷（010）	姚秦鳩摩羅什譯	大乘論
2-3391	1157-011訓01	53	訓01	大智度論一百卷（011）	姚秦鳩摩羅什譯	大乘論
2-3392	1157-012訓02	0	訓02	大智度論一百卷（012）	姚秦鳩摩羅什譯	大乘論
2-3393	1157-013訓03	0	訓03	大智度論一百卷（013）	姚秦鳩摩羅什譯	大乘論
2-3394	1157-014訓04	0	訓04	大智度論一百卷（014）	姚秦鳩摩羅什譯	大乘論
2-3395	1157-015訓05	34	訓05	大智度論一百卷（015）	姚秦鳩摩羅什譯	大乘論
2-3396	1157-016訓06	37	訓06	大智度論一百卷（016）	姚秦鳩摩羅什譯	大乘論
2-3397	1157-017訓07	54	訓07	大智度論一百卷（017）	姚秦鳩摩羅什譯	大乘論
2-3398	1157-018訓08	42	訓08	大智度論一百卷（018）	姚秦鳩摩羅什譯	大乘論
2-3399	1157-019訓09	50	訓09	大智度論一百卷（019）	姚秦鳩摩羅什譯	大乘論
2-3400	1157-020訓10	47	訓10	大智度論一百卷（020）	姚秦鳩摩羅什譯	大乘論
2-3401	1157-021入01	0	入01	大智度論一百卷（021）	姚秦鳩摩羅什譯	大乘論
2-3402	1157-022入02	43	入02	大智度論一百卷（022）	姚秦鳩摩羅什譯	大乘論
2-3403	1157-023入03	37	入03	大智度論一百卷（023）	姚秦鳩摩羅什譯	大乘論
2-3404	1157-024入04	37	入04	大智度論一百卷（024）	姚秦鳩摩羅什譯	大乘論
2-3405	1157-025入05	35	入05	大智度論一百卷（025）	姚秦鳩摩羅什譯	大乘論
2-3406	1157-026入06	52	入06	大智度論一百卷（026）	姚秦鳩摩羅什譯	大乘論
2-3407	1157-027入07	45	入07	大智度論一百卷（027）	姚秦鳩摩羅什譯	大乘論
2-3408	1157-028入08	33	入08	大智度論一百卷（028）	姚秦鳩摩羅什譯	大乘論
2-3409	1157-029入09	41	入09	大智度論一百卷（029）	姚秦鳩摩羅什譯	大乘論
2-3410	1157-030入10	51	入10	大智度論一百卷（030）	姚秦鳩摩羅什譯	大乘論
2-3411	1157-031奉01	66	奉01	大智度論一百卷（031）	姚秦鳩摩羅什譯	大乘論
2-3412	1157-032奉02	38	奉02	大智度論一百卷（032）	姚秦鳩摩羅什譯	大乘論
2-3413	1157-033奉03	34	奉03	大智度論一百卷（033）	姚秦鳩摩羅什譯	大乘論
2-3414	1157-034奉04	0	奉04	大智度論一百卷（034）	姚秦鳩摩羅什譯	大乘論
2-3415	1157-035奉05	0	奉05	大智度論一百卷（035）	姚秦鳩摩羅什譯	大乘論
2-3416	1157-036奉06	41	奉06	大智度論一百卷（036）	姚秦鳩摩羅什譯	大乘論
2-3417	1157-037奉07	0	奉07	大智度論一百卷（037）	姚秦鳩摩羅什譯	大乘論
2-3418	1157-038奉08	0	奉08	大智度論一百卷（038）	姚秦鳩摩羅什譯	大乘論
2-3419	1157-039奉09	35	奉09	大智度論一百卷（039）	姚秦鳩摩羅什譯	大乘論
2-3420	1157-040奉10	0	奉10	大智度論一百卷（040）	姚秦鳩摩羅什譯	大乘論
2-3421	1157-041母01	43	母01	大智度論一百卷（041）	姚秦鳩摩羅什譯	大乘論
2-3422	1157-042母02	34	母02	大智度論一百卷（042）	姚秦鳩摩羅什譯	大乘論
2-3423	1157-043母03	0	母03	大智度論一百卷（043）	姚秦鳩摩羅什譯	大乘論
2-3424	1157-044母04	40	母04	大智度論一百卷（044）	姚秦鳩摩羅什譯	大乘論
2-3425	1157-045母05	0	母05	大智度論一百卷（045）	姚秦鳩摩羅什譯	大乘論
2-3426	1157-046母06	0	母06	大智度論一百卷（046）	姚秦鳩摩羅什譯	大乘論
2-3427	1157-047母07	38	母07	大智度論一百卷（047）	姚秦鳩摩羅什譯	大乘論
2-3428	1157-048母08	42	母08	大智度論一百卷（048）	姚秦鳩摩羅什譯	大乘論
2-3429	1157-049母09	38	母09	大智度論一百卷（049）	姚秦鳩摩羅什譯	大乘論
2-3430	1157-050母10	36	母10	大智度論一百卷（050）	姚秦鳩摩羅什譯	大乘論
2-3431	1157-051儀01	45	儀01	大智度論一百卷（051）	姚秦鳩摩羅什譯	大乘論
2-3432	1157-052儀02	0	儀02	大智度論一百卷（052）	姚秦鳩摩羅什譯	大乘論
2-3433	1157-053儀03	38	儀03	大智度論一百卷（053）	姚秦鳩摩羅什譯	大乘論
2-3434	1157-054儀04	36	儀04	大智度論一百卷（054）	姚秦鳩摩羅什譯	大乘論
2-3435	1157-055儀05	0	儀05	大智度論一百卷（055）	姚秦鳩摩羅什譯	大乘論
2-3436	1157-056儀06	38	儀06	大智度論一百卷（056）	姚秦鳩摩羅什譯	大乘論
2-3437	1157-057儀07	28	儀07	大智度論一百卷（057）	姚秦鳩摩羅什譯	大乘論
2-3438	1157-058儀08	42	儀08	大智度論一百卷（058）	姚秦鳩摩羅什譯	大乘論
2-3439	1157-059儀09	36	儀09	大智度論一百卷（059）	姚秦鳩摩羅什譯	大乘論
2-3440	1157-060儀10	29	儀10	大智度論一百卷（060）	姚秦鳩摩羅什譯	大乘論
2-3441	1157-061諸01	56	諸01	大智度論一百卷（061）	姚秦鳩摩羅什譯	大乘論
2-3442	1157-062諸02	41	諸02	大智度論一百卷（062）	姚秦鳩摩羅什譯	大乘論
2-3443	1157-063諸03	35	諸03	大智度論一百卷（063）	姚秦鳩摩羅什譯	大乘論
2-3444	1157-064諸04	35	諸04	大智度論一百卷（064）	姚秦鳩摩羅什譯	大乘論
2-3445	1157-065諸05	42	諸05	大智度論一百卷（065）	姚秦鳩摩羅什譯	大乘論
2-3446	1157-066諸06	32	諸06	大智度論一百卷（066）	姚秦鳩摩羅什譯	大乘論
2-3447	1157-067諸07	34	諸07	大智度論一百卷（067）	姚秦鳩摩羅什譯	大乘論
2-3448	1157-068諸08	33	諸08	大智度論一百卷（068）	姚秦鳩摩羅什譯	大乘論
2-3449	1157-069諸09	39	諸09	大智度論一百卷（069）	姚秦鳩摩羅什譯	大乘論
2-3450	1157-070諸10	45	諸10	大智度論一百卷（070）	姚秦鳩摩羅什譯	大乘論
2-3451	1157-071姑01	0	姑01	大智度論一百卷（071）	姚秦鳩摩羅什譯	大乘論
2-3452	1157-072姑02	0	姑02	大智度論一百卷（072）	姚秦鳩摩羅什譯	大乘論
2-3453	1157-073姑03	41	姑03	大智度論一百卷（073）	姚秦鳩摩羅什譯	大乘論
2-3454	1157-074姑04	45	姑04	大智度論一百卷（074）	姚秦鳩摩羅什譯	大乘論
2-3455	1157-075姑05	44	姑05	大智度論一百卷（075）	姚秦鳩摩羅什譯	大乘論
2-3456	1157-076姑06	0	姑06	大智度論一百卷（076）	姚秦鳩摩羅什譯	大乘論
2-3457	1157-077姑07	52	姑07	大智度論一百卷（077）	姚秦鳩摩羅什譯	大乘論
2-3458	1157-078姑08	34	姑08	大智度論一百卷（078）	姚秦鳩摩羅什譯	大乘論
2-3459	1157-079姑09	0	姑09	大智度論一百卷（079）	姚秦鳩摩羅什譯	大乘論
2-3460	1157-080姑10	0	姑10	大智度論一百卷（080）	姚秦鳩摩羅什譯	大乘論
2-3461	1157-081伯01	0	伯01	大智度論一百卷（081）	姚秦鳩摩羅什譯	大乘論
2-3462	1157-082伯02	43	伯02	大智度論一百卷（082）	姚秦鳩摩羅什譯	大乘論
2-3463	1157-083伯03	34	伯03	大智度論一百卷（083）	姚秦鳩摩羅什譯	大乘論
2-3464	1157-084伯04	38	伯04	大智度論一百卷（084）	姚秦鳩摩羅什譯	大乘論
2-3465	1157-085伯05	41	伯05	大智度論一百卷（085）	姚秦鳩摩羅什譯	大乘論
2-3466	1157-086伯06	45	伯06	大智度論一百卷（086）	姚秦鳩摩羅什譯	大乘論
2-3467	1157-087伯07	0	伯07	大智度論一百卷（087）	姚秦鳩摩羅什譯	大乘論
2-3468	1157-088伯08	55	伯08	大智度論一百卷（088）	姚秦鳩摩羅什譯	大乘論
2-3469	1157-089伯09	49	伯09	大智度論一百卷（089）	姚秦鳩摩羅什譯	大乘論
2-3470	1157-090伯10	0	伯10	大智度論一百卷（090）	姚秦鳩摩羅什譯	大乘論
2-3471	1157-091叔01	0	叔01	大智度論一百卷（091）	姚秦鳩摩羅什譯	大乘論
2-3472	1157-092叔02	0	叔02	大智度論一百卷（092）	姚秦鳩摩羅什譯	大乘論
2-3473	1157-093叔03	34	叔03	大智度論一百卷（093）	姚秦鳩摩羅什譯	大乘論
2-3474	1157-094叔04	0	叔04	大智度論一百卷（094）	姚秦鳩摩羅什譯	大乘論
2-3475	1157-095叔05	0	叔05	大智度論一百卷（095）	姚秦鳩摩羅什譯	大乘論
2-3476	1157-096叔06	0	叔06	大智度論一百卷（096）	姚秦鳩摩羅什譯	大乘論
2-3477	1157-097叔07	0	叔07	大智度論一百卷（097）	姚秦鳩摩羅什譯	大乘論
2-3478	1157-098叔08	0	叔08	大智度論一百卷（098）	姚秦鳩摩羅什譯	大乘論
2-3479	1157-099叔09	0	叔09	大智度論一百卷（099）	姚秦鳩摩羅什譯	大乘論
2-3480	1157-100叔10	39	叔10	大智度論一百卷（100）	姚秦鳩摩羅什譯	大乘論
2-3481	1158-001猶01	32	猶01	瑜伽師地論一百卷（001）	唐玄奘譯	大乘論
2-3482	1158-002猶02	34	猶02	瑜伽師地論一百卷（002）	唐玄奘譯	大乘論
2-3483	1158-003猶03	28	猶03	瑜伽師地論一百卷（003）	唐玄奘譯	大乘論
2-3484	1158-004猶04	29	猶04	瑜伽師地論一百卷（004）	唐玄奘譯	大乘論
2-3485	1158-005猶05	28	猶05	瑜伽師地論一百卷（005）	唐玄奘譯	大乘論
2-3486	1158-006猶06	31	猶06	瑜伽師地論一百卷（006）	唐玄奘譯	大乘論
2-3487	1158-007猶07	26	猶07	瑜伽師地論一百卷（007）	唐玄奘譯	大乘論
2-3488	1158-008猶08	29	猶08	瑜伽師地論一百卷（008）	唐玄奘譯	大乘論
2-3489	1158-009猶09	33	猶09	瑜伽師地論一百卷（009）	唐玄奘譯	大乘論
2-3490	1158-010猶10	33	猶10	瑜伽師地論一百卷（010）	唐玄奘譯	大乘論
2-3491	1158-011子01	43	子01	瑜伽師地論一百卷（011）	唐玄奘譯	大乘論
2-3492	1158-012子02	38	子02	瑜伽師地論一百卷（012）	唐玄奘譯	大乘論
2-3493	1158-013子03	41	子03	瑜伽師地論一百卷（013）	唐玄奘譯	大乘論
2-3494	1158-014子04	40	子04	瑜伽師地論一百卷（014）	唐玄奘譯	大乘論
2-3495	1158-015子05	38	子05	瑜伽師地論一百卷（015）	唐玄奘譯	大乘論
2-3496	1158-016子06	39	子06	瑜伽師地論一百卷（016）	唐玄奘譯	大乘論
2-3497	1158-017子07	36	子07	瑜伽師地論一百卷（017）	唐玄奘譯	大乘論
2-3498	1158-018子08	39	子08	瑜伽師地論一百卷（018）	唐玄奘譯	大乘論
2-3499	1158-019子09	40	子09	瑜伽師地論一百卷（019）	唐玄奘譯	大乘論
2-3500	1158-020子10	43	子10	瑜伽師地論一百卷（020）	唐玄奘譯	大乘論
2-3501	1158-021比01	39	比01	瑜伽師地論一百卷（021）	唐玄奘譯	大乘論
2-3502	1158-022比02	29	比02	瑜伽師地論一百卷（022）	唐玄奘譯	大乘論
2-3503	1158-023比03	31	比03	瑜伽師地論一百卷（023）	唐玄奘譯	大乘論
2-3504	1158-024比04	33	比04	瑜伽師地論一百卷（024）	唐玄奘譯	大乘論
2-3505	1158-025比05	38	比05	瑜伽師地論一百卷（025）	唐玄奘譯	大乘論
2-3506	1158-026比06	36	比06	瑜伽師地論一百卷（026）	唐玄奘譯	大乘論
2-3507	1158-027比07	35	比07	瑜伽師地論一百卷（027）	唐玄奘譯	大乘論
2-3508	1158-028比08	37	比08	瑜伽師地論一百卷（028）	唐玄奘譯	大乘論
2-3509	1158-029比09	38	比09	瑜伽師地論一百卷（029）	唐玄奘譯	大乘論
2-3510	1158-030比10	34	比10	瑜伽師地論一百卷（030）	唐玄奘譯	大乘論
2-3511	1158-031兒01	0	兒01	瑜伽師地論一百卷（031）	唐玄奘譯	大乘論
2-3512	1158-032兒02	0	兒02	瑜伽師地論一百卷（032）	唐玄奘譯	大乘論
2-3513	1158-033兒03	0	兒03	瑜伽師地論一百卷（033）	唐玄奘譯	大乘論
2-3514	1158-034兒04	0	兒04	瑜伽師地論一百卷（034）	唐玄奘譯	大乘論
2-3515	1158-035兒05	0	兒05	瑜伽師地論一百卷（035）	唐玄奘譯	大乘論
2-3516	1158-036兒06	0	兒06	瑜伽師地論一百卷（036）	唐玄奘譯	大乘論
2-3517	1158-037兒07	0	兒07	瑜伽師地論一百卷（037）	唐玄奘譯	大乘論
2-3518	1158-038兒08	0	兒08	瑜伽師地論一百卷（038）	唐玄奘譯	大乘論
2-3519	1158-039兒09	0	兒09	瑜伽師地論一百卷（039）	唐玄奘譯	大乘論
2-3520	1158-040兒10	0	兒10	瑜伽師地論一百卷（040）	唐玄奘譯	大乘論
2-3521	1158-041孔01	38	孔01	瑜伽師地論一百卷（041）	唐玄奘譯	大乘論
2-3522	1158-042孔02	33	孔02	瑜伽師地論一百卷（042）	唐玄奘譯	大乘論
2-3523	1158-043孔03	35	孔03	瑜伽師地論一百卷（043）	唐玄奘譯	大乘論
2-3524	1158-044孔04	35	孔04	瑜伽師地論一百卷（044）	唐玄奘譯	大乘論
2-3525	1158-045孔05	31	孔05	瑜伽師地論一百卷（045）	唐玄奘譯	大乘論
2-3526	1158-046孔06	33	孔06	瑜伽師地論一百卷（046）	唐玄奘譯	大乘論
2-3527	1158-047孔07	42	孔07	瑜伽師地論一百卷（047）	唐玄奘譯	大乘論
2-3528	1158-048孔08	49	孔08	瑜伽師地論一百卷（048）	唐玄奘譯	大乘論
2-3529	1158-049孔09	37	孔09	瑜伽師地論一百卷（049）	唐玄奘譯	大乘論
2-3530	1158-050孔10	42	孔10	瑜伽師地論一百卷（050）	唐玄奘譯	大乘論
2-3531	1158-051懷01	35	懷01	瑜伽師地論一百卷（051）	唐玄奘譯	大乘論
2-3532	1158-052懷02	29	懷02	瑜伽師地論一百卷（052）	唐玄奘譯	大乘論
2-3533	1158-053懷03	33	懷03	瑜伽師地論一百卷（053）	唐玄奘譯	大乘論
2-3534	1158-054懷04	38	懷04	瑜伽師地論一百卷（054）	唐玄奘譯	大乘論
2-3535	1158-055懷05	36	懷05	瑜伽師地論一百卷（055）	唐玄奘譯	大乘論
2-3536	1158-056懷06	36	懷06	瑜伽師地論一百卷（056）	唐玄奘譯	大乘論
2-3537	1158-057懷07	47	懷07	瑜伽師地論一百卷（057）	唐玄奘譯	大乘論
2-3538	1158-058懷08	36	懷08	瑜伽師地論一百卷（058）	唐玄奘譯	大乘論
2-3539	1158-059懷09	33	懷09	瑜伽師地論一百卷（059）	唐玄奘譯	大乘論
2-3540	1158-060懷10	35	懷10	瑜伽師地論一百卷（060）	唐玄奘譯	大乘論
2-3541	1158-061兄01	39	兄01	瑜伽師地論一百卷（061）	唐玄奘譯	大乘論
2-3542	1158-062兄02	24	兄02	瑜伽師地論一百卷（062）	唐玄奘譯	大乘論
2-3543	1158-063兄03	26	兄03	瑜伽師地論一百卷（063）	唐玄奘譯	大乘論
2-3544	1158-064兄04	0	兄04	瑜伽師地論一百卷（064）	唐玄奘譯	大乘論
2-3545	1158-065兄05	29	兄05	瑜伽師地論一百卷（065）	唐玄奘譯	大乘論
2-3546	1158-066兄06	31	兄06	瑜伽師地論一百卷（066）	唐玄奘譯	大乘論
2-3547	1158-067兄07	0	兄07	瑜伽師地論一百卷（067）	唐玄奘譯	大乘論
2-3548	1158-068兄08	0	兄08	瑜伽師地論一百卷（068）	唐玄奘譯	大乘論
2-3549	1158-069兄09	34	兄09	瑜伽師地論一百卷（069）	唐玄奘譯	大乘論
2-3550	1158-070兄10	0	兄10	瑜伽師地論一百卷（070）	唐玄奘譯	大乘論
2-3551	1158-071弟01	29	弟01	瑜伽師地論一百卷（071）	唐玄奘譯	大乘論
2-3552	1158-072弟02	29	弟02	瑜伽師地論一百卷（072）	唐玄奘譯	大乘論
2-3553	1158-073弟03	30	弟03	瑜伽師地論一百卷（073）	唐玄奘譯	大乘論
2-3554	1158-074弟04	36	弟04	瑜伽師地論一百卷（074）	唐玄奘譯	大乘論
2-3555	1158-075弟05	39	弟05	瑜伽師地論一百卷（075）	唐玄奘譯	大乘論
2-3556	1158-076弟06	33	弟06	瑜伽師地論一百卷（076）	唐玄奘譯	大乘論
2-3557	1158-077弟07	34	弟07	瑜伽師地論一百卷（077）	唐玄奘譯	大乘論
2-3558	1158-078弟08	46	弟08	瑜伽師地論一百卷（078）	唐玄奘譯	大乘論
2-3559	1158-079弟09	35	弟09	瑜伽師地論一百卷（079）	唐玄奘譯	大乘論
2-3560	1158-080弟10	42	弟10	瑜伽師地論一百卷（080）	唐玄奘譯	大乘論
2-3561	1158-081同01	0	同01	瑜伽師地論一百卷（081）	唐玄奘譯	大乘論
2-3562	1158-082同02	0	同02	瑜伽師地論一百卷（082）	唐玄奘譯	大乘論
2-3563	1158-083同03	0	同03	瑜伽師地論一百卷（083）	唐玄奘譯	大乘論
2-3564	1158-084同04	0	同04	瑜伽師地論一百卷（084）	唐玄奘譯	大乘論
2-3565	1158-085同05	36	同05	瑜伽師地論一百卷（085）	唐玄奘譯	大乘論
2-3566	1158-086同06	39	同06	瑜伽師地論一百卷（086）	唐玄奘譯	大乘論
2-3567	1158-087同07	44	同07	瑜伽師地論一百卷（087）	唐玄奘譯	大乘論
2-3568	1158-088同08	41	同08	瑜伽師地論一百卷（088）	唐玄奘譯	大乘論
2-3569	1158-089同09	40	同09	瑜伽師地論一百卷（089）	唐玄奘譯	大乘論
2-3570	1158-090同10	40	同10	瑜伽師地論一百卷（090）	唐玄奘譯	大乘論
2-3571	1158-091氣01	43	氣01	瑜伽師地論一百卷（091）	唐玄奘譯	大乘論
2-3572	1158-092氣02	0	氣02	瑜伽師地論一百卷（092）	唐玄奘譯	大乘論
2-3573	1158-093氣03	38	氣03	瑜伽師地論一百卷（093）	唐玄奘譯	大乘論
2-3574	1158-094氣04	42	氣04	瑜伽師地論一百卷（094）	唐玄奘譯	大乘論
2-3575	1158-095氣05	37	氣05	瑜伽師地論一百卷（095）	唐玄奘譯	大乘論
2-3576	1158-096氣06	41	氣06	瑜伽師地論一百卷（096）	唐玄奘譯	大乘論
2-3577	1158-097氣07	43	氣07	瑜伽師地論一百卷（097）	唐玄奘譯	大乘論
2-3578	1158-098氣08	0	氣08	瑜伽師地論一百卷（098）	唐玄奘譯	大乘論
2-3579	1158-099氣09	40	氣09	瑜伽師地論一百卷（099）	唐玄奘譯	大乘論
2-3580	1158-100氣10	0	氣10	瑜伽師地論一百卷（100）	唐玄奘譯	大乘論
2-3581	1159-001連01	0	連01	攝大乘論釋四十八卷（01）	陳真諦等四譯	大乘論
2-3582	1159-002連02	0	連02	攝大乘論釋四十八卷（02）	陳真諦等四譯	大乘論
2-3583	1159-003連03	0	連03	攝大乘論釋四十八卷（03）	陳真諦等四譯	大乘論
2-3584	1159-004連04	0	連04	攝大乘論釋四十八卷（04）	陳真諦等四譯	大乘論
2-3585	1159-005連05	0	連05	攝大乘論釋四十八卷（05）	陳真諦等四譯	大乘論
2-3586	1159-006連06	0	連06	攝大乘論釋四十八卷（06）	陳真諦等四譯	大乘論
2-3587	1159-007連07	0	連07	攝大乘論釋四十八卷（07）	陳真諦等四譯	大乘論
2-3588	1159-008連08	0	連08	攝大乘論釋四十八卷（08）	陳真諦等四譯	大乘論
2-3589	1159-009連09	0	連09	攝大乘論釋四十八卷（09）	陳真諦等四譯	大乘論
2-3590	1159-010連10	0	連10	攝大乘論釋四十八卷（10）	陳真諦等四譯	大乘論
2-3591	1159-011枝01	49	枝01	攝大乘論釋四十八卷（11）	陳真諦等四譯	大乘論
2-3592	1159-012枝02	46	枝02	攝大乘論釋四十八卷（12）	陳真諦等四譯	大乘論
2-3593	1159-013枝03	48	枝03	攝大乘論釋四十八卷（13）	陳真諦等四譯	大乘論
2-3594	1159-014枝04	38	枝04	攝大乘論釋四十八卷（14）	陳真諦等四譯	大乘論
2-3595	1159-015枝05	32	枝05	攝大乘論釋四十八卷（15）	陳真諦等四譯	大乘論
2-3596	1159-016枝06	31	枝06	攝大乘論釋四十八卷（16）	陳真諦等四譯	大乘論
2-3597	1159-017枝07	51	枝07	攝大乘論釋四十八卷（17）	陳真諦等四譯	大乘論
2-3598	1159-018枝08	45	枝08	攝大乘論釋四十八卷（18）	陳真諦等四譯	大乘論
2-3599	1159-019枝09	44	枝09	攝大乘論釋四十八卷（19）	陳真諦等四譯	大乘論
2-3600	1159-020枝10	51	枝10	攝大乘論釋四十八卷（20）	陳真諦等四譯	大乘論
2-3601	1159-021交01	34	交01	攝大乘論釋四十八卷（21）	陳真諦等四譯	大乘論
2-3602	1159-022交02	30	交02	攝大乘論釋四十八卷（22）	陳真諦等四譯	大乘論
2-3603	1159-023交03	26	交03	攝大乘論釋四十八卷（23）	陳真諦等四譯	大乘論
2-3604	1159-024交04	30	交04	攝大乘論釋四十八卷（24）	陳真諦等四譯	大乘論
2-3605	1159-025交05	32	交05	攝大乘論釋四十八卷（25）	陳真諦等四譯	大乘論
2-3606	1159-026交06	28	交06	攝大乘論釋四十八卷（26）	陳真諦等四譯	大乘論
2-3607	1159-027交07	36	交07	攝大乘論釋四十八卷（27）	陳真諦等四譯	大乘論
2-3608	1159-028交08	31	交08	攝大乘論釋四十八卷（28）	陳真諦等四譯	大乘論
2-3609	1159-029交09	32	交09	攝大乘論釋四十八卷（29）	陳真諦等四譯	大乘論
2-3610	1159-030交10	0	交10	攝大乘論釋四十八卷（30）	陳真諦等四譯	大乘論
2-3611	1159-031友01	36	友01	攝大乘論釋四十八卷（31）	陳真諦等四譯	大乘論
2-3612	1159-032友02	29	友02	攝大乘論釋四十八卷（32）	陳真諦等四譯	大乘論
2-3613	1159-033友03	35	友03	攝大乘論釋四十八卷（33）	陳真諦等四譯	大乘論
2-3614	1159-034友04	32	友04	攝大乘論釋四十八卷（34）	陳真諦等四譯	大乘論
2-3615	1159-035友05	37	友05	攝大乘論釋四十八卷（35）	陳真諦等四譯	大乘論
2-3616	1159-036友06	31	友06	攝大乘論釋四十八卷（36）	陳真諦等四譯	大乘論
2-3617	1159-037友07	37	友07	攝大乘論釋四十八卷（37）	陳真諦等四譯	大乘論
2-3618	1159-038友08	0	友08	攝大乘論釋四十八卷（38）	陳真諦等四譯	大乘論
2-3619	1159-039友09	0	友09	攝大乘論釋四十八卷（39）	陳真諦等四譯	大乘論
2-3620	1159-040友10	0	友10	攝大乘論釋四十八卷（40）	陳真諦等四譯	大乘論
2-3621	1159-041投01	0	投01	攝大乘論釋四十八卷（41）	陳真諦等四譯	大乘論
2-3622	1159-042投02	28	投02	攝大乘論釋四十八卷（42）	陳真諦等四譯	大乘論
2-3623	1159-043投03	32	投03	攝大乘論釋四十八卷（43）	陳真諦等四譯	大乘論
2-3624	1159-044投04	31	投04	攝大乘論釋四十八卷（44）	陳真諦等四譯	大乘論
2-3625	1159-045投05	51	投05	攝大乘論釋四十八卷（45）	陳真諦等四譯	大乘論
2-3626	1159-046投06	47	投06	攝大乘論釋四十八卷（46）	陳真諦等四譯	大乘論
2-3627	1159-047投07	53	投07	攝大乘論釋四十八卷（47）	陳真諦等四譯	大乘論
2-3628	1159-048投08	46	投08	攝大乘論釋四十八卷（48）	陳真諦等四譯	大乘論
2-3629	1160-001投09	0	投09	①無相思塵論一卷②觀所緣緣論一卷③觀所緣緣論釋一卷	①陳真諦譯②唐玄奘譯③唐義淨譯	大乘論
2-3630	1161-001投10	0	投10	①大乘廣五蘊論一卷②大乘五蘊論一卷	①唐地婆訶羅譯②唐玄奘譯	大乘論
2-3631	1162-001分01	34	分01	顯揚聖教論二十卷（01）	唐玄奘譯	大乘論
2-3632	1162-002分02	34	分02	顯揚聖教論二十卷（02）	唐玄奘譯	大乘論
2-3633	1162-003分03	35	分03	顯揚聖教論二十卷（03）	唐玄奘譯	大乘論
2-3634	1162-004分04	30	分04	顯揚聖教論二十卷（04）	唐玄奘譯	大乘論
2-3635	1162-005分05	30	分05	顯揚聖教論二十卷（05）	唐玄奘譯	大乘論
2-3636	1162-006分06	29	分06	顯揚聖教論二十卷（06）	唐玄奘譯	大乘論
2-3637	1162-007分07	29	分07	顯揚聖教論二十卷（07）	唐玄奘譯	大乘論
2-3638	1162-008分08	28	分08	顯揚聖教論二十卷（08）	唐玄奘譯	大乘論
2-3639	1162-009分09	29	分09	顯揚聖教論二十卷（09）	唐玄奘譯	大乘論
2-3640	1162-010分10	30	分10	顯揚聖教論二十卷（10）	唐玄奘譯	大乘論
2-3641	1162-011切01	30	切01	顯揚聖教論二十卷（11）	唐玄奘譯	大乘論
2-3642	1162-012切02	0	切02	顯揚聖教論二十卷（12）	唐玄奘譯	大乘論
2-3643	1162-013切03	29	切03	顯揚聖教論二十卷（13）	唐玄奘譯	大乘論
2-3644	1162-014切04	37	切04	顯揚聖教論二十卷（14）	唐玄奘譯	大乘論
2-3645	1162-015切05	34	切05	顯揚聖教論二十卷（15）	唐玄奘譯	大乘論
2-3646	1162-016切06	35	切06	顯揚聖教論二十卷（16）	唐玄奘譯	大乘論
2-3647	1162-017切07	36	切07	顯揚聖教論二十卷（17）	唐玄奘譯	大乘論
2-3648	1162-018切08	30	切08	顯揚聖教論二十卷（18）	唐玄奘譯	大乘論
2-3649	1162-019切09	34	切09	顯揚聖教論二十卷（19）	唐玄奘譯	大乘論
2-3650	1162-020切10	31	切10	顯揚聖教論二十卷（20）	唐玄奘譯	大乘論
2-3651	1163-001磨01	35	磨01	大乘阿毘達磨雜集論十六卷（01）	唐玄奘譯	大乘論
2-3652	1163-002磨02	29	磨02	大乘阿毘達磨雜集論十六卷（02）	唐玄奘譯	大乘論
2-3653	1163-003磨03	28	磨03	大乘阿毘達磨雜集論十六卷（03）	唐玄奘譯	大乘論
2-3654	1163-004磨04	29	磨04	大乘阿毘達磨雜集論十六卷（04）	唐玄奘譯	大乘論
2-3655	1163-005磨05	32	磨05	大乘阿毘達磨雜集論十六卷（05）	唐玄奘譯	大乘論
2-3656	1163-006磨06	31	磨06	大乘阿毘達磨雜集論十六卷（06）	唐玄奘譯	大乘論
2-3657	1163-007磨07	35	磨07	大乘阿毘達磨雜集論十六卷（07）	唐玄奘譯	大乘論
2-3658	1163-008磨08	31	磨08	大乘阿毘達磨雜集論十六卷（08）	唐玄奘譯	大乘論
2-3659	1163-009磨09	25	磨09	大乘阿毘達磨雜集論十六卷（09）	唐玄奘譯	大乘論
2-3660	1163-010磨10	27	磨10	大乘阿毘達磨雜集論十六卷（10）	唐玄奘譯	大乘論
2-3661	1163-011箴01	34	箴01	大乘阿毘達磨雜集論十六卷（11）	唐玄奘譯	大乘論
2-3662	1163-012箴02	28	箴02	大乘阿毘達磨雜集論十六卷（12）	唐玄奘譯	大乘論
2-3663	1163-013箴03	37	箴03	大乘阿毘達磨雜集論十六卷（13）	唐玄奘譯	大乘論
2-3664	1163-014箴04	36	箴04	大乘阿毘達磨雜集論十六卷（14）	唐玄奘譯	大乘論
2-3665	1163-015箴05	26	箴05	大乘阿毘達磨雜集論十六卷（15）	唐玄奘譯	大乘論
2-3666	1163-016箴06	29	箴06	大乘阿毘達磨雜集論十六卷（16）	唐玄奘譯	大乘論
2-3667	1164-001箴07	42	箴07	中論四卷（01）	姚秦鳩摩羅什譯	大乘論
2-3668	1164-002箴08	57	箴08	中論四卷（02）	姚秦鳩摩羅什譯	大乘論
2-3669	1164-003箴09	57	箴09	中論四卷（03）	姚秦鳩摩羅什譯	大乘論
2-3670	1164-004箴10	53	箴10	中論四卷（04）	姚秦鳩摩羅什譯	大乘論
2-3671	1165-001規01	0	規01	十住毘婆沙論十五卷（01）	姚秦鳩摩羅什譯	大乘論
2-3672	1165-002規02	31	規02	十住毘婆沙論十五卷（02）	姚秦鳩摩羅什譯	大乘論
2-3673	1165-003規03	0	規03	十住毘婆沙論十五卷（03）	姚秦鳩摩羅什譯	大乘論
2-3674	1165-004規04	36	規04	十住毘婆沙論十五卷（04）	姚秦鳩摩羅什譯	大乘論
2-3675	1165-005規05	39	規05	十住毘婆沙論十五卷（05）	姚秦鳩摩羅什譯	大乘論
2-3676	1165-006規06	32	規06	十住毘婆沙論十五卷（06）	姚秦鳩摩羅什譯	大乘論
2-3677	1165-007規07	38	規07	十住毘婆沙論十五卷（07）	姚秦鳩摩羅什譯	大乘論
2-3678	1165-008規08	0	規08	十住毘婆沙論十五卷（08）	姚秦鳩摩羅什譯	大乘論
2-3679	1165-009規09	42	規09	十住毘婆沙論十五卷（09）	姚秦鳩摩羅什譯	大乘論
2-3680	1165-010規10	38	規10	十住毘婆沙論十五卷（10）	姚秦鳩摩羅什譯	大乘論
2-3681	1165-011仁01	35	仁01	十住毘婆沙論十五卷（11）	姚秦鳩摩羅什譯	大乘論
2-3682	1165-012仁02	42	仁02	十住毘婆沙論十五卷（12）	姚秦鳩摩羅什譯	大乘論
2-3683	1165-013仁03	44	仁03	十住毘婆沙論十五卷（13）	姚秦鳩摩羅什譯	大乘論
2-3684	1165-014仁04	0	仁04	十住毘婆沙論十五卷（14）	姚秦鳩摩羅什譯	大乘論
2-3685	1165-015仁05	0	仁05	十住毘婆沙論十五卷（15）	姚秦鳩摩羅什譯	大乘論
2-3686	1166-001仁06	26	仁06	菩提資糧論六卷（01）	隋達摩笈多譯	大乘論
2-3687	1166-002仁07	25	仁07	菩提資糧論六卷（02）	隋達摩笈多譯	大乘論
2-3688	1166-003仁08	23	仁08	菩提資糧論六卷（03）	隋達摩笈多譯	大乘論
2-3689	1166-004仁09	28	仁09	菩提資糧論六卷（04）	隋達摩笈多譯	大乘論
2-3690	1166-005仁10	47	仁10	菩提資糧論六卷（05-06）	隋達摩笈多譯	大乘論
2-3691	1167-001慈01	0	慈01	大莊嚴經論十五卷（01）	姚秦鳩摩羅什譯	大乘論
2-3692	1167-002慈02	30	慈02	大莊嚴經論十五卷（02）	姚秦鳩摩羅什譯	大乘論
2-3693	1167-003慈03	32	慈03	大莊嚴經論十五卷（03）	姚秦鳩摩羅什譯	大乘論
2-3694	1167-004慈04	27	慈04	大莊嚴經論十五卷（04）	姚秦鳩摩羅什譯	大乘論
2-3695	1167-005慈05	33	慈05	大莊嚴經論十五卷（05）	姚秦鳩摩羅什譯	大乘論
2-3696	1167-006慈06	0	慈06	大莊嚴經論十五卷（06）	姚秦鳩摩羅什譯	大乘論
2-3697	1167-007慈07	0	慈07	大莊嚴經論十五卷（07）	姚秦鳩摩羅什譯	大乘論
2-3698	1167-008慈08	0	慈08	大莊嚴經論十五卷（08）	姚秦鳩摩羅什譯	大乘論
2-3699	1167-009慈09	0	慈09	大莊嚴經論十五卷（09）	姚秦鳩摩羅什譯	大乘論
2-3700	1167-010慈10	33	慈10	大莊嚴經論十五卷（10）	姚秦鳩摩羅什譯	大乘論
2-3701	1167-011隱01	0	隱01	大莊嚴經論十五卷（11）	姚秦鳩摩羅什譯	大乘論
2-3702	1167-012隱02	28	隱02	大莊嚴經論十五卷（12）	姚秦鳩摩羅什譯	大乘論
2-3703	1167-013隱03	34	隱03	大莊嚴經論十五卷（13）	姚秦鳩摩羅什譯	大乘論
2-3704	1167-014隱04	33	隱04	大莊嚴經論十五卷（14）	姚秦鳩摩羅什譯	大乘論
2-3705	1167-015隱05	46	隱05	大莊嚴經論十五卷（15）	姚秦鳩摩羅什譯	大乘論
2-3706	1168-001隱06	42	隱06	攝大乘論三卷（01）	陳真諦譯	大乘論
2-3707	1168-002隱07	39	隱07	攝大乘論三卷（02）	陳真諦譯	大乘論
2-3708	1168-003隱08	40	隱08	攝大乘論三卷（03）	陳真諦譯	大乘論
2-3709	1169-001隱09	45	隱09	攝大乘論二卷（01）	佛陀扇多	大乘論
2-3710	1169-002隱10	44	隱10	攝大乘論二卷（02）	佛陀扇多	大乘論
2-3711	1170-001惻01	33	惻01	般若燈論十五卷（01）	唐波羅頗迦羅蜜多羅譯	大乘論
2-3712	1170-002惻02	25	惻02	般若燈論十五卷（02）	唐波羅頗迦羅蜜多羅譯	大乘論
2-3713	1170-003惻03	37	惻03	般若燈論十五卷（03）	唐波羅頗迦羅蜜多羅譯	大乘論
2-3714	1170-004惻04	44	惻04	般若燈論十五卷（04）	唐波羅頗迦羅蜜多羅譯	大乘論
2-3715	1170-005惻05	41	惻05	般若燈論十五卷（05）	唐波羅頗迦羅蜜多羅譯	大乘論
2-3716	1170-006惻06	28	惻06	般若燈論十五卷（06）	唐波羅頗迦羅蜜多羅譯	大乘論
2-3717	1170-007惻07	27	惻07	般若燈論十五卷（07）	唐波羅頗迦羅蜜多羅譯	大乘論
2-3718	1170-008惻08	31	惻08	般若燈論十五卷（08）	唐波羅頗迦羅蜜多羅譯	大乘論
2-3719	1170-009惻09	35	惻09	般若燈論十五卷（09）	唐波羅頗迦羅蜜多羅譯	大乘論
2-3720	1170-010惻10	30	惻10	般若燈論十五卷（10）	唐波羅頗迦羅蜜多羅譯	大乘論
2-3721	1170-011造01	42	造01	般若燈論十五卷（11）	唐波羅頗迦羅蜜多羅譯	大乘論
2-3722	1170-012造02	36	造02	般若燈論十五卷（12）	唐波羅頗迦羅蜜多羅譯	大乘論
2-3723	1170-013造03	28	造03	般若燈論十五卷（13）	唐波羅頗迦羅蜜多羅譯	大乘論
2-3724	1170-014造04	0	造04	般若燈論十五卷（14）	唐波羅頗迦羅蜜多羅譯	大乘論
2-3725	1170-015造05	48	造05	般若燈論十五卷（15）	唐波羅頗迦羅蜜多羅譯	大乘論
2-3726	1171-001造06	50	造06	十二門論一卷	姚秦鳩摩羅什譯	大乘論
2-3727	1172-001造07	38	造07	十八空論一卷	陳真諦譯	大乘論
2-3728	1173-001造08	0	造08	百論二卷（01）	姚秦鳩摩羅什譯	大乘論
2-3729	1173-002造09	38	造09	百論二卷（02）	姚秦鳩摩羅什譯	大乘論
2-3730	1174-001造10	23	造10	廣百論本一卷	唐玄奘譯	大乘論
2-3731	1175-001次01	0	次01	大乘莊嚴經論十三卷（01）	唐波羅頗迦羅蜜多羅譯	大乘論
2-3732	1175-002次02	39	次02	大乘莊嚴經論十三卷（02）	唐波羅頗迦羅蜜多羅譯	大乘論
2-3733	1175-003次03	39	次03	大乘莊嚴經論十三卷（03）	唐波羅頗迦羅蜜多羅譯	大乘論
2-3734	1175-004次04	31	次04	大乘莊嚴經論十三卷（04）	唐波羅頗迦羅蜜多羅譯	大乘論
2-3735	1175-005次05	33	次05	大乘莊嚴經論十三卷（05）	唐波羅頗迦羅蜜多羅譯	大乘論
2-3736	1175-006次06	32	次06	大乘莊嚴經論十三卷（06）	唐波羅頗迦羅蜜多羅譯	大乘論
2-3737	1175-007次07	34	次07	大乘莊嚴經論十三卷（07）	唐波羅頗迦羅蜜多羅譯	大乘論
2-3738	1175-008次08	31	次08	大乘莊嚴經論十三卷（08）	唐波羅頗迦羅蜜多羅譯	大乘論
2-3739	1175-009次09	35	次09	大乘莊嚴經論十三卷（09）	唐波羅頗迦羅蜜多羅譯	大乘論
2-3740	1175-010次10	24	次10	大乘莊嚴經論十三卷（10）	唐波羅頗迦羅蜜多羅譯	大乘論
2-3741	1175-011弗01	35	弗01	大乘莊嚴經論十三卷（11）	唐波羅頗迦羅蜜多羅譯	大乘論
2-3742	1175-012弗02	41	弗02	大乘莊嚴經論十三卷（12）	唐波羅頗迦羅蜜多羅譯	大乘論
2-3743	1175-013弗03	31	弗03	大乘莊嚴經論十三卷（13）	唐波羅頗迦羅蜜多羅譯	大乘論
2-3744	1176-001弗04	0	弗04	文殊師利菩薩問菩提經論二卷（01）	元魏菩提留支譯	大乘論
2-3745	1176-002弗05	0	弗05	文殊師利菩薩問菩提經論二卷（02）	元魏菩提留支譯	大乘論
2-3746	1177-001弗06	33	弗06	金剛般若波羅蜜經破取著不壞假名論二卷（01）	唐地婆訶羅譯	大乘論
2-3747	1177-002弗07	32	弗07	金剛般若波羅蜜經破取著不壞假名論二卷（02）	唐地婆訶羅譯	大乘論
2-3748	1178-001弗08	39	弗08	勝思惟梵天所問經論三卷（01）	元魏菩提留支譯	大乘論
2-3749	1178-002弗09	0	弗09	勝思惟梵天所問經論三卷（02）	元魏菩提留支譯	大乘論
2-3750	1178-003弗10	37	弗10	勝思惟梵天所問經論三卷（03）	元魏菩提留支譯	大乘論
2-3751	1179-001離01	47	離01	十地經論十二卷（01）	元魏菩提留支譯	大乘論
2-3752	1179-002離02	43	離02	十地經論十二卷（02）	元魏菩提留支譯	大乘論
2-3753	1179-003離03	43	離03	十地經論十二卷（03）	元魏菩提留支譯	大乘論
2-3754	1179-004離04	46	離04	十地經論十二卷（04）	元魏菩提留支譯	大乘論
2-3755	1179-005離05	37	離05	十地經論十二卷（05）	元魏菩提留支譯	大乘論
2-3756	1179-006離06	23	離06	十地經論十二卷（06）	元魏菩提留支譯	大乘論
2-3757	1179-007離07	29	離07	十地經論十二卷（07）	元魏菩提留支譯	大乘論
2-3758	1179-008離08	36	離08	十地經論十二卷（08）	元魏菩提留支譯	大乘論
2-3759	1179-009離09	33	離09	十地經論十二卷（09）	元魏菩提留支譯	大乘論
2-3760	1179-010離10	44	離10	十地經論十二卷（10）	元魏菩提留支譯	大乘論
2-3761	1179-011節01	0	節01	十地經論十二卷（11）	元魏菩提留支譯	大乘論
2-3762	1179-012節02	57	節02	十地經論十二卷（12）	元魏菩提留支譯	大乘論
2-3763	1180-001節03	30	節03	佛地經論七卷（01）	唐玄奘譯	大乘論
2-3764	1180-002節04	0	節04	佛地經論七卷（02）	唐玄奘譯	大乘論
2-3765	1180-003節05	33	節05	佛地經論七卷（03）	唐玄奘譯	大乘論
2-3766	1180-004節06	33	節06	佛地經論七卷（04）	唐玄奘譯	大乘論
2-3767	1180-005節07	31	節07	佛地經論七卷（05）	唐玄奘譯	大乘論
2-3768	1180-006節08	37	節08	佛地經論七卷（06）	唐玄奘譯	大乘論
2-3769	1180-007節09	35	節09	佛地經論七卷（07）	唐玄奘譯	大乘論
2-3770	1181-001節10	38	節10	三具足經優波提舍一卷	元魏毘目智仙等譯	大乘論
2-3771	1182-001義01	0	義01	成唯識論十卷（01）	唐玄奘譯	大乘論
2-3772	1182-002義02	34	義02	成唯識論十卷（02）	唐玄奘譯	大乘論
2-3773	1182-003義03	35	義03	成唯識論十卷（03）	唐玄奘譯	大乘論
2-3774	1182-004義04	36	義04	成唯識論十卷（04）	唐玄奘譯	大乘論
2-3775	1182-005義05	36	義05	成唯識論十卷（05）	唐玄奘譯	大乘論
2-3776	1182-006義06	36	義06	成唯識論十卷（06）	唐玄奘譯	大乘論
2-3777	1182-007義07	34	義07	成唯識論十卷（07）	唐玄奘譯	大乘論
2-3778	1182-008義08	38	義08	成唯識論十卷（08）	唐玄奘譯	大乘論
2-3779	1182-009義09	0	義09	成唯識論十卷（09）	唐玄奘譯	大乘論
2-3780	1182-010義10	26	義10	成唯識論十卷（10）	唐玄奘譯	大乘論
2-3781	1183-001廉01	0	廉01	廣百論釋論十卷（01）	唐玄奘譯	大乘論
2-3782	1183-002廉02	0	廉02	廣百論釋論十卷（02）	唐玄奘譯	大乘論
2-3783	1183-003廉03	0	廉03	廣百論釋論十卷（03）	唐玄奘譯	大乘論
2-3784	1183-004廉04	0	廉04	廣百論釋論十卷（04）	唐玄奘譯	大乘論
2-3785	1183-005廉05	0	廉05	廣百論釋論十卷（05）	唐玄奘譯	大乘論
2-3786	1183-006廉06	0	廉06	廣百論釋論十卷（06）	唐玄奘譯	大乘論
2-3787	1183-007廉07	0	廉07	廣百論釋論十卷（07）	唐玄奘譯	大乘論
2-3788	1183-008廉08	0	廉08	廣百論釋論十卷（08）	唐玄奘譯	大乘論
2-3789	1183-009廉09	0	廉09	廣百論釋論十卷（09）	唐玄奘譯	大乘論
2-3790	1183-010廉10	0	廉10	廣百論釋論十卷（10）	唐玄奘譯	大乘論
2-3791	1184-001退01	28	退01	大乘阿毘達磨集論七卷（01）	唐玄奘譯	大乘論
2-3792	1184-002退02	28	退02	大乘阿毘達磨集論七卷（02）	唐玄奘譯	大乘論
2-3793	1184-003退03	29	退03	大乘阿毘達磨集論七卷（03）	唐玄奘譯	大乘論
2-3794	1184-004退04	33	退04	大乘阿毘達磨集論七卷（04）	唐玄奘譯	大乘論
2-3795	1184-005退05	27	退05	大乘阿毘達磨集論七卷（05）	唐玄奘譯	大乘論
2-3796	1184-006退06	25	退06	大乘阿毘達磨集論七卷（06）	唐玄奘譯	大乘論
2-3797	1184-007退07	25	退07	大乘阿毘達磨集論七卷（07）	唐玄奘譯	大乘論
2-3798	1185-001退08	31	退08	王法正理論一卷	唐玄奘譯	大乘論
2-3799	1186-001退09	32	退09	瑜伽師地論釋一卷	唐玄奘譯	大乘論
2-3800	1187-001退10	27	退10	顯揚聖教論頌一卷	唐玄奘譯	大乘論
2-3801	1188-001顛01	0	顛01	彌勒菩薩所問經論七卷（01）	元魏菩提留支譯	大乘論
2-3802	1188-002顛02	0	顛02	彌勒菩薩所問經論七卷（02）	元魏菩提留支譯	大乘論
2-3803	1188-003顛03	30	顛03	彌勒菩薩所問經論七卷（03）	元魏菩提留支譯	大乘論
2-3804	1188-004顛04	42	顛04	彌勒菩薩所問經論七卷（04）	元魏菩提留支譯	大乘論
2-3805	1188-005顛05	37	顛05	彌勒菩薩所問經論七卷（05）	元魏菩提留支譯	大乘論
2-3806	1188-006顛06	39	顛06	彌勒菩薩所問經論七卷（06）	元魏菩提留支譯	大乘論
2-3807	1188-007顛07	0	顛07	彌勒菩薩所問經論七卷（07）	元魏菩提留支譯	大乘論
2-3808	1189-001顛08	34	顛08	①無量壽經優波提舍一卷②轉法輪經優波提舍一卷	①元魏菩提留支譯②東魏毘目智仙等譯	大乘論
2-3809	1190-001顛09	0	顛09	①大般涅槃經論一卷②涅槃經本有今無偈論一卷③能斷金剛般若波羅蜜多經論頌一卷	①東魏達磨菩提譯②陳真諦譯③唐義淨譯	大乘論
2-3810	1191-001顛10	0	顛10	遺教經論一卷	陳真諦譯	大乘論
2-3811	1192-001沛01	28	沛01	成唯識寶生論四卷（01）	唐義淨譯	大乘論
2-3812	1192-002沛02	25	沛02	成唯識寶生論四卷（02）	唐義淨譯	大乘論
2-3813	1192-003沛03	27	沛03	成唯識寶生論四卷（03）	唐義淨譯	大乘論
2-3814	1192-004沛04	43	沛04	成唯識寶生論四卷（04）	唐義淨譯	大乘論
2-3815	1193-001沛05	29	沛05	①十二因緣論一卷②壹輸盧迦論一卷③大乘百法明門論一卷④轉識論一卷	①元魏菩提流支譯②東魏般若流支譯③唐玄奘譯④陳真諦譯	大乘論
2-3816	1194-001沛06	45	沛06	①唯識三十論一卷②因明入正理論一卷③顯識論一卷	①唐玄奘譯②唐玄奘譯③陳真諦譯	大乘論
2-3817	1195-001沛07	28	沛07	發菩提心論二卷（01）	姚秦鳩摩羅什譯	大乘論
2-3818	1195-002沛08	27	沛08	發菩提心論二卷（02）	姚秦鳩摩羅什譯	大乘論
2-3819	1196-001沛09	36	沛09	三無性論二卷（01）	陳真諦譯	大乘論
2-3820	1196-002沛10	33	沛10	三無性論二卷（02）	陳真諦譯	大乘論
2-3821	1197-001匪01	45	匪01	佛性論四卷（01）	陳真諦譯	大乘論
2-3822	1197-002匪02	41	匪02	佛性論四卷（02）	陳真諦譯	大乘論
2-3823	1197-003匪03	0	匪03	佛性論四卷（03）	陳真諦譯	大乘論
2-3824	1197-004匪04	39	匪04	佛性論四卷（04）	陳真諦譯	大乘論
2-3825	1198-001匪05	32	匪05	大乘成業論一卷	唐玄奘譯	大乘論
2-3826	1199-001匪06	25	匪06	業成就論一卷	東魏毘目智仙譯	大乘論
2-3827	1200-001匪07	32	匪07	因明正理門論一卷	唐義淨譯	大乘論
2-3828	1201-001匪08	30	匪08	因明正理門論本一卷	唐玄奘譯	大乘論
2-3829	1202-001匪09	46	匪09	①止觀門論頌一卷②手杖論一卷③緣生論一卷	①唐義淨譯②唐義淨譯③隋達摩笈多譯	大乘論
2-3830	1203-001匪10	0	匪10	①取因假設論一卷②觀總相論頌一卷③六門教授習定論一卷	唐義淨譯	大乘論
2-3831	1204-001虧01	42	虧01	能斷金剛般若波羅蜜多經論釋二卷（01）	唐義淨譯	大乘論
2-3832	1205-001虧02	25	虧02	①能斷金剛般若波羅蜜多經論釋二卷（02）②略明般若末後一頌讃述一卷	①唐義淨譯②唐義淨術	大乘論
2-3833	1206-001虧03	0	虧03	妙法蓮華經優波提舍二卷（01）	元魏菩提留支共曇林等譯	大乘論
2-3834	1206-002虧04	30	虧04	妙法蓮華經優波提舍二卷（02）	元魏菩提留支共曇林等譯	大乘論
2-3835	1207-001虧05	28	虧05	妙法蓮華經論優波提舍二卷（01）	元魏勒那摩提共僧朗譯	大乘論
2-3836	1207-002虧06	30	虧06	妙法蓮華經論優波提舍二卷（02）	元魏勒那摩提共僧朗譯	大乘論
2-3837	1208-001虧07	0	虧07	大寶積經論四卷（01）	元魏菩提留支譯	大乘論
2-3838	1208-002虧08	39	虧08	大寶積經論四卷（02）	元魏菩提留支譯	大乘論
2-3839	1208-003虧09	38	虧09	大寶積經論四卷（03）	元魏菩提留支譯	大乘論
2-3840	1208-004虧10	40	虧10	大寶積經論四卷（04）	元魏菩提留支譯	大乘論
2-3841	1209-001性01	37	性01	決定藏論三卷（01）	梁真諦譯	大乘論
2-3842	1209-002性02	33	性02	決定藏論三卷（02）	梁真諦譯	大乘論
2-3843	1209-003性03	41	性03	決定藏論三卷（03）	梁真諦譯	大乘論
2-3844	1210-001性04	36	性04	究竟一乘寶性論五卷（01）	元魏勒那摩提譯	大乘論
2-3845	1210-002性05	43	性05	究竟一乘寶性論五卷（02）	元魏勒那摩提譯	大乘論
2-3846	1210-003性06	34	性06	究竟一乘寶性論五卷（03）	元魏勒那摩提譯	大乘論
2-3847	1210-004性07	41	性07	究竟一乘寶性論五卷（04）	元魏勒那摩提譯	大乘論
2-3848	1210-005性08	38	性08	究竟一乘寶性論五卷（05）	元魏勒那摩提譯	大乘論
2-3849	1211-001性09	33	性09	大乘掌珍論二卷（01）	唐玄奘譯	大乘論
2-3850	1211-002性10	30	性10	大乘掌珍論二卷（02）	唐玄奘譯	大乘論
2-3851	1212-001靜01	43	靜01	大乘楞伽經唯識論一卷	元魏菩提流支譯	大乘論
2-3852	1213-001靜02	40	靜02	①大乘唯識論一卷②唯識二十論一卷	①陳真諦譯②唐玄奘譯	大乘論
2-3853	1214-001靜03	35	靜03	寶髻經四法優波提舍一卷	東魏毘目智仙等譯	大乘論
2-3854	1215-001靜04	34	靜04	大丈夫論二卷（01）	北涼道泰譯	大乘論
2-3855	1215-002靜05	40	靜05	大丈夫論二卷（02）	北涼道泰譯	大乘論
2-3856	1216-001靜06	42	靜06	入大乘論二卷（01）	北涼道泰譯	大乘論
2-3857	1216-002靜07	27	靜07	入大乘論二卷（02）	北涼道泰譯	大乘論
2-3858	1217-001靜08	29	靜08	辯中邊論三卷（01）	唐玄奘譯	大乘論
2-3859	1217-002靜09	38	靜09	辯中邊論三卷（02）	唐玄奘譯	大乘論
2-3860	1218-001靜10	0	靜10	①辯中邊論三卷（03）②辯中邊論頌一卷	唐玄奘譯	大乘論
2-3861	1219-001情01	32	情01	順中論二卷（01）	元魏般若流支譯	大乘論
2-3862	1219-002情02	34	情02	順中論二卷（02）	元魏般若流支譯	大乘論
2-3863	1220-001情03	31	情03	攝大乘論本三卷（01）	唐玄奘譯	大乘論
2-3864	1220-002情04	45	情04	攝大乘論本三卷（02）	唐玄奘譯	大乘論
2-3865	1220-003情05	37	情05	攝大乘論本三卷（03）	唐玄奘譯	大乘論
2-3866	1221-001情06	42	情06	中邊分別論二卷（01）	陳真諦譯	大乘論
2-3867	1221-002情07	37	情07	中邊分別論二卷（02）	陳真諦譯	大乘論
2-3868	1222-001情08	26	情08	大乘起信論三卷（01）	唐實叉難陀、梁真諦二譯	大乘論
2-3869	1222-002情09	23	情09	大乘起信論三卷（02）	唐實叉難陀、梁真諦二譯	大乘論
2-3870	1222-003情10	0	情10	大乘起信論三卷（03）	唐實叉難陀、梁真諦二譯	大乘論
2-3871	1223-001逸01	58	逸01	迴諍論一卷	東魏毘目智仙等譯	大乘論
2-3872	1224-001逸02	45	逸02	如實論一卷	陳真諦譯	大乘論
2-3873	1225-001逸03	50	逸03	寶行王正論一卷	陳真諦譯	大乘論
2-3874	1226-001逸04	26	逸04	①百字論一卷②解拳論一卷③掌中論一卷	①元魏菩提流支譯②陳真諦譯③唐義淨譯	大乘論
2-3875	1227-001逸05	0	逸05	方便心論一卷	元魏吉迦夜共曇曜譯	大乘論
2-3876	1228-001逸06	33	逸06	①大乘法界無差別論一卷②提婆菩薩破楞伽經中外道小乘四宗論一卷③提婆菩薩釋楞伽經中外道小乘涅槃論一卷	①唐提雲般若等譯②元魏菩提流支譯③元魏菩提流支譯	大乘論
2-3877	1229-001逸07	50	逸07	四諦論四卷（01）	陳真諦譯	小乘論
2-3878	1229-002逸08	0	逸08	四諦論四卷（02-03）	陳真諦譯	小乘論
2-3879	1239-003逸09	0	逸09	四諦論四卷（04）	陳真諦譯	小乘論
2-3880	1240-001逸10	0	逸10	辟支佛因緣論一卷	失譯人名附秦錄	小乘論
2-3881	1241-001心01	24	心01	阿毘達磨大毘婆沙論二百卷（001）	唐玄奘譯	小乘論
2-3882	1241-002心02	31	心02	阿毘達磨大毘婆沙論二百卷（002）	唐玄奘譯	小乘論
2-3883	1241-003心03	30	心03	阿毘達磨大毘婆沙論二百卷（003）	唐玄奘譯	小乘論
2-3884	1241-004心04	29	心04	阿毘達磨大毘婆沙論二百卷（004）	唐玄奘譯	小乘論
2-3885	1241-005心05	30	心05	阿毘達磨大毘婆沙論二百卷（005）	唐玄奘譯	小乘論
2-3886	1241-006心06	30	心06	阿毘達磨大毘婆沙論二百卷（006）	唐玄奘譯	小乘論
2-3887	1241-007心07	31	心07	阿毘達磨大毘婆沙論二百卷（007）	唐玄奘譯	小乘論
2-3888	1241-008心08	29	心08	阿毘達磨大毘婆沙論二百卷（008）	唐玄奘譯	小乘論
2-3889	1241-009心09	30	心09	阿毘達磨大毘婆沙論二百卷（009）	唐玄奘譯	小乘論
2-3890	1241-010心10	31	心10	阿毘達磨大毘婆沙論二百卷（010）	唐玄奘譯	小乘論
2-3891	1241-011動01	31	動01	阿毘達磨大毘婆沙論二百卷（011）	唐玄奘譯	小乘論
2-3892	1241-012動02	34	動02	阿毘達磨大毘婆沙論二百卷（012）	唐玄奘譯	小乘論
2-3893	1241-013動03	30	動03	阿毘達磨大毘婆沙論二百卷（013）	唐玄奘譯	小乘論
2-3894	1241-014動04	30	動04	阿毘達磨大毘婆沙論二百卷（014）	唐玄奘譯	小乘論
2-3895	1241-015動05	31	動05	阿毘達磨大毘婆沙論二百卷（015）	唐玄奘譯	小乘論
2-3896	1241-016動06	32	動06	阿毘達磨大毘婆沙論二百卷（016）	唐玄奘譯	小乘論
2-3897	1241-017動07	30	動07	阿毘達磨大毘婆沙論二百卷（017）	唐玄奘譯	小乘論
2-3898	1241-018動08	32	動08	阿毘達磨大毘婆沙論二百卷（018）	唐玄奘譯	小乘論
2-3899	1241-019動09	32	動09	阿毘達磨大毘婆沙論二百卷（019）	唐玄奘譯	小乘論
2-3900	1241-020動10	0	動10	阿毘達磨大毘婆沙論二百卷（020）	唐玄奘譯	小乘論
2-3901	1241-021神01	34	神01	阿毘達磨大毘婆沙論二百卷（021）	唐玄奘譯	小乘論
2-3902	1241-022神02	32	神02	阿毘達磨大毘婆沙論二百卷（022）	唐玄奘譯	小乘論
2-3903	1241-023神03	32	神03	阿毘達磨大毘婆沙論二百卷（023）	唐玄奘譯	小乘論
2-3904	1241-024神04	32	神04	阿毘達磨大毘婆沙論二百卷（024）	唐玄奘譯	小乘論
2-3905	1241-025神05	31	神05	阿毘達磨大毘婆沙論二百卷（025）	唐玄奘譯	小乘論
2-3906	1241-026神06	31	神06	阿毘達磨大毘婆沙論二百卷（026）	唐玄奘譯	小乘論
2-3907	1241-027神07	32	神07	阿毘達磨大毘婆沙論二百卷（027）	唐玄奘譯	小乘論
2-3908	1241-028神08	32	神08	阿毘達磨大毘婆沙論二百卷（028）	唐玄奘譯	小乘論
2-3909	1241-029神09	32	神09	阿毘達磨大毘婆沙論二百卷（029）	唐玄奘譯	小乘論
2-3910	1241-030神10	32	神10	阿毘達磨大毘婆沙論二百卷（030）	唐玄奘譯	小乘論
2-3911	1241-031疲01	31	疲01	阿毘達磨大毘婆沙論二百卷（031）	唐玄奘譯	小乘論
2-3912	1241-032疲02	0	疲02	阿毘達磨大毘婆沙論二百卷（032）	唐玄奘譯	小乘論
2-3913	1241-033疲03	0	疲03	阿毘達磨大毘婆沙論二百卷（033）	唐玄奘譯	小乘論
2-3914	1241-034疲04	31	疲04	阿毘達磨大毘婆沙論二百卷（034）	唐玄奘譯	小乘論
2-3915	1241-035疲05	0	疲05	阿毘達磨大毘婆沙論二百卷（035）	唐玄奘譯	小乘論
2-3916	1241-036疲06	30	疲06	阿毘達磨大毘婆沙論二百卷（036）	唐玄奘譯	小乘論
2-3917	1241-037疲07	0	疲07	阿毘達磨大毘婆沙論二百卷（037）	唐玄奘譯	小乘論
2-3918	1241-038疲08	31	疲08	阿毘達磨大毘婆沙論二百卷（038）	唐玄奘譯	小乘論
2-3919	1241-039疲09	0	疲09	阿毘達磨大毘婆沙論二百卷（039）	唐玄奘譯	小乘論
2-3920	1241-040疲10	32	疲10	阿毘達磨大毘婆沙論二百卷（040）	唐玄奘譯	小乘論
2-3921	1241-041守01	0	守01	阿毘達磨大毘婆沙論二百卷（041）	唐玄奘譯	小乘論
2-3922	1241-042守02	0	守02	阿毘達磨大毘婆沙論二百卷（042）	唐玄奘譯	小乘論
2-3923	1241-043守03	32	守03	阿毘達磨大毘婆沙論二百卷（043）	唐玄奘譯	小乘論
2-3924	1241-044守04	0	守04	阿毘達磨大毘婆沙論二百卷（044）	唐玄奘譯	小乘論
2-3925	1241-045守05	31	守05	阿毘達磨大毘婆沙論二百卷（045）	唐玄奘譯	小乘論
2-3926	1241-046守06	31	守06	阿毘達磨大毘婆沙論二百卷（046）	唐玄奘譯	小乘論
2-3927	1241-047守07	33	守07	阿毘達磨大毘婆沙論二百卷（047）	唐玄奘譯	小乘論
2-3928	1241-048守08	32	守08	阿毘達磨大毘婆沙論二百卷（048）	唐玄奘譯	小乘論
2-3929	1241-049守09	31	守09	阿毘達磨大毘婆沙論二百卷（049）	唐玄奘譯	小乘論
2-3930	1241-050守10	31	守10	阿毘達磨大毘婆沙論二百卷（050）	唐玄奘譯	小乘論
2-3931	1241-051真01	0	真01	阿毘達磨大毘婆沙論二百卷（051）	唐玄奘譯	小乘論
2-3932	1241-052真02	0	真02	阿毘達磨大毘婆沙論二百卷（052）	唐玄奘譯	小乘論
2-3933	1241-053真03	0	真03	阿毘達磨大毘婆沙論二百卷（053）	唐玄奘譯	小乘論
2-3934	1241-054真04	0	真04	阿毘達磨大毘婆沙論二百卷（054）	唐玄奘譯	小乘論
2-3935	1241-055真05	0	真05	阿毘達磨大毘婆沙論二百卷（055）	唐玄奘譯	小乘論
2-3936	1241-056真06	0	真06	阿毘達磨大毘婆沙論二百卷（056）	唐玄奘譯	小乘論
2-3937	1241-057真07	31	真07	阿毘達磨大毘婆沙論二百卷（057）	唐玄奘譯	小乘論
2-3938	1241-058真08	0	真08	阿毘達磨大毘婆沙論二百卷（058）	唐玄奘譯	小乘論
2-3939	1241-059真09	0	真09	阿毘達磨大毘婆沙論二百卷（059）	唐玄奘譯	小乘論
2-3940	1241-060真10	0	真10	阿毘達磨大毘婆沙論二百卷（060）	唐玄奘譯	小乘論
2-3941	1241-061志01	0	志01	阿毘達磨大毘婆沙論二百卷（061）	唐玄奘譯	小乘論
2-3942	1241-062志02	32	志02	阿毘達磨大毘婆沙論二百卷（062）	唐玄奘譯	小乘論
2-3943	1241-063志03	0	志03	阿毘達磨大毘婆沙論二百卷（063）	唐玄奘譯	小乘論
2-3944	1241-064志04	0	志04	阿毘達磨大毘婆沙論二百卷（064）	唐玄奘譯	小乘論
2-3945	1241-065志05	0	志05	阿毘達磨大毘婆沙論二百卷（065）	唐玄奘譯	小乘論
2-3946	1241-066志06	0	志06	阿毘達磨大毘婆沙論二百卷（066）	唐玄奘譯	小乘論
2-3947	1241-067志07	0	志07	阿毘達磨大毘婆沙論二百卷（067）	唐玄奘譯	小乘論
2-3948	1241-068志08	0	志08	阿毘達磨大毘婆沙論二百卷（068）	唐玄奘譯	小乘論
2-3949	1241-069志09	0	志09	阿毘達磨大毘婆沙論二百卷（069）	唐玄奘譯	小乘論
2-3950	1241-070志10	0	志10	阿毘達磨大毘婆沙論二百卷（070）	唐玄奘譯	小乘論
2-3951	1241-071滿01	0	滿01	阿毘達磨大毘婆沙論二百卷（071）	唐玄奘譯	小乘論
2-3952	1241-072滿02	29	滿02	阿毘達磨大毘婆沙論二百卷（072）	唐玄奘譯	小乘論
2-3953	1241-073滿03	28	滿03	阿毘達磨大毘婆沙論二百卷（073）	唐玄奘譯	小乘論
2-3954	1241-074滿04	29	滿04	阿毘達磨大毘婆沙論二百卷（074）	唐玄奘譯	小乘論
2-3955	1241-075滿05	0	滿05	阿毘達磨大毘婆沙論二百卷（075）	唐玄奘譯	小乘論
2-3956	1241-076滿06	30	滿06	阿毘達磨大毘婆沙論二百卷（076）	唐玄奘譯	小乘論
2-3957	1241-077滿07	29	滿07	阿毘達磨大毘婆沙論二百卷（077）	唐玄奘譯	小乘論
2-3958	1241-078滿08	31	滿08	阿毘達磨大毘婆沙論二百卷（078）	唐玄奘譯	小乘論
2-3959	1241-079滿09	30	滿09	阿毘達磨大毘婆沙論二百卷（079）	唐玄奘譯	小乘論
2-3960	1241-080滿10	31	滿10	阿毘達磨大毘婆沙論二百卷（080）	唐玄奘譯	小乘論
2-3961	1241-081逐01	34	逐01	阿毘達磨大毘婆沙論二百卷（081）	唐玄奘譯	小乘論
2-3962	1241-082逐02	31	逐02	阿毘達磨大毘婆沙論二百卷（082）	唐玄奘譯	小乘論
2-3963	1241-083逐03	32	逐03	阿毘達磨大毘婆沙論二百卷（083）	唐玄奘譯	小乘論
2-3964	1241-084逐04	32	逐04	阿毘達磨大毘婆沙論二百卷（084）	唐玄奘譯	小乘論
2-3965	1241-085逐05	29	逐05	阿毘達磨大毘婆沙論二百卷（085）	唐玄奘譯	小乘論
2-3966	1241-086逐06	32	逐06	阿毘達磨大毘婆沙論二百卷（086）	唐玄奘譯	小乘論
2-3967	1241-087逐07	29	逐07	阿毘達磨大毘婆沙論二百卷（087）	唐玄奘譯	小乘論
2-3968	1241-088逐08	30	逐08	阿毘達磨大毘婆沙論二百卷（088）	唐玄奘譯	小乘論
2-3969	1241-089逐09	33	逐09	阿毘達磨大毘婆沙論二百卷（089）	唐玄奘譯	小乘論
2-3970	1241-090逐10	32	逐10	阿毘達磨大毘婆沙論二百卷（090）	唐玄奘譯	小乘論
2-3971	1241-091物01	35	物01	阿毘達磨大毘婆沙論二百卷（091）	唐玄奘譯	小乘論
2-3972	1241-092物02	33	物02	阿毘達磨大毘婆沙論二百卷（092）	唐玄奘譯	小乘論
2-3973	1241-093物03	31	物03	阿毘達磨大毘婆沙論二百卷（093）	唐玄奘譯	小乘論
2-3974	1241-094物04	32	物04	阿毘達磨大毘婆沙論二百卷（094）	唐玄奘譯	小乘論
2-3975	1241-095物05	30	物05	阿毘達磨大毘婆沙論二百卷（095）	唐玄奘譯	小乘論
2-3976	1241-096物06	32	物06	阿毘達磨大毘婆沙論二百卷（096）	唐玄奘譯	小乘論
2-3977	1241-097物07	32	物07	阿毘達磨大毘婆沙論二百卷（097）	唐玄奘譯	小乘論
2-3978	1241-098物08	31	物08	阿毘達磨大毘婆沙論二百卷（098）	唐玄奘譯	小乘論
2-3979	1241-099物09	32	物09	阿毘達磨大毘婆沙論二百卷（099）	唐玄奘譯	小乘論
2-3980	1241-100物10	32	物10	阿毘達磨大毘婆沙論二百卷（100）	唐玄奘譯	小乘論
2-3981	1241-101意01	33	意01	阿毘達磨大毘婆沙論二百卷（101）	唐玄奘譯	小乘論
2-3982	1241-102意02	31	意02	阿毘達磨大毘婆沙論二百卷（102）	唐玄奘譯	小乘論
2-3983	1241-103意03	32	意03	阿毘達磨大毘婆沙論二百卷（103）	唐玄奘譯	小乘論
2-3984	1241-104意04	31	意04	阿毘達磨大毘婆沙論二百卷（104）	唐玄奘譯	小乘論
2-3985	1241-105意05	0	意05	阿毘達磨大毘婆沙論二百卷（105）	唐玄奘譯	小乘論
2-3986	1241-106意06	12	意06	阿毘達磨大毘婆沙論二百卷（106）	唐玄奘譯	小乘論
2-3987	1241-107意07	31	意07	阿毘達磨大毘婆沙論二百卷（107）	唐玄奘譯	小乘論
2-3988	1241-108意08	31	意08	阿毘達磨大毘婆沙論二百卷（108）	唐玄奘譯	小乘論
2-3989	1241-109意09	32	意09	阿毘達磨大毘婆沙論二百卷（109）	唐玄奘譯	小乘論
2-3990	1241-110意10	34	意10	阿毘達磨大毘婆沙論二百卷（110）	唐玄奘譯	小乘論
2-3991	1241-111移01	0	移01	阿毘達磨大毘婆沙論二百卷（111）	唐玄奘譯	小乘論
2-3992	1241-112移02	0	移02	阿毘達磨大毘婆沙論二百卷（112）	唐玄奘譯	小乘論
2-3993	1241-113移03	0	移03	阿毘達磨大毘婆沙論二百卷（113）	唐玄奘譯	小乘論
2-3994	1241-114移04	0	移04	阿毘達磨大毘婆沙論二百卷（114）	唐玄奘譯	小乘論
2-3995	1241-115移05	0	移05	阿毘達磨大毘婆沙論二百卷（115）	唐玄奘譯	小乘論
2-3996	1241-116移06	0	移06	阿毘達磨大毘婆沙論二百卷（116）	唐玄奘譯	小乘論
2-3997	1241-117移07	0	移07	阿毘達磨大毘婆沙論二百卷（117）	唐玄奘譯	小乘論
2-3998	1241-118移08	0	移08	阿毘達磨大毘婆沙論二百卷（118）	唐玄奘譯	小乘論
2-3999	1241-119移09	0	移09	阿毘達磨大毘婆沙論二百卷（119）	唐玄奘譯	小乘論
2-4000	1241-120移10	0	移10	阿毘達磨大毘婆沙論二百卷（120）	唐玄奘譯	小乘論
2-4001	1241-121堅01	34	堅01	阿毘達磨大毘婆沙論二百卷（121）	唐玄奘譯	小乘論
2-4002	1241-122堅02	35	堅02	阿毘達磨大毘婆沙論二百卷（122）	唐玄奘譯	小乘論
2-4003	1241-123堅03	0	堅03	阿毘達磨大毘婆沙論二百卷（123）	唐玄奘譯	小乘論
2-4004	1241-124堅04	29	堅04	阿毘達磨大毘婆沙論二百卷（124）	唐玄奘譯	小乘論
2-4005	1241-125堅05	31	堅05	阿毘達磨大毘婆沙論二百卷（125）	唐玄奘譯	小乘論
2-4006	1241-126堅06	34	堅06	阿毘達磨大毘婆沙論二百卷（126）	唐玄奘譯	小乘論
2-4007	1241-127堅07	26	堅07	阿毘達磨大毘婆沙論二百卷（127）	唐玄奘譯	小乘論
2-4008	1241-128堅08	27	堅08	阿毘達磨大毘婆沙論二百卷（128）	唐玄奘譯	小乘論
2-4009	1241-129堅09	27	堅09	阿毘達磨大毘婆沙論二百卷（129）	唐玄奘譯	小乘論
2-4010	1241-130堅10	26	堅10	阿毘達磨大毘婆沙論二百卷（130）	唐玄奘譯	小乘論
2-4011	1241-131持01	30	持01	阿毘達磨大毘婆沙論二百卷（131）	唐玄奘譯	小乘論
2-4012	1241-132持02	26	持02	阿毘達磨大毘婆沙論二百卷（132）	唐玄奘譯	小乘論
2-4013	1241-133持03	26	持03	阿毘達磨大毘婆沙論二百卷（133）	唐玄奘譯	小乘論
2-4014	1241-134持04	25	持04	阿毘達磨大毘婆沙論二百卷（134）	唐玄奘譯	小乘論
2-4015	1241-135持05	27	持05	阿毘達磨大毘婆沙論二百卷（135）	唐玄奘譯	小乘論
2-4016	1241-136持06	27	持06	阿毘達磨大毘婆沙論二百卷（136）	唐玄奘譯	小乘論
2-4017	1241-137持07	28	持07	阿毘達磨大毘婆沙論二百卷（137）	唐玄奘譯	小乘論
2-4018	1241-138持08	25	持08	阿毘達磨大毘婆沙論二百卷（138）	唐玄奘譯	小乘論
2-4019	1241-139持09	30	持09	阿毘達磨大毘婆沙論二百卷（139）	唐玄奘譯	小乘論
2-4020	1241-140持10	27	持10	阿毘達磨大毘婆沙論二百卷（140）	唐玄奘譯	小乘論
2-4021	1241-141雅01	31	雅01	阿毘達磨大毘婆沙論二百卷（141）	唐玄奘譯	小乘論
2-4022	1241-142雅02	28	雅02	阿毘達磨大毘婆沙論二百卷（142）	唐玄奘譯	小乘論
2-4023	1241-143雅03	28	雅03	阿毘達磨大毘婆沙論二百卷（143）	唐玄奘譯	小乘論
2-4024	1241-144雅04	30	雅04	阿毘達磨大毘婆沙論二百卷（144）	唐玄奘譯	小乘論
2-4025	1241-145雅05	25	雅05	阿毘達磨大毘婆沙論二百卷（145）	唐玄奘譯	小乘論
2-4026	1241-146雅06	27	雅06	阿毘達磨大毘婆沙論二百卷（146）	唐玄奘譯	小乘論
2-4027	1241-147雅07	0	雅07	阿毘達磨大毘婆沙論二百卷（147）	唐玄奘譯	小乘論
2-4028	1241-148雅08	27	雅08	阿毘達磨大毘婆沙論二百卷（148）	唐玄奘譯	小乘論
2-4029	1241-149雅09	0	雅09	阿毘達磨大毘婆沙論二百卷（149）	唐玄奘譯	小乘論
2-4030	1241-150雅10	28	雅10	阿毘達磨大毘婆沙論二百卷（150）	唐玄奘譯	小乘論
2-4031	1241-151操01	28	操01	阿毘達磨大毘婆沙論二百卷（151）	唐玄奘譯	小乘論
2-4032	1241-152操02	27	操02	阿毘達磨大毘婆沙論二百卷（152）	唐玄奘譯	小乘論
2-4033	1241-153操03	27	操03	阿毘達磨大毘婆沙論二百卷（153）	唐玄奘譯	小乘論
2-4034	1241-154操04	28	操04	阿毘達磨大毘婆沙論二百卷（154）	唐玄奘譯	小乘論
2-4035	1241-155操05	26	操05	阿毘達磨大毘婆沙論二百卷（155）	唐玄奘譯	小乘論
2-4036	1241-156操06	30	操06	阿毘達磨大毘婆沙論二百卷（156）	唐玄奘譯	小乘論
2-4037	1241-157操07	28	操07	阿毘達磨大毘婆沙論二百卷（157）	唐玄奘譯	小乘論
2-4038	1241-158操08	29	操08	阿毘達磨大毘婆沙論二百卷（158）	唐玄奘譯	小乘論
2-4039	1241-159操09	28	操09	阿毘達磨大毘婆沙論二百卷（159）	唐玄奘譯	小乘論
2-4040	1241-160操10	29	操10	阿毘達磨大毘婆沙論二百卷（160）	唐玄奘譯	小乘論
2-4041	1241-161好01	26	好01	阿毘達磨大毘婆沙論二百卷（161）	唐玄奘譯	小乘論
2-4042	1241-162好02	27	好02	阿毘達磨大毘婆沙論二百卷（162）	唐玄奘譯	小乘論
2-4043	1241-163好03	25	好03	阿毘達磨大毘婆沙論二百卷（163）	唐玄奘譯	小乘論
2-4044	1241-164好04	28	好04	阿毘達磨大毘婆沙論二百卷（164）	唐玄奘譯	小乘論
2-4045	1241-165好05	27	好05	阿毘達磨大毘婆沙論二百卷（165）	唐玄奘譯	小乘論
2-4046	1241-166好06	28	好06	阿毘達磨大毘婆沙論二百卷（166）	唐玄奘譯	小乘論
2-4047	1241-167好07	26	好07	阿毘達磨大毘婆沙論二百卷（167）	唐玄奘譯	小乘論
2-4048	1241-168好08	29	好08	阿毘達磨大毘婆沙論二百卷（168）	唐玄奘譯	小乘論
2-4049	1241-169好09	27	好09	阿毘達磨大毘婆沙論二百卷（169）	唐玄奘譯	小乘論
2-4050	1241-170好10	29	好10	阿毘達磨大毘婆沙論二百卷（170）	唐玄奘譯	小乘論
2-4051	1241-171爵01	30	爵01	阿毘達磨大毘婆沙論二百卷（171）	唐玄奘譯	小乘論
2-4052	1241-172爵02	30	爵02	阿毘達磨大毘婆沙論二百卷（172）	唐玄奘譯	小乘論
2-4053	1241-173爵03	26	爵03	阿毘達磨大毘婆沙論二百卷（173）	唐玄奘譯	小乘論
2-4054	1241-174爵04	25	爵04	阿毘達磨大毘婆沙論二百卷（174）	唐玄奘譯	小乘論
2-4055	1241-175爵05	27	爵05	阿毘達磨大毘婆沙論二百卷（175）	唐玄奘譯	小乘論
2-4056	1241-176爵06	27	爵06	阿毘達磨大毘婆沙論二百卷（176）	唐玄奘譯	小乘論
2-4057	1241-177爵07	29	爵07	阿毘達磨大毘婆沙論二百卷（177）	唐玄奘譯	小乘論
2-4058	1241-178爵08	27	爵08	阿毘達磨大毘婆沙論二百卷（178）	唐玄奘譯	小乘論
2-4059	1241-179爵09	30	爵09	阿毘達磨大毘婆沙論二百卷（179）	唐玄奘譯	小乘論
2-4060	1241-180爵10	29	爵10	阿毘達磨大毘婆沙論二百卷（180）	唐玄奘譯	小乘論
2-4061	1241-181自01	30	自01	阿毘達磨大毘婆沙論二百卷（181）	唐玄奘譯	小乘論
2-4062	1241-182自02	26	自02	阿毘達磨大毘婆沙論二百卷（182）	唐玄奘譯	小乘論
2-4063	1241-183自03	31	自03	阿毘達磨大毘婆沙論二百卷（183）	唐玄奘譯	小乘論
2-4064	1241-184自04	30	自04	阿毘達磨大毘婆沙論二百卷（184）	唐玄奘譯	小乘論
2-4065	1241-185自05	27	自05	阿毘達磨大毘婆沙論二百卷（185）	唐玄奘譯	小乘論
2-4066	1241-186自06	39	自06	阿毘達磨大毘婆沙論二百卷（186）	唐玄奘譯	小乘論
2-4067	1241-187自07	26	自07	阿毘達磨大毘婆沙論二百卷（187）	唐玄奘譯	小乘論
2-4068	1241-188自08	25	自08	阿毘達磨大毘婆沙論二百卷（188）	唐玄奘譯	小乘論
2-4069	1241-189自09	27	自09	阿毘達磨大毘婆沙論二百卷（189）	唐玄奘譯	小乘論
2-4070	1241-190自10	26	自10	阿毘達磨大毘婆沙論二百卷（190）	唐玄奘譯	小乘論
2-4071	1241-191縻01	31	縻01	阿毘達磨大毘婆沙論二百卷（191）	唐玄奘譯	小乘論
2-4072	1241-192縻02	32	縻02	阿毘達磨大毘婆沙論二百卷（192）	唐玄奘譯	小乘論
2-4073	1241-193縻03	30	縻03	阿毘達磨大毘婆沙論二百卷（193）	唐玄奘譯	小乘論
2-4074	1241-194縻04	28	縻04	阿毘達磨大毘婆沙論二百卷（194）	唐玄奘譯	小乘論
2-4075	1241-195縻05	32	縻05	阿毘達磨大毘婆沙論二百卷（195）	唐玄奘譯	小乘論
2-4076	1241-196縻06	27	縻06	阿毘達磨大毘婆沙論二百卷（196）	唐玄奘譯	小乘論
2-4077	1241-197縻07	28	縻07	阿毘達磨大毘婆沙論二百卷（197）	唐玄奘譯	小乘論
2-4078	1241-198縻08	33	縻08	阿毘達磨大毘婆沙論二百卷（198）	唐玄奘譯	小乘論
2-4079	1241-199縻09	32	縻09	阿毘達磨大毘婆沙論二百卷（199）	唐玄奘譯	小乘論
2-4080	1241-200縻10	33	縻10	阿毘達磨大毘婆沙論二百卷（200）	唐玄奘譯	小乘論
2-4081	1242-001都01	41	都01	阿毘曇毘婆沙論八十二卷（01）	北涼浮陀跋摩、道泰譯	小乘論
2-4082	1242-002都02	31	都02	阿毘曇毘婆沙論八十二卷（02）	北涼浮陀跋摩、道泰譯	小乘論
2-4083	1242-003都03	29	都03	阿毘曇毘婆沙論八十二卷（03）	北涼浮陀跋摩、道泰譯	小乘論
2-4084	1242-004都04	33	都04	阿毘曇毘婆沙論八十二卷（04）	北涼浮陀跋摩、道泰譯	小乘論
2-4085	1242-005都05	32	都05	阿毘曇毘婆沙論八十二卷（05）	北涼浮陀跋摩、道泰譯	小乘論
2-4086	1242-006都06	32	都06	阿毘曇毘婆沙論八十二卷（06）	北涼浮陀跋摩、道泰譯	小乘論
2-4087	1242-007都07	30	都07	阿毘曇毘婆沙論八十二卷（07）	北涼浮陀跋摩、道泰譯	小乘論
2-4088	1242-008都08	32	都08	阿毘曇毘婆沙論八十二卷（08）	北涼浮陀跋摩、道泰譯	小乘論
2-4089	1242-009都09	42	都09	阿毘曇毘婆沙論八十二卷（09）	北涼浮陀跋摩、道泰譯	小乘論
2-4090	1242-010都10	45	都10	阿毘曇毘婆沙論八十二卷（10）	北涼浮陀跋摩、道泰譯	小乘論
2-4091	1242-011邑01	32	邑01	阿毘曇毘婆沙論八十二卷（11）	北涼浮陀跋摩、道泰譯	小乘論
2-4092	1242-012邑02	36	邑02	阿毘曇毘婆沙論八十二卷（12）	北涼浮陀跋摩、道泰譯	小乘論
2-4093	1242-013邑03	46	邑03	阿毘曇毘婆沙論八十二卷（13）	北涼浮陀跋摩、道泰譯	小乘論
2-4094	1242-014邑04	37	邑04	阿毘曇毘婆沙論八十二卷（14）	北涼浮陀跋摩、道泰譯	小乘論
2-4095	1242-015邑05	36	邑05	阿毘曇毘婆沙論八十二卷（15）	北涼浮陀跋摩、道泰譯	小乘論
2-4096	1242-016邑06	34	邑06	阿毘曇毘婆沙論八十二卷（16）	北涼浮陀跋摩、道泰譯	小乘論
2-4097	1242-017邑07	24	邑07	阿毘曇毘婆沙論八十二卷（17）	北涼浮陀跋摩、道泰譯	小乘論
2-4098	1242-018邑08	24	邑08	阿毘曇毘婆沙論八十二卷（18）	北涼浮陀跋摩、道泰譯	小乘論
2-4099	1242-019邑09	30	邑09	阿毘曇毘婆沙論八十二卷（19）	北涼浮陀跋摩、道泰譯	小乘論
2-4100	1242-020邑10	36	邑10	阿毘曇毘婆沙論八十二卷（20）	北涼浮陀跋摩、道泰譯	小乘論
2-4101	1242-021華01	34	華01	阿毘曇毘婆沙論八十二卷（21）	北涼浮陀跋摩、道泰譯	小乘論
2-4102	1242-022華02	0	華02	阿毘曇毘婆沙論八十二卷（22）	北涼浮陀跋摩、道泰譯	小乘論
2-4103	1242-023華03	32	華03	阿毘曇毘婆沙論八十二卷（23）	北涼浮陀跋摩、道泰譯	小乘論
2-4104	1242-024華04	28	華04	阿毘曇毘婆沙論八十二卷（24）	北涼浮陀跋摩、道泰譯	小乘論
2-4105	1242-025華05	30	華05	阿毘曇毘婆沙論八十二卷（25）	北涼浮陀跋摩、道泰譯	小乘論
2-4106	1242-026華06	31	華06	阿毘曇毘婆沙論八十二卷（26）	北涼浮陀跋摩、道泰譯	小乘論
2-4107	1242-027華07	26	華07	阿毘曇毘婆沙論八十二卷（27）	北涼浮陀跋摩、道泰譯	小乘論
2-4108	1242-028華08	30	華08	阿毘曇毘婆沙論八十二卷（28）	北涼浮陀跋摩、道泰譯	小乘論
2-4109	1242-029華09	0	華09	阿毘曇毘婆沙論八十二卷（29）	北涼浮陀跋摩、道泰譯	小乘論
2-4110	1242-030華10	0	華10	阿毘曇毘婆沙論八十二卷（30）	北涼浮陀跋摩、道泰譯	小乘論
2-4111	1242-031夏01	33	夏01	阿毘曇毘婆沙論八十二卷（31）	北涼浮陀跋摩、道泰譯	小乘論
2-4112	1242-032夏02	32	夏02	阿毘曇毘婆沙論八十二卷（32）	北涼浮陀跋摩、道泰譯	小乘論
2-4113	1242-033夏03	32	夏03	阿毘曇毘婆沙論八十二卷（33）	北涼浮陀跋摩、道泰譯	小乘論
2-4114	1242-034夏04	30	夏04	阿毘曇毘婆沙論八十二卷（34）	北涼浮陀跋摩、道泰譯	小乘論
2-4115	1242-035夏05	30	夏05	阿毘曇毘婆沙論八十二卷（35）	北涼浮陀跋摩、道泰譯	小乘論
2-4116	1242-036夏06	37	夏06	阿毘曇毘婆沙論八十二卷（36）	北涼浮陀跋摩、道泰譯	小乘論
2-4117	1242-037夏07	28	夏07	阿毘曇毘婆沙論八十二卷（37）	北涼浮陀跋摩、道泰譯	小乘論
2-4118	1242-038夏08	30	夏08	阿毘曇毘婆沙論八十二卷（38）	北涼浮陀跋摩、道泰譯	小乘論
2-4119	1242-039夏09	29	夏09	阿毘曇毘婆沙論八十二卷（39）	北涼浮陀跋摩、道泰譯	小乘論
2-4120	1242-040夏10	29	夏10	阿毘曇毘婆沙論八十二卷（40）	北涼浮陀跋摩、道泰譯	小乘論
2-4121	1242-041東01	0	東01	阿毘曇毘婆沙論八十二卷（41）	北涼浮陀跋摩、道泰譯	小乘論
2-4122	1242-042東02	0	東02	阿毘曇毘婆沙論八十二卷（42）	北涼浮陀跋摩、道泰譯	小乘論
2-4123	1242-043東03	0	東03	阿毘曇毘婆沙論八十二卷（43）	北涼浮陀跋摩、道泰譯	小乘論
2-4124	1242-044東04	0	東04	阿毘曇毘婆沙論八十二卷（44）	北涼浮陀跋摩、道泰譯	小乘論
2-4125	1242-045東05	0	東05	阿毘曇毘婆沙論八十二卷（45）	北涼浮陀跋摩、道泰譯	小乘論
2-4126	1242-046東06	0	東06	阿毘曇毘婆沙論八十二卷（46）	北涼浮陀跋摩、道泰譯	小乘論
2-4127	1242-047東07	0	東07	阿毘曇毘婆沙論八十二卷（47）	北涼浮陀跋摩、道泰譯	小乘論
2-4128	1242-048東08	0	東08	阿毘曇毘婆沙論八十二卷（48）	北涼浮陀跋摩、道泰譯	小乘論
2-4129	1242-049東09	0	東09	阿毘曇毘婆沙論八十二卷（49）	北涼浮陀跋摩、道泰譯	小乘論
2-4130	1242-050東10	0	東10	阿毘曇毘婆沙論八十二卷（50）	北涼浮陀跋摩、道泰譯	小乘論
2-4131	1242-051西01	0	西01	阿毘曇毘婆沙論八十二卷（51）	北涼浮陀跋摩、道泰譯	小乘論
2-4132	1242-052西02	27	西02	阿毘曇毘婆沙論八十二卷（52）	北涼浮陀跋摩、道泰譯	小乘論
2-4133	1242-053西03	27	西03	阿毘曇毘婆沙論八十二卷（53）	北涼浮陀跋摩、道泰譯	小乘論
2-4134	1242-054西04	34	西04	阿毘曇毘婆沙論八十二卷（54）	北涼浮陀跋摩、道泰譯	小乘論
2-4135	1242-055西05	31	西05	阿毘曇毘婆沙論八十二卷（55）	北涼浮陀跋摩、道泰譯	小乘論
2-4136	1242-056西06	24	西06	阿毘曇毘婆沙論八十二卷（56）	北涼浮陀跋摩、道泰譯	小乘論
2-4137	1242-057西07	27	西07	阿毘曇毘婆沙論八十二卷（57）	北涼浮陀跋摩、道泰譯	小乘論
2-4138	1242-058西08	28	西08	阿毘曇毘婆沙論八十二卷（58）	北涼浮陀跋摩、道泰譯	小乘論
2-4139	1242-059西09	30	西09	阿毘曇毘婆沙論八十二卷（59）	北涼浮陀跋摩、道泰譯	小乘論
2-4140	1242-060西10	31	西10	阿毘曇毘婆沙論八十二卷（60）	北涼浮陀跋摩、道泰譯	小乘論
2-4141	1242-061二01	36	二01	阿毘曇毘婆沙論八十二卷（61）	北涼浮陀跋摩、道泰譯	小乘論
2-4142	1242-062二02	30	二02	阿毘曇毘婆沙論八十二卷（62）	北涼浮陀跋摩、道泰譯	小乘論
2-4143	1242-063二03	0	二03	阿毘曇毘婆沙論八十二卷（63）	北涼浮陀跋摩、道泰譯	小乘論
2-4144	1242-064二04	28	二04	阿毘曇毘婆沙論八十二卷（64）	北涼浮陀跋摩、道泰譯	小乘論
2-4145	1242-065二05	0	二05	阿毘曇毘婆沙論八十二卷（65）	北涼浮陀跋摩、道泰譯	小乘論
2-4146	1242-066二06	29	二06	阿毘曇毘婆沙論八十二卷（66）	北涼浮陀跋摩、道泰譯	小乘論
2-4147	1242-067二07	32	二07	阿毘曇毘婆沙論八十二卷（67）	北涼浮陀跋摩、道泰譯	小乘論
2-4148	1242-068二08	34	二08	阿毘曇毘婆沙論八十二卷（68）	北涼浮陀跋摩、道泰譯	小乘論
2-4149	1242-069二09	0	二09	阿毘曇毘婆沙論八十二卷（69）	北涼浮陀跋摩、道泰譯	小乘論
2-4150	1242-070二10	56	二10	阿毘曇毘婆沙論八十二卷（70-71）	北涼浮陀跋摩、道泰譯	小乘論
2-4151	1242-071京01	0	京01	阿毘曇毘婆沙論八十二卷（72）	北涼浮陀跋摩、道泰譯	小乘論
2-4152	1242-072京02	30	京02	阿毘曇毘婆沙論八十二卷（73）	北涼浮陀跋摩、道泰譯	小乘論
2-4153	1242-073京03	31	京03	阿毘曇毘婆沙論八十二卷（74）	北涼浮陀跋摩、道泰譯	小乘論
2-4154	1242-074京04	31	京04	阿毘曇毘婆沙論八十二卷（75）	北涼浮陀跋摩、道泰譯	小乘論
2-4155	1242-075京05	28	京05	阿毘曇毘婆沙論八十二卷（76）	北涼浮陀跋摩、道泰譯	小乘論
2-4156	1242-076京06	28	京06	阿毘曇毘婆沙論八十二卷（77）	北涼浮陀跋摩、道泰譯	小乘論
2-4157	1242-077京07	53	京07	阿毘曇毘婆沙論八十二卷（78-79）	北涼浮陀跋摩、道泰譯	小乘論
2-4158	1242-078京08	37	京08	阿毘曇毘婆沙論八十二卷（80）	北涼浮陀跋摩、道泰譯	小乘論
2-4159	1242-079京09	44	京09	阿毘曇毘婆沙論八十二卷（81）	北涼浮陀跋摩、道泰譯	小乘論
2-4160	1242-080京10	50	京10	阿毘曇毘婆沙論八十二卷（82）	北涼浮陀跋摩、道泰譯	小乘論
2-4161	1243-001背01	41	背01	阿毘達磨順正理論八十卷（01）	唐玄奘譯	小乘論
2-4162	1243-002背02	41	背02	阿毘達磨順正理論八十卷（02）	唐玄奘譯	小乘論
2-4163	1243-003背03	37	背03	阿毘達磨順正理論八十卷（03）	唐玄奘譯	小乘論
2-4164	1243-004背04	40	背04	阿毘達磨順正理論八十卷（04）	唐玄奘譯	小乘論
2-4165	1243-005背05	37	背05	阿毘達磨順正理論八十卷（05）	唐玄奘譯	小乘論
2-4166	1243-006背06	35	背06	阿毘達磨順正理論八十卷（06）	唐玄奘譯	小乘論
2-4167	1243-007背07	35	背07	阿毘達磨順正理論八十卷（07）	唐玄奘譯	小乘論
2-4168	1243-008背08	35	背08	阿毘達磨順正理論八十卷（08）	唐玄奘譯	小乘論
2-4169	1243-009背09	0	背09	阿毘達磨順正理論八十卷（09）	唐玄奘譯	小乘論
2-4170	1243-010背10	39	背10	阿毘達磨順正理論八十卷（10）	唐玄奘譯	小乘論
2-4171	1243-011邙01	44	邙01	阿毘達磨順正理論八十卷（11）	唐玄奘譯	小乘論
2-4172	1243-012邙02	0	邙02	阿毘達磨順正理論八十卷（12）	唐玄奘譯	小乘論
2-4173	1243-013邙03	42	邙03	阿毘達磨順正理論八十卷（13）	唐玄奘譯	小乘論
2-4174	1243-014邙04	40	邙04	阿毘達磨順正理論八十卷（14）	唐玄奘譯	小乘論
2-4175	1243-015邙05	35	邙05	阿毘達磨順正理論八十卷（15）	唐玄奘譯	小乘論
2-4176	1243-016邙06	0	邙06	阿毘達磨順正理論八十卷（16）	唐玄奘譯	小乘論
2-4177	1243-017邙07	0	邙07	阿毘達磨順正理論八十卷（17）	唐玄奘譯	小乘論
2-4178	1243-018邙08	42	邙08	阿毘達磨順正理論八十卷（18）	唐玄奘譯	小乘論
2-4179	1243-019邙09	43	邙09	阿毘達磨順正理論八十卷（19）	唐玄奘譯	小乘論
2-4180	1243-020邙10	41	邙10	阿毘達磨順正理論八十卷（20）	唐玄奘譯	小乘論
2-4181	1243-021面01	37	面01	阿毘達磨順正理論八十卷（21）	唐玄奘譯	小乘論
2-4182	1243-022面02	39	面02	阿毘達磨順正理論八十卷（22）	唐玄奘譯	小乘論
2-4183	1243-023面03	37	面03	阿毘達磨順正理論八十卷（23）	唐玄奘譯	小乘論
2-4184	1243-024面04	40	面04	阿毘達磨順正理論八十卷（24）	唐玄奘譯	小乘論
2-4185	1243-025面05	32	面05	阿毘達磨順正理論八十卷（25）	唐玄奘譯	小乘論
2-4186	1243-026面06	34	面06	阿毘達磨順正理論八十卷（26）	唐玄奘譯	小乘論
2-4187	1243-027面07	33	面07	阿毘達磨順正理論八十卷（27）	唐玄奘譯	小乘論
2-4188	1243-028面08	37	面08	阿毘達磨順正理論八十卷（28）	唐玄奘譯	小乘論
2-4189	1243-029面09	41	面09	阿毘達磨順正理論八十卷（29）	唐玄奘譯	小乘論
2-4190	1243-030面10	35	面10	阿毘達磨順正理論八十卷（30）	唐玄奘譯	小乘論
2-4191	1243-031洛01	41	洛01	阿毘達磨順正理論八十卷（31）	唐玄奘譯	小乘論
2-4192	1243-032洛02	36	洛02	阿毘達磨順正理論八十卷（32）	唐玄奘譯	小乘論
2-4193	1243-033洛03	0	洛03	阿毘達磨順正理論八十卷（33）	唐玄奘譯	小乘論
2-4194	1243-034洛04	32	洛04	阿毘達磨順正理論八十卷（34）	唐玄奘譯	小乘論
2-4195	1243-035洛05	36	洛05	阿毘達磨順正理論八十卷（35）	唐玄奘譯	小乘論
2-4196	1243-036洛06	34	洛06	阿毘達磨順正理論八十卷（36）	唐玄奘譯	小乘論
2-4197	1243-037洛07	0	洛07	阿毘達磨順正理論八十卷（37）	唐玄奘譯	小乘論
2-4198	1243-038洛08	0	洛08	阿毘達磨順正理論八十卷（38）	唐玄奘譯	小乘論
2-4199	1243-039洛09	38	洛09	阿毘達磨順正理論八十卷（39）	唐玄奘譯	小乘論
2-4200	1243-040洛10	33	洛10	阿毘達磨順正理論八十卷（40）	唐玄奘譯	小乘論
2-4201	1243-041浮01	34	浮01	阿毘達磨順正理論八十卷（41）	唐玄奘譯	小乘論
2-4202	1243-042浮02	34	浮02	阿毘達磨順正理論八十卷（42）	唐玄奘譯	小乘論
2-4203	1243-043浮03	39	浮03	阿毘達磨順正理論八十卷（43）	唐玄奘譯	小乘論
2-4204	1243-044浮04	35	浮04	阿毘達磨順正理論八十卷（44）	唐玄奘譯	小乘論
2-4205	1243-045浮05	31	浮05	阿毘達磨順正理論八十卷（45）	唐玄奘譯	小乘論
2-4206	1243-046浮06	30	浮06	阿毘達磨順正理論八十卷（46）	唐玄奘譯	小乘論
2-4207	1243-047浮07	32	浮07	阿毘達磨順正理論八十卷（47）	唐玄奘譯	小乘論
2-4208	1243-048浮08	33	浮08	阿毘達磨順正理論八十卷（48）	唐玄奘譯	小乘論
2-4209	1243-049浮09	29	浮09	阿毘達磨順正理論八十卷（49）	唐玄奘譯	小乘論
2-4210	1243-050浮10	29	浮10	阿毘達磨順正理論八十卷（50）	唐玄奘譯	小乘論
2-4211	1243-051渭01	37	渭01	阿毘達磨順正理論八十卷（51）	唐玄奘譯	小乘論
2-4212	1243-052渭02	34	渭02	阿毘達磨順正理論八十卷（52）	唐玄奘譯	小乘論
2-4213	1243-053渭03	37	渭03	阿毘達磨順正理論八十卷（53）	唐玄奘譯	小乘論
2-4214	1243-054渭04	31	渭04	阿毘達磨順正理論八十卷（54）	唐玄奘譯	小乘論
2-4215	1243-055渭05	30	渭05	阿毘達磨順正理論八十卷（55）	唐玄奘譯	小乘論
2-4216	1243-056渭06	35	渭06	阿毘達磨順正理論八十卷（56）	唐玄奘譯	小乘論
2-4217	1243-057渭07	33	渭07	阿毘達磨順正理論八十卷（57）	唐玄奘譯	小乘論
2-4218	1243-058渭08	33	渭08	阿毘達磨順正理論八十卷（58）	唐玄奘譯	小乘論
2-4219	1243-059渭09	29	渭09	阿毘達磨順正理論八十卷（59）	唐玄奘譯	小乘論
2-4220	1243-060渭10	31	渭10	阿毘達磨順正理論八十卷（60）	唐玄奘譯	小乘論
2-4221	1243-061據01	0	據01	阿毘達磨順正理論八十卷（61）	唐玄奘譯	小乘論
2-4222	1243-062據02	28	據02	阿毘達磨順正理論八十卷（62）	唐玄奘譯	小乘論
2-4223	1243-063據03	29	據03	阿毘達磨順正理論八十卷（63）	唐玄奘譯	小乘論
2-4224	1243-064據04	28	據04	阿毘達磨順正理論八十卷（64）	唐玄奘譯	小乘論
2-4225	1243-065據05	31	據05	阿毘達磨順正理論八十卷（65）	唐玄奘譯	小乘論
2-4226	1243-066據06	32	據06	阿毘達磨順正理論八十卷（66）	唐玄奘譯	小乘論
2-4227	1243-067據07	30	據07	阿毘達磨順正理論八十卷（67）	唐玄奘譯	小乘論
2-4228	1243-068據08	32	據08	阿毘達磨順正理論八十卷（68）	唐玄奘譯	小乘論
2-4229	1243-069據09	29	據09	阿毘達磨順正理論八十卷（69）	唐玄奘譯	小乘論
2-4230	1243-070據10	31	據10	阿毘達磨順正理論八十卷（70）	唐玄奘譯	小乘論
2-4231	1243-071涇01	32	涇01	阿毘達磨順正理論八十卷（71）	唐玄奘譯	小乘論
2-4232	1243-072涇02	30	涇02	阿毘達磨順正理論八十卷（72）	唐玄奘譯	小乘論
2-4233	1243-073涇03	34	涇03	阿毘達磨順正理論八十卷（73）	唐玄奘譯	小乘論
2-4234	1243-074涇04	32	涇04	阿毘達磨順正理論八十卷（74）	唐玄奘譯	小乘論
2-4235	1243-075涇05	31	涇05	阿毘達磨順正理論八十卷（75）	唐玄奘譯	小乘論
2-4236	1243-076涇06	34	涇06	阿毘達磨順正理論八十卷（76）	唐玄奘譯	小乘論
2-4237	1243-077涇07	30	涇07	阿毘達磨順正理論八十卷（77）	唐玄奘譯	小乘論
2-4238	1243-078涇08	31	涇08	阿毘達磨順正理論八十卷（78）	唐玄奘譯	小乘論
2-4239	1243-079涇09	31	涇09	阿毘達磨順正理論八十卷（79）	唐玄奘譯	小乘論
2-4240	1243-080涇10	28	涇10	阿毘達磨順正理論八十卷（80）	唐玄奘譯	小乘論
2-4241	1244-001宮01	29	宮01	阿毘達磨藏顯宗論四十卷（01）	唐玄奘譯	小乘論
2-4242	1244-002宮02	28	宮02	阿毘達磨藏顯宗論四十卷（02）	唐玄奘譯	小乘論
2-4243	1244-003宮03	30	宮03	阿毘達磨藏顯宗論四十卷（03）	唐玄奘譯	小乘論
2-4244	1244-004宮04	27	宮04	阿毘達磨藏顯宗論四十卷（04）	唐玄奘譯	小乘論
2-4245	1244-005宮05	32	宮05	阿毘達磨藏顯宗論四十卷（05）	唐玄奘譯	小乘論
2-4246	1244-006宮06	27	宮06	阿毘達磨藏顯宗論四十卷（06）	唐玄奘譯	小乘論
2-4247	1244-007宮07	30	宮07	阿毘達磨藏顯宗論四十卷（07）	唐玄奘譯	小乘論
2-4248	1244-008宮08	31	宮08	阿毘達磨藏顯宗論四十卷（08）	唐玄奘譯	小乘論
2-4249	1244-009宮09	29	宮09	阿毘達磨藏顯宗論四十卷（09）	唐玄奘譯	小乘論
2-4250	1244-010宮10	0	宮10	阿毘達磨藏顯宗論四十卷（10）	唐玄奘譯	小乘論
2-4251	1244-011殿01	19	殿01	阿毘達磨藏顯宗論四十卷（11）	唐玄奘譯	小乘論
2-4252	1244-012殿02	31	殿02	阿毘達磨藏顯宗論四十卷（12）	唐玄奘譯	小乘論
2-4253	1244-013殿03	36	殿03	阿毘達磨藏顯宗論四十卷（13）	唐玄奘譯	小乘論
2-4254	1244-014殿04	30	殿04	阿毘達磨藏顯宗論四十卷（14）	唐玄奘譯	小乘論
2-4255	1244-015殿05	31	殿05	阿毘達磨藏顯宗論四十卷（15）	唐玄奘譯	小乘論
2-4256	1244-016殿06	29	殿06	阿毘達磨藏顯宗論四十卷（16）	唐玄奘譯	小乘論
2-4257	1244-017殿07	32	殿07	阿毘達磨藏顯宗論四十卷（17）	唐玄奘譯	小乘論
2-4258	1244-018殿08	31	殿08	阿毘達磨藏顯宗論四十卷（18）	唐玄奘譯	小乘論
2-4259	1244-019殿09	28	殿09	阿毘達磨藏顯宗論四十卷（19）	唐玄奘譯	小乘論
2-4260	1244-020殿10	29	殿10	阿毘達磨藏顯宗論四十卷（20）	唐玄奘譯	小乘論
2-4261	1244-021盤01	33	盤01	阿毘達磨藏顯宗論四十卷（21）	唐玄奘譯	小乘論
2-4262	1244-022盤02	30	盤02	阿毘達磨藏顯宗論四十卷（22）	唐玄奘譯	小乘論
2-4263	1244-023盤03	30	盤03	阿毘達磨藏顯宗論四十卷（23）	唐玄奘譯	小乘論
2-4264	1244-024盤04	29	盤04	阿毘達磨藏顯宗論四十卷（24）	唐玄奘譯	小乘論
2-4265	1244-025盤05	36	盤05	阿毘達磨藏顯宗論四十卷（25）	唐玄奘譯	小乘論
2-4266	1244-026盤06	32	盤06	阿毘達磨藏顯宗論四十卷（26）	唐玄奘譯	小乘論
2-4267	1244-027盤07	30	盤07	阿毘達磨藏顯宗論四十卷（27）	唐玄奘譯	小乘論
2-4268	1244-028盤08	32	盤08	阿毘達磨藏顯宗論四十卷（28）	唐玄奘譯	小乘論
2-4269	1244-029盤09	37	盤09	阿毘達磨藏顯宗論四十卷（29）	唐玄奘譯	小乘論
2-4270	1244-030盤10	34	盤10	阿毘達磨藏顯宗論四十卷（30）	唐玄奘譯	小乘論
2-4271	1244-031鬱01	33	鬱01	阿毘達磨藏顯宗論四十卷（31）	唐玄奘譯	小乘論
2-4272	1244-032鬱02	31	鬱02	阿毘達磨藏顯宗論四十卷（32）	唐玄奘譯	小乘論
2-4273	1244-033鬱03	34	鬱03	阿毘達磨藏顯宗論四十卷（33）	唐玄奘譯	小乘論
2-4274	1244-034鬱04	36	鬱04	阿毘達磨藏顯宗論四十卷（34）	唐玄奘譯	小乘論
2-4275	1244-035鬱05	35	鬱05	阿毘達磨藏顯宗論四十卷（35）	唐玄奘譯	小乘論
2-4276	1244-036鬱06	35	鬱06	阿毘達磨藏顯宗論四十卷（36）	唐玄奘譯	小乘論
2-4277	1244-037鬱07	0	鬱07	阿毘達磨藏顯宗論四十卷（37）	唐玄奘譯	小乘論
2-4278	1244-038鬱08	29	鬱08	阿毘達磨藏顯宗論四十卷（38）	唐玄奘譯	小乘論
2-4279	1244-039鬱09	0	鬱09	阿毘達磨藏顯宗論四十卷（39）	唐玄奘譯	小乘論
2-4280	1244-040鬱10	0	鬱10	阿毘達磨藏顯宗論四十卷（40）	唐玄奘譯	小乘論
2-4281	1245-001樓01	0	樓01	阿毘達磨俱舍論三十卷（01）	唐玄奘譯	小乘論
2-4282	1245-002樓02	0	樓02	阿毘達磨俱舍論三十卷（02）	唐玄奘譯	小乘論
2-4283	1245-003樓03	0	樓03	阿毘達磨俱舍論三十卷（03）	唐玄奘譯	小乘論
2-4284	1245-004樓04	0	樓04	阿毘達磨俱舍論三十卷（04）	唐玄奘譯	小乘論
2-4285	1245-005樓05	0	樓05	阿毘達磨俱舍論三十卷（05）	唐玄奘譯	小乘論
2-4286	1245-006樓06	0	樓06	阿毘達磨俱舍論三十卷（06）	唐玄奘譯	小乘論
2-4287	1245-007樓07	0	樓07	阿毘達磨俱舍論三十卷（07）	唐玄奘譯	小乘論
2-4288	1245-008樓08	0	樓08	阿毘達磨俱舍論三十卷（08）	唐玄奘譯	小乘論
2-4289	1245-009樓09	0	樓09	阿毘達磨俱舍論三十卷（09）	唐玄奘譯	小乘論
2-4290	1245-010樓10	0	樓10	阿毘達磨俱舍論三十卷（10）	唐玄奘譯	小乘論
2-4291	1245-011觀01	33	觀01	阿毘達磨俱舍論三十卷（11）	唐玄奘譯	小乘論
2-4292	1245-012觀02	0	觀02	阿毘達磨俱舍論三十卷（12）	唐玄奘譯	小乘論
2-4293	1245-013觀03	30	觀03	阿毘達磨俱舍論三十卷（13）	唐玄奘譯	小乘論
2-4294	1245-014觀04	33	觀04	阿毘達磨俱舍論三十卷（14）	唐玄奘譯	小乘論
2-4295	1245-015觀05	34	觀05	阿毘達磨俱舍論三十卷（15）	唐玄奘譯	小乘論
2-4296	1245-016觀06	0	觀06	阿毘達磨俱舍論三十卷（16）	唐玄奘譯	小乘論
2-4297	1245-017觀07	0	觀07	阿毘達磨俱舍論三十卷（17）	唐玄奘譯	小乘論
2-4298	1245-018觀08	32	觀08	阿毘達磨俱舍論三十卷（18）	唐玄奘譯	小乘論
2-4299	1245-019觀09	0	觀09	阿毘達磨俱舍論三十卷（19）	唐玄奘譯	小乘論
2-4300	1245-020觀10	28	觀10	阿毘達磨俱舍論三十卷（20）	唐玄奘譯	小乘論
2-4301	1245-021飛01	33	飛01	阿毘達磨俱舍論三十卷（21）	唐玄奘譯	小乘論
2-4302	1245-022飛02	30	飛02	阿毘達磨俱舍論三十卷（22）	唐玄奘譯	小乘論
2-4303	1245-023飛03	31	飛03	阿毘達磨俱舍論三十卷（23）	唐玄奘譯	小乘論
2-4304	1245-024飛04	32	飛04	阿毘達磨俱舍論三十卷（24）	唐玄奘譯	小乘論
2-4305	1245-025飛05	32	飛05	阿毘達磨俱舍論三十卷（25）	唐玄奘譯	小乘論
2-4306	1245-026飛06	34	飛06	阿毘達磨俱舍論三十卷（26）	唐玄奘譯	小乘論
2-4307	1245-027飛07	30	飛07	阿毘達磨俱舍論三十卷（27）	唐玄奘譯	小乘論
2-4308	1245-028飛08	31	飛08	阿毘達磨俱舍論三十卷（28）	唐玄奘譯	小乘論
2-4309	1245-029飛09	29	飛09	阿毘達磨俱舍論三十卷（29）	唐玄奘譯	小乘論
2-4310	1245-030飛10	27	飛10	阿毘達磨俱舍論三十卷（30）	唐玄奘譯	小乘論
2-4311	1246-001驚01	31	驚01	舍利弗阿毘曇論三十卷（01）	姚秦曇摩耶舍、曇摩崛多譯	小乘論
2-4312	1246-002驚02	28	驚02	舍利弗阿毘曇論三十卷（02）	姚秦曇摩耶舍、曇摩崛多譯	小乘論
2-4313	1246-003驚03	51	驚03	舍利弗阿毘曇論三十卷（03）	姚秦曇摩耶舍、曇摩崛多譯	小乘論
2-4314	1246-004驚04	29	驚04	舍利弗阿毘曇論三十卷（04）	姚秦曇摩耶舍、曇摩崛多譯	小乘論
2-4315	1246-005驚05	32	驚05	舍利弗阿毘曇論三十卷（05）	姚秦曇摩耶舍、曇摩崛多譯	小乘論
2-4316	1246-006驚06	45	驚06	舍利弗阿毘曇論三十卷（06）	姚秦曇摩耶舍、曇摩崛多譯	小乘論
2-4317	1246-007驚07	52	驚07	舍利弗阿毘曇論三十卷（07）	姚秦曇摩耶舍、曇摩崛多譯	小乘論
2-4318	1246-008驚08	45	驚08	舍利弗阿毘曇論三十卷（08）	姚秦曇摩耶舍、曇摩崛多譯	小乘論
2-4319	1246-009驚09	27	驚09	舍利弗阿毘曇論三十卷（09）	姚秦曇摩耶舍、曇摩崛多譯	小乘論
2-4320	1246-010驚10	34	驚10	舍利弗阿毘曇論三十卷（10）	姚秦曇摩耶舍、曇摩崛多譯	小乘論
2-4321	1246-011圖01	32	圖01	舍利弗阿毘曇論三十卷（11）	姚秦曇摩耶舍、曇摩崛多譯	小乘論
2-4322	1246-012圖02	40	圖02	舍利弗阿毘曇論三十卷（12）	姚秦曇摩耶舍、曇摩崛多譯	小乘論
2-4323	1246-013圖03	32	圖03	舍利弗阿毘曇論三十卷（13）	姚秦曇摩耶舍、曇摩崛多譯	小乘論
2-4324	1246-014圖04	30	圖04	舍利弗阿毘曇論三十卷（14）	姚秦曇摩耶舍、曇摩崛多譯	小乘論
2-4325	1246-015圖05	40	圖05	舍利弗阿毘曇論三十卷（15）	姚秦曇摩耶舍、曇摩崛多譯	小乘論
2-4326	1246-016圖06	45	圖06	舍利弗阿毘曇論三十卷（16）	姚秦曇摩耶舍、曇摩崛多譯	小乘論
2-4327	1246-017圖07	32	圖07	舍利弗阿毘曇論三十卷（17）	姚秦曇摩耶舍、曇摩崛多譯	小乘論
2-4328	1246-018圖08	37	圖08	舍利弗阿毘曇論三十卷（18）	姚秦曇摩耶舍、曇摩崛多譯	小乘論
2-4329	1246-019圖09	34	圖09	舍利弗阿毘曇論三十卷（19）	姚秦曇摩耶舍、曇摩崛多譯	小乘論
2-4330	1246-020圖10	59	圖10	舍利弗阿毘曇論三十卷（20）	姚秦曇摩耶舍、曇摩崛多譯	小乘論
2-4331	1246-021寫01	41	寫01	舍利弗阿毘曇論三十卷（21）	姚秦曇摩耶舍、曇摩崛多譯	小乘論
2-4332	1246-022寫02	50	寫02	舍利弗阿毘曇論三十卷（22）	姚秦曇摩耶舍、曇摩崛多譯	小乘論
2-4333	1246-023寫03	31	寫03	舍利弗阿毘曇論三十卷（23）	姚秦曇摩耶舍、曇摩崛多譯	小乘論
2-4334	1246-024寫04	34	寫04	舍利弗阿毘曇論三十卷（24）	姚秦曇摩耶舍、曇摩崛多譯	小乘論
2-4335	1246-025寫05	45	寫05	舍利弗阿毘曇論三十卷（25）	姚秦曇摩耶舍、曇摩崛多譯	小乘論
2-4336	1246-026寫06	49	寫06	舍利弗阿毘曇論三十卷（26）	姚秦曇摩耶舍、曇摩崛多譯	小乘論
2-4337	1246-027寫07	42	寫07	舍利弗阿毘曇論三十卷（27）	姚秦曇摩耶舍、曇摩崛多譯	小乘論
2-4338	1246-028寫08	43	寫08	舍利弗阿毘曇論三十卷（28）	姚秦曇摩耶舍、曇摩崛多譯	小乘論
2-4339	1246-029寫09	57	寫09	舍利弗阿毘曇論三十卷（29）	姚秦曇摩耶舍、曇摩崛多譯	小乘論
2-4340	1246-030寫10	51	寫10	舍利弗阿毘曇論三十卷（30）	姚秦曇摩耶舍、曇摩崛多譯	小乘論
2-4341	1247-001禽01	57	禽01	阿毘達磨俱舍釋論二十二卷（01）	陳真諦譯	小乘論
2-4342	1247-002禽02	0	禽02	阿毘達磨俱舍釋論二十二卷（02）	陳真諦譯	小乘論
2-4343	1247-003禽03	48	禽03	阿毘達磨俱舍釋論二十二卷（03）	陳真諦譯	小乘論
2-4344	1247-004禽04	44	禽04	阿毘達磨俱舍釋論二十二卷（04）	陳真諦譯	小乘論
2-4345	1247-005禽05	45	禽05	阿毘達磨俱舍釋論二十二卷（05）	陳真諦譯	小乘論
2-4346	1247-006禽06	43	禽06	阿毘達磨俱舍釋論二十二卷（06）	陳真諦譯	小乘論
2-4347	1247-007禽07	47	禽07	阿毘達磨俱舍釋論二十二卷（07）	陳真諦譯	小乘論
2-4348	1247-008禽08	48	禽08	阿毘達磨俱舍釋論二十二卷（08）	陳真諦譯	小乘論
2-4349	1247-009禽09	45	禽09	阿毘達磨俱舍釋論二十二卷（09）	陳真諦譯	小乘論
2-4350	1247-010禽10	44	禽10	阿毘達磨俱舍釋論二十二卷（10）	陳真諦譯	小乘論
2-4351	1247-011獸01	47	獸01	阿毘達磨俱舍釋論二十二卷（11）	陳真諦譯	小乘論
2-4352	1247-012獸02	47	獸02	阿毘達磨俱舍釋論二十二卷（12）	陳真諦譯	小乘論
2-4353	1247-013獸03	0	獸03	阿毘達磨俱舍釋論二十二卷（13）	陳真諦譯	小乘論
2-4354	1247-014獸04	50	獸04	阿毘達磨俱舍釋論二十二卷（14）	陳真諦譯	小乘論
2-4355	1247-015獸05	46	獸05	阿毘達磨俱舍釋論二十二卷（15）	陳真諦譯	小乘論
2-4356	1247-016獸06	46	獸06	阿毘達磨俱舍釋論二十二卷（16）	陳真諦譯	小乘論
2-4357	1247-017獸07	43	獸07	阿毘達磨俱舍釋論二十二卷（17）	陳真諦譯	小乘論
2-4358	1247-018獸08	49	獸08	阿毘達磨俱舍釋論二十二卷（18）	陳真諦譯	小乘論
2-4359	1247-019獸09	40	獸09	阿毘達磨俱舍釋論二十二卷（19）	陳真諦譯	小乘論
2-4360	1247-020獸10	40	獸10	阿毘達磨俱舍釋論二十二卷（20）	陳真諦譯	小乘論
2-4361	1247-021畫01	0	畫01	阿毘達磨俱舍釋論二十二卷（21）	陳真諦譯	小乘論
2-4362	1247-022畫02	0	畫02	阿毘達磨俱舍釋論二十二卷（22）	陳真諦譯	小乘論
2-4363	1248-001畫03	0	畫03	阿毘達磨俱舍論本頌二卷（01）	唐玄奘譯	小乘論
2-4364	1248-002畫04	0	畫04	阿毘達磨俱舍論本頌二卷（02）	唐玄奘譯	小乘論
2-4365	1249-001畫05	0	畫05	三法度論三卷（01）	東晉僧伽提婆共慧遠譯	小乘論
2-4366	1249-002畫06	0	畫06	三法度論三卷（02）	東晉僧伽提婆共慧遠譯	小乘論
2-4367	1249-003畫07	0	畫07	三法度論三卷（03）	東晉僧伽提婆共慧遠譯	小乘論
2-4368	1250-001畫08	0	畫08	三彌底部論三卷（01）	失譯人名附三秦錄	小乘論
2-4369	1250-002畫09	0	畫09	三彌底部論三卷（02）	失譯人名附三秦錄	小乘論
2-4370	1250-003畫10	0	畫10	三彌底部論三卷（03）	失譯人名附三秦錄	小乘論
2-4371	1251-001彩01	0	彩01	阿毘曇八犍度論三十卷（01）	苻秦僧伽提婆共竺佛念譯	小乘論
2-4372	1251-002彩02	31	彩02	阿毘曇八犍度論三十卷（02）	苻秦僧伽提婆共竺佛念譯	小乘論
2-4373	1251-003彩03	26	彩03	阿毘曇八犍度論三十卷（03）	苻秦僧伽提婆共竺佛念譯	小乘論
2-4374	1251-004彩04	31	彩04	阿毘曇八犍度論三十卷（04）	苻秦僧伽提婆共竺佛念譯	小乘論
2-4375	1251-005彩05	28	彩05	阿毘曇八犍度論三十卷（05）	苻秦僧伽提婆共竺佛念譯	小乘論
2-4376	1251-006彩06	25	彩06	阿毘曇八犍度論三十卷（06）	苻秦僧伽提婆共竺佛念譯	小乘論
2-4377	1251-007彩07	27	彩07	阿毘曇八犍度論三十卷（07）	苻秦僧伽提婆共竺佛念譯	小乘論
2-4378	1251-008彩08	25	彩08	阿毘曇八犍度論三十卷（08）	苻秦僧伽提婆共竺佛念譯	小乘論
2-4379	1251-009彩09	31	彩09	阿毘曇八犍度論三十卷（09）	苻秦僧伽提婆共竺佛念譯	小乘論
2-4380	1251-010彩10	26	彩10	阿毘曇八犍度論三十卷（10）	苻秦僧伽提婆共竺佛念譯	小乘論
2-4381	1251-011仙01	0	仙01	阿毘曇八犍度論三十卷（11）	苻秦僧伽提婆共竺佛念譯	小乘論
2-4382	1251-012仙02	0	仙02	阿毘曇八犍度論三十卷（12）	苻秦僧伽提婆共竺佛念譯	小乘論
2-4383	1251-013仙03	0	仙03	阿毘曇八犍度論三十卷（13）	苻秦僧伽提婆共竺佛念譯	小乘論
2-4384	1251-014仙04	0	仙04	阿毘曇八犍度論三十卷（14）	苻秦僧伽提婆共竺佛念譯	小乘論
2-4385	1251-015仙05	0	仙05	阿毘曇八犍度論三十卷（15）	苻秦僧伽提婆共竺佛念譯	小乘論
2-4386	1251-016仙06	0	仙06	阿毘曇八犍度論三十卷（16）	苻秦僧伽提婆共竺佛念譯	小乘論
2-4387	1251-017仙07	0	仙07	阿毘曇八犍度論三十卷（17）	苻秦僧伽提婆共竺佛念譯	小乘論
2-4388	1251-018仙08	0	仙08	阿毘曇八犍度論三十卷（18）	苻秦僧伽提婆共竺佛念譯	小乘論
2-4389	1251-019仙09	0	仙09	阿毘曇八犍度論三十卷（19）	苻秦僧伽提婆共竺佛念譯	小乘論
2-4390	1251-020仙10	30	仙10	阿毘曇八犍度論三十卷（20）	苻秦僧伽提婆共竺佛念譯	小乘論
2-4391	1251-021靈01	46	靈01	阿毘曇八犍度論三十卷（21）	苻秦僧伽提婆共竺佛念譯	小乘論
2-4392	1251-022靈02	33	靈02	阿毘曇八犍度論三十卷（22）	苻秦僧伽提婆共竺佛念譯	小乘論
2-4393	1251-023靈03	24	靈03	阿毘曇八犍度論三十卷（23）	苻秦僧伽提婆共竺佛念譯	小乘論
2-4394	1251-024靈04	23	靈04	阿毘曇八犍度論三十卷（24）	苻秦僧伽提婆共竺佛念譯	小乘論
2-4395	1251-025靈05	21	靈05	阿毘曇八犍度論三十卷（25）	苻秦僧伽提婆共竺佛念譯	小乘論
2-4396	1251-026靈06	21	靈06	阿毘曇八犍度論三十卷（26）	苻秦僧伽提婆共竺佛念譯	小乘論
2-4397	1251-027靈07	40	靈07	阿毘曇八犍度論三十卷（27）	苻秦僧伽提婆共竺佛念譯	小乘論
2-4398	1251-028靈08	30	靈08	阿毘曇八犍度論三十卷（28）	苻秦僧伽提婆共竺佛念譯	小乘論
2-4399	1251-029靈09	38	靈09	阿毘曇八犍度論三十卷（29）	苻秦僧伽提婆共竺佛念譯	小乘論
2-4400	1251-030靈10	37	靈10	阿毘曇八犍度論三十卷（30）	苻秦僧伽提婆共竺佛念譯	小乘論
2-4401	1252-001丙01	50	丙01	成實論二十卷（01）	姚秦鳩摩羅什譯	小乘論
2-4402	1252-002丙02	48	丙02	成實論二十卷（02）	姚秦鳩摩羅什譯	小乘論
2-4403	1252-003丙03	43	丙03	成實論二十卷（03）	姚秦鳩摩羅什譯	小乘論
2-4404	1252-004丙04	43	丙04	成實論二十卷（04）	姚秦鳩摩羅什譯	小乘論
2-4405	1252-005丙05	51	丙05	成實論二十卷（05）	姚秦鳩摩羅什譯	小乘論
2-4406	1252-006丙06	40	丙06	成實論二十卷（06）	姚秦鳩摩羅什譯	小乘論
2-4407	1252-007丙07	35	丙07	成實論二十卷（07）	姚秦鳩摩羅什譯	小乘論
2-4408	1252-008丙08	48	丙08	成實論二十卷（08）	姚秦鳩摩羅什譯	小乘論
2-4409	1252-009丙09	0	丙09	成實論二十卷（09）	姚秦鳩摩羅什譯	小乘論
2-4410	1252-010丙10	0	丙10	成實論二十卷（10）	姚秦鳩摩羅什譯	小乘論
2-4411	1252-011舍01	29	舍01	成實論二十卷（11）	姚秦鳩摩羅什譯	小乘論
2-4412	1252-012舍02	39	舍02	成實論二十卷（12）	姚秦鳩摩羅什譯	小乘論
2-4413	1252-013舍03	27	舍03	成實論二十卷（13）	姚秦鳩摩羅什譯	小乘論
2-4414	1252-014舍04	29	舍04	成實論二十卷（14）	姚秦鳩摩羅什譯	小乘論
2-4415	1252-015舍05	34	舍05	成實論二十卷（15）	姚秦鳩摩羅什譯	小乘論
2-4416	1252-016舍06	34	舍06	成實論二十卷（16）	姚秦鳩摩羅什譯	小乘論
2-4417	1252-017舍07	31	舍07	成實論二十卷（17）	姚秦鳩摩羅什譯	小乘論
2-4418	1252-018舍08	41	舍08	成實論二十卷（18）	姚秦鳩摩羅什譯	小乘論
2-4419	1252-019舍09	36	舍09	成實論二十卷（19）	姚秦鳩摩羅什譯	小乘論
2-4420	1252-020舍10	41	舍10	成實論二十卷（20）	姚秦鳩摩羅什譯	小乘論
2-4421	1253-001傍01	34	傍01	阿毘達磨發智論二十卷（01）	唐玄奘譯	小乘論
2-4422	1253-002傍02	38	傍02	阿毘達磨發智論二十卷（02）	唐玄奘譯	小乘論
2-4423	1253-003傍03	36	傍03	阿毘達磨發智論二十卷（03）	唐玄奘譯	小乘論
2-4424	1253-004傍04	32	傍04	阿毘達磨發智論二十卷（04）	唐玄奘譯	小乘論
2-4425	1253-005傍05	33	傍05	阿毘達磨發智論二十卷（05）	唐玄奘譯	小乘論
2-4426	1253-006傍06	33	傍06	阿毘達磨發智論二十卷（06）	唐玄奘譯	小乘論
2-4427	1253-007傍07	34	傍07	阿毘達磨發智論二十卷（07）	唐玄奘譯	小乘論
2-4428	1253-008傍08	34	傍08	阿毘達磨發智論二十卷（08）	唐玄奘譯	小乘論
2-4429	1253-009傍09	31	傍09	阿毘達磨發智論二十卷（09）	唐玄奘譯	小乘論
2-4430	1253-010傍10	32	傍10	阿毘達磨發智論二十卷（10）	唐玄奘譯	小乘論
2-4431	1253-011啟01	0	啟01	阿毘達磨發智論二十卷（11）	唐玄奘譯	小乘論
2-4432	1253-012啟02	25	啟02	阿毘達磨發智論二十卷（12）	唐玄奘譯	小乘論
2-4433	1253-013啟03	23	啟03	阿毘達磨發智論二十卷（13）	唐玄奘譯	小乘論
2-4434	1253-014啟04	29	啟04	阿毘達磨發智論二十卷（14）	唐玄奘譯	小乘論
2-4435	1253-015啟05	25	啟05	阿毘達磨發智論二十卷（15）	唐玄奘譯	小乘論
2-4436	1253-016啟06	17	啟06	阿毘達磨發智論二十卷（16）	唐玄奘譯	小乘論
2-4437	1253-017啟07	27	啟07	阿毘達磨發智論二十卷（17）	唐玄奘譯	小乘論
2-4438	1253-018啟08	29	啟08	阿毘達磨發智論二十卷（18）	唐玄奘譯	小乘論
2-4439	1253-019啟09	26	啟09	阿毘達磨發智論二十卷（19）	唐玄奘譯	小乘論
2-4440	1253-020啟10	0	啟10	阿毘達磨發智論二十卷（20）	唐玄奘譯	小乘論
2-4441	1254-001甲01	25	甲01	阿毘達磨集異門足論二十卷	唐玄奘譯	小乘論
2-4442	1254-002甲02	28	甲02	阿毘達磨集異門足論二十卷	唐玄奘譯	小乘論
2-4443	1254-003甲03	28	甲03	阿毘達磨集異門足論二十卷	唐玄奘譯	小乘論
2-4444	1254-004甲04	29	甲04	阿毘達磨集異門足論二十卷	唐玄奘譯	小乘論
2-4445	1254-005甲05	29	甲05	阿毘達磨集異門足論二十卷	唐玄奘譯	小乘論
2-4446	1254-006甲06	30	甲06	阿毘達磨集異門足論二十卷	唐玄奘譯	小乘論
2-4447	1254-007甲07	0	甲07	阿毘達磨集異門足論二十卷	唐玄奘譯	小乘論
2-4448	1254-008甲08	29	甲08	阿毘達磨集異門足論二十卷	唐玄奘譯	小乘論
2-4449	1254-009甲09	29	甲09	阿毘達磨集異門足論二十卷	唐玄奘譯	小乘論
2-4450	1254-010甲10	28	甲10	阿毘達磨集異門足論二十卷	唐玄奘譯	小乘論
2-4451	1254-011帳01	31	帳01	阿毘達磨集異門足論二十卷	唐玄奘譯	小乘論
2-4452	1254-012帳02	27	帳02	阿毘達磨集異門足論二十卷	唐玄奘譯	小乘論
2-4453	1254-013帳03	40	帳03	阿毘達磨集異門足論二十卷	唐玄奘譯	小乘論
2-4454	1254-014帳04	36	帳04	阿毘達磨集異門足論二十卷	唐玄奘譯	小乘論
2-4455	1254-015帳05	37	帳05	阿毘達磨集異門足論二十卷	唐玄奘譯	小乘論
2-4456	1254-016帳06	26	帳06	阿毘達磨集異門足論二十卷	唐玄奘譯	小乘論
2-4457	1254-017帳07	36	帳07	阿毘達磨集異門足論二十卷	唐玄奘譯	小乘論
2-4458	1254-018帳08	31	帳08	阿毘達磨集異門足論二十卷	唐玄奘譯	小乘論
2-4459	1254-019帳09	41	帳09	阿毘達磨集異門足論二十卷	唐玄奘譯	小乘論
2-4460	1254-020帳10	26	帳10	阿毘達磨集異門足論二十卷	唐玄奘譯	小乘論
2-4461	1255-001對01	23	對01	阿毘達磨品類足論十八卷（01）	唐玄奘譯	小乘論
2-4462	1255-002對02	27	對02	阿毘達磨品類足論十八卷（02）	唐玄奘譯	小乘論
2-4463	1255-003對03	27	對03	阿毘達磨品類足論十八卷（03）	唐玄奘譯	小乘論
2-4464	1255-004對04	28	對04	阿毘達磨品類足論十八卷（04）	唐玄奘譯	小乘論
2-4465	1255-005對05	0	對05	阿毘達磨品類足論十八卷（05）	唐玄奘譯	小乘論
2-4466	1255-006對06	29	對06	阿毘達磨品類足論十八卷（06）	唐玄奘譯	小乘論
2-4467	1255-007對07	0	對07	阿毘達磨品類足論十八卷（07）	唐玄奘譯	小乘論
2-4468	1255-008對08	28	對08	阿毘達磨品類足論十八卷（08）	唐玄奘譯	小乘論
2-4469	1255-009對09	29	對09	阿毘達磨品類足論十八卷（09）	唐玄奘譯	小乘論
2-4470	1255-010對10	24	對10	阿毘達磨品類足論十八卷（10）	唐玄奘譯	小乘論
2-4471	1255-011楹01	31	楹01	阿毘達磨品類足論十八卷（11）	唐玄奘譯	小乘論
2-4472	1255-012楹02	27	楹02	阿毘達磨品類足論十八卷（12）	唐玄奘譯	小乘論
2-4473	1255-013楹03	29	楹03	阿毘達磨品類足論十八卷（13）	唐玄奘譯	小乘論
2-4474	1255-014楹04	28	楹04	阿毘達磨品類足論十八卷（14）	唐玄奘譯	小乘論
2-4475	1255-015楹05	28	楹05	阿毘達磨品類足論十八卷（15）	唐玄奘譯	小乘論
2-4476	1255-016楹06	26	楹06	阿毘達磨品類足論十八卷（16）	唐玄奘譯	小乘論
2-4477	1255-017楹07	28	楹07	阿毘達磨品類足論十八卷（17）	唐玄奘譯	小乘論
2-4478	1255-018楹08	27	楹08	阿毘達磨品類足論十八卷（18）	唐玄奘譯	小乘論
2-4479	1256-001楹09	49	楹09	阿毘曇甘露味論二卷（01）	失譯人名附曹魏錄	小乘論
2-4480	1256-002楹10	41	楹10	阿毘曇甘露味論二卷（02）	失譯人名附曹魏錄	小乘論
2-4481	1257-001肆01	0	肆01	鞞婆沙論十八卷（01）	苻秦僧伽跋澄譯	小乘論
2-4482	1257-002肆02	0	肆02	鞞婆沙論十八卷（02）	苻秦僧伽跋澄譯	小乘論
2-4483	1257-003肆03	27	肆03	鞞婆沙論十八卷（03）	苻秦僧伽跋澄譯	小乘論
2-4484	1257-004肆04	0	肆04	鞞婆沙論十八卷（04）	苻秦僧伽跋澄譯	小乘論
2-4485	1257-005肆05	0	肆05	鞞婆沙論十八卷（05）	苻秦僧伽跋澄譯	小乘論
2-4486	1257-006肆06	0	肆06	鞞婆沙論十八卷（06）	苻秦僧伽跋澄譯	小乘論
2-4487	1257-007肆07	0	肆07	鞞婆沙論十八卷（07）	苻秦僧伽跋澄譯	小乘論
2-4488	1257-008肆08	0	肆08	鞞婆沙論十八卷（08）	苻秦僧伽跋澄譯	小乘論
2-4489	1257-009肆09	0	肆09	鞞婆沙論十八卷（09）	苻秦僧伽跋澄譯	小乘論
2-4490	1257-010肆10	0	肆10	鞞婆沙論十八卷（10）	苻秦僧伽跋澄譯	小乘論
2-4491	1257-011筵01	0	筵01	鞞婆沙論十八卷（11）	苻秦僧伽跋澄譯	小乘論
2-4492	1257-012筵02	41	筵02	鞞婆沙論十八卷（12）	苻秦僧伽跋澄譯	小乘論
2-4493	1257-013筵03	48	筵03	鞞婆沙論十八卷（13）	苻秦僧伽跋澄譯	小乘論
2-4494	1257-014筵04	29	筵04	鞞婆沙論十八卷（14）	苻秦僧伽跋澄譯	小乘論
2-4495	1257-015筵05	30	筵05	鞞婆沙論十八卷（15）	苻秦僧伽跋澄譯	小乘論
2-4496	1257-016筵06	52	筵06	鞞婆沙論十八卷（16）	苻秦僧伽跋澄譯	小乘論
2-4497	1257-017筵07	42	筵07	鞞婆沙論十八卷（17）	苻秦僧伽跋澄譯	小乘論
2-4498	1257-018筵08	42	筵08	鞞婆沙論十八卷（18）	苻秦僧伽跋澄譯	小乘論
2-4499	1258-001筵09	36	筵09	隨相論二卷（01）	陳真諦譯	小乘論
2-4500	1258-002筵10	33	筵10	隨相論二卷（02）	陳真諦譯	小乘論
2-4501	1259-001設01	0	設01	阿毘達磨識身足論十六卷（01）	唐玄奘譯	小乘論
2-4502	1259-002設02	0	設02	阿毘達磨識身足論十六卷（02）	唐玄奘譯	小乘論
2-4503	1259-003設03	0	設03	阿毘達磨識身足論十六卷（03）	唐玄奘譯	小乘論
2-4504	1259-004設04	0	設04	阿毘達磨識身足論十六卷（04）	唐玄奘譯	小乘論
2-4505	1259-005設05	0	設05	阿毘達磨識身足論十六卷（05）	唐玄奘譯	小乘論
2-4506	1259-006設06	0	設06	阿毘達磨識身足論十六卷（06）	唐玄奘譯	小乘論
2-4507	1259-007設07	0	設07	阿毘達磨識身足論十六卷（07）	唐玄奘譯	小乘論
2-4508	1259-008設08	0	設08	阿毘達磨識身足論十六卷（08）	唐玄奘譯	小乘論
2-4509	1259-009設09	0	設09	阿毘達磨識身足論十六卷（09）	唐玄奘譯	小乘論
2-4510	1259-010設10	0	設10	阿毘達磨識身足論十六卷（10）	唐玄奘譯	小乘論
2-4511	1259-011席01	34	席01	阿毘達磨識身足論十六卷（11）	唐玄奘譯	小乘論
2-4512	1259-012席02	35	席02	阿毘達磨識身足論十六卷（12）	唐玄奘譯	小乘論
2-4513	1259-013席03	31	席03	阿毘達磨識身足論十六卷（13）	唐玄奘譯	小乘論
2-4514	1259-014席04	30	席04	阿毘達磨識身足論十六卷（14）	唐玄奘譯	小乘論
2-4515	1259-015席05	32	席05	阿毘達磨識身足論十六卷（15）	唐玄奘譯	小乘論
2-4516	1259-016席06	36	席06	阿毘達磨識身足論十六卷（16）	唐玄奘譯	小乘論
2-4517	1260-001席07	30	席07	阿毘達磨界身足論二卷（01）	唐玄奘譯	小乘論
2-4518	1260-002席08	42	席08	阿毘達磨界身足論二卷（02）	唐玄奘譯	小乘論
2-4519	1261-001席09	39	席09	五事毘婆沙論二卷（01-02）	唐玄奘譯	小乘論
2-4520	1262-001席10	47	席10	①十八部論一卷②部執異論一卷③異部宗輪論一卷	①失譯人名②陳真諦譯③唐玄奘譯	小乘論
2-4521	1263-001鼓01	31	鼓01	雜阿毘曇心論十六卷（01）	宋僧伽跋摩譯	小乘論
2-4522	1263-002鼓02	40	鼓02	雜阿毘曇心論十六卷（02）	宋僧伽跋摩譯	小乘論
2-4523	1263-003鼓03	45	鼓03	雜阿毘曇心論十六卷（03）	宋僧伽跋摩譯	小乘論
2-4524	1263-004鼓04	35	鼓04	雜阿毘曇心論十六卷（04）	宋僧伽跋摩譯	小乘論
2-4525	1263-005鼓05	37	鼓05	雜阿毘曇心論十六卷（05）	宋僧伽跋摩譯	小乘論
2-4526	1263-006鼓06	49	鼓06	雜阿毘曇心論十六卷（06）	宋僧伽跋摩譯	小乘論
2-4527	1263-007鼓07	28	鼓07	雜阿毘曇心論十六卷（07）	宋僧伽跋摩譯	小乘論
2-4528	1263-008鼓08	28	鼓08	雜阿毘曇心論十六卷（08）	宋僧伽跋摩譯	小乘論
2-4529	1263-009鼓09	44	鼓09	雜阿毘曇心論十六卷（09）	宋僧伽跋摩譯	小乘論
2-4530	1263-010鼓10	47	鼓10	雜阿毘曇心論十六卷（10）	宋僧伽跋摩譯	小乘論
2-4531	1263-011瑟01	39	瑟01	雜阿毘曇心論十六卷（11）	宋僧伽跋摩譯	小乘論
2-4532	1263-012瑟02	32	瑟02	雜阿毘曇心論十六卷（12）	宋僧伽跋摩譯	小乘論
2-4533	1263-013瑟03	48	瑟03	雜阿毘曇心論十六卷（13）	宋僧伽跋摩譯	小乘論
2-4534	1263-014瑟04	30	瑟04	雜阿毘曇心論十六卷（14）	宋僧伽跋摩譯	小乘論
2-4535	1263-015瑟05	28	瑟05	雜阿毘曇心論十六卷（15）	宋僧伽跋摩譯	小乘論
2-4536	1263-016瑟06	40	瑟06	雜阿毘曇心論十六卷（16）	宋僧伽跋摩譯	小乘論
2-4537	1264-001瑟07	39	瑟07	阿毘曇心論四卷（01）	東晉僧伽提婆、共慧遠譯	小乘論
2-4538	1264-002瑟08	32	瑟08	阿毘曇心論四卷（02）	東晉僧伽提婆、共慧遠譯	小乘論
2-4539	1264-003瑟09	36	瑟09	阿毘曇心論四卷（03）	東晉僧伽提婆、共慧遠譯	小乘論
2-4540	1264-004瑟10	43	瑟10	阿毘曇心論四卷（04）	東晉僧伽提婆、共慧遠譯	小乘論
2-4541	1265-001吹01	32	吹01	尊婆須蜜菩薩所集論十五卷（01）	苻秦僧伽跋澄等譯	小乘論
2-4542	1265-002吹02	23	吹02	尊婆須蜜菩薩所集論十五卷（02）	苻秦僧伽跋澄等譯	小乘論
2-4543	1265-003吹03	49	吹03	尊婆須蜜菩薩所集論十五卷（03）	苻秦僧伽跋澄等譯	小乘論
2-4544	1265-004吹04	49	吹04	尊婆須蜜菩薩所集論十五卷（04）	苻秦僧伽跋澄等譯	小乘論
2-4545	1265-005吹05	42	吹05	尊婆須蜜菩薩所集論十五卷（05）	苻秦僧伽跋澄等譯	小乘論
2-4546	1265-006吹06	41	吹06	尊婆須蜜菩薩所集論十五卷（06）	苻秦僧伽跋澄等譯	小乘論
2-4547	1265-007吹07	36	吹07	尊婆須蜜菩薩所集論十五卷（07）	苻秦僧伽跋澄等譯	小乘論
2-4548	1265-008吹08	36	吹08	尊婆須蜜菩薩所集論十五卷（08）	苻秦僧伽跋澄等譯	小乘論
2-4549	1265-009吹09	37	吹09	尊婆須蜜菩薩所集論十五卷（09）	苻秦僧伽跋澄等譯	小乘論
2-4550	1265-010吹10	30	吹10	尊婆須蜜菩薩所集論十五卷（10）	苻秦僧伽跋澄等譯	小乘論
2-4551	1265-011笙01	31	笙01	尊婆須蜜菩薩所集論十五卷（11）	苻秦僧伽跋澄等譯	小乘論
2-4552	1265-012笙02	29	笙02	尊婆須蜜菩薩所集論十五卷（12）	苻秦僧伽跋澄等譯	小乘論
2-4553	1265-013笙03	27	笙03	尊婆須蜜菩薩所集論十五卷（13）	苻秦僧伽跋澄等譯	小乘論
2-4554	1265-014笙04	43	笙04	尊婆須蜜菩薩所集論十五卷（14）	苻秦僧伽跋澄等譯	小乘論
2-4555	1265-015笙05	34	笙05	尊婆須蜜菩薩所集論十五卷（15）	苻秦僧伽跋澄等譯	小乘論
2-4556	1266-001笙06	45	笙06	分別功德論三卷（01）	失譯人名附後漢錄	小乘論
2-4557	1266-002笙07	47	笙07	分別功德論三卷（02）	失譯人名附後漢錄	小乘論
2-4558	1266-003笙08	42	笙08	分別功德論三卷（03）	失譯人名附後漢錄	小乘論
2-4559	1267-001笙09	27	笙09	入阿毘達磨論二卷（01）	唐玄奘譯	小乘論
2-4560	1267-002笙10	28	笙10	入阿毘達磨論二卷（02）	唐玄奘譯	小乘論
2-4561	1268-001升01	32	陞01	眾事分阿毘曇論十二卷（01）	劉宋求那跋陀羅共菩提耶舍譯	小乘論
2-4562	1268-002升02	34	陞02	眾事分阿毘曇論十二卷（02）	劉宋求那跋陀羅共菩提耶舍譯	小乘論
2-4563	1268-003升03	45	陞03	眾事分阿毘曇論十二卷（03）	劉宋求那跋陀羅共菩提耶舍譯	小乘論
2-4564	1268-004升04	31	陞04	眾事分阿毘曇論十二卷（04）	劉宋求那跋陀羅共菩提耶舍譯	小乘論
2-4565	1268-005升05	33	陞05	眾事分阿毘曇論十二卷（05）	劉宋求那跋陀羅共菩提耶舍譯	小乘論
2-4566	1268-006升06	29	陞06	眾事分阿毘曇論十二卷（06）	劉宋求那跋陀羅共菩提耶舍譯	小乘論
2-4567	1268-007升07	26	陞07	眾事分阿毘曇論十二卷（07）	劉宋求那跋陀羅共菩提耶舍譯	小乘論
2-4568	1268-008升08	36	陞08	眾事分阿毘曇論十二卷（08）	劉宋求那跋陀羅共菩提耶舍譯	小乘論
2-4569	1268-009升09	36	陞09	眾事分阿毘曇論十二卷（09）	劉宋求那跋陀羅共菩提耶舍譯	小乘論
2-4570	1268-010升10	33	陞10	眾事分阿毘曇論十二卷（10）	劉宋求那跋陀羅共菩提耶舍譯	小乘論
2-4571	1268-011階01	34	階01	眾事分阿毘曇論十二卷（11）	劉宋求那跋陀羅共菩提耶舍譯	小乘論
2-4572	1268-012階02	41	階02	眾事分阿毘曇論十二卷（12）	劉宋求那跋陀羅共菩提耶舍譯	小乘論
2-4573	1269-001階03	30	階03	解脫道論十二卷（01）	梁僧伽婆羅譯	小乘論
2-4574	1269-002階04	47	階04	解脫道論十二卷（02-03）	梁僧伽婆羅譯	小乘論
2-4575	1269-003階05	33	階05	解脫道論十二卷（04）	梁僧伽婆羅譯	小乘論
2-4576	1269-004階06	38	階06	解脫道論十二卷（05）	梁僧伽婆羅譯	小乘論
2-4577	1269-005階07	35	階07	解脫道論十二卷（06）	梁僧伽婆羅譯	小乘論
2-4578	1269-006階08	33	階08	解脫道論十二卷（07）	梁僧伽婆羅譯	小乘論
2-4579	1269-007階09	38	階09	解脫道論十二卷（08）	梁僧伽婆羅譯	小乘論
2-4580	1269-008階10	29	階10	解脫道論十二卷（09）	梁僧伽婆羅譯	小乘論
2-4581	1269-009納01	0	納01	解脫道論十二卷（10）	梁僧伽婆羅譯	小乘論
2-4582	1269-010納02	0	納02	解脫道論十二卷（11）	梁僧伽婆羅譯	小乘論
2-4583	1269-011納03	0	納03	解脫道論十二卷（12）	梁僧伽婆羅譯	小乘論
2-4584	1270-001納04	36	納04	法勝阿毘曇心論六卷（01）	高齊那連提黎耶舍譯	小乘論
2-4585	1270-002納05	38	納05	法勝阿毘曇心論六卷（02）	高齊那連提黎耶舍譯	小乘論
2-4586	1270-003納06	39	納06	法勝阿毘曇心論六卷（03）	高齊那連提黎耶舍譯	小乘論
2-4587	1270-004納07	37	納07	法勝阿毘曇心論六卷（04）	高齊那連提黎耶舍譯	小乘論
2-4588	1270-005納08	36	納08	法勝阿毘曇心論六卷（05）	高齊那連提黎耶舍譯	小乘論
2-4589	1270-006納09	34	納09	法勝阿毘曇心論六卷（06）	高齊那連提黎耶舍譯	小乘論
2-4590	1271-001納10	0	納10	勝宗十句義論一卷	唐玄奘譯	小乘論
2-4591	1272-001陛01	42	陛01	阿毘達磨法蘊足論十卷（01）	唐玄奘譯	小乘論
2-4592	1272-002陛02	46	陛02	阿毘達磨法蘊足論十卷（02）	唐玄奘譯	小乘論
2-4593	1272-003陛03	36	陛03	阿毘達磨法蘊足論十卷（03）	唐玄奘譯	小乘論
2-4594	1272-004陛04	30	陛04	阿毘達磨法蘊足論十卷（04）	唐玄奘譯	小乘論
2-4595	1272-005陛05	31	陛05	阿毘達磨法蘊足論十卷（05）	唐玄奘譯	小乘論
2-4596	1272-006陛06	32	陛06	阿毘達磨法蘊足論十卷（06）	唐玄奘譯	小乘論
2-4597	1272-007陛07	32	陛07	阿毘達磨法蘊足論十卷（07）	唐玄奘譯	小乘論
2-4598	1272-008陛08	31	陛08	阿毘達磨法蘊足論十卷（08）	唐玄奘譯	小乘論
2-4599	1272-009陛09	40	陛09	阿毘達磨法蘊足論十卷（09）	唐玄奘譯	小乘論
2-4600	1272-010陛10	55	陛10	阿毘達磨法蘊足論十卷（10）	唐玄奘譯	小乘論
2-4601	1273-001弁01	34	弁01	立世阿毘曇論十卷（01）	陳真諦譯	小乘論
2-4602	1273-002弁02	42	弁02	立世阿毘曇論十卷（02）	陳真諦譯	小乘論
2-4603	1273-003弁03	30	弁03	立世阿毘曇論十卷（03）	陳真諦譯	小乘論
2-4604	1273-004弁04	21	弁04	立世阿毘曇論十卷（04）	陳真諦譯	小乘論
2-4605	1273-005弁05	25	弁05	立世阿毘曇論十卷（05）	陳真諦譯	小乘論
2-4606	1273-006弁06	30	弁06	立世阿毘曇論十卷（06）	陳真諦譯	小乘論
2-4607	1273-007弁07	33	弁07	立世阿毘曇論十卷（07）	陳真諦譯	小乘論
2-4608	1273-008弁08	47	弁08	立世阿毘曇論十卷（08）	陳真諦譯	小乘論
2-4609	1273-009弁09	37	弁09	立世阿毘曇論十卷（09）	陳真諦譯	小乘論
2-4610	1273-010弁10	30	弁10	立世阿毘曇論十卷（10）	陳真諦譯	小乘論
2-4611	1274-001轉01	0	轉01	大乘集菩薩學論二十五卷（01-02）	宋法護、日稱譯	宋元續入藏諸論
2-4612	1274-002轉02	0	轉02	大乘集菩薩學論二十五卷（03-04）	宋法護、日稱譯	宋元續入藏諸論
2-4613	1274-003轉03	0	轉03	大乘集菩薩學論二十五卷（05-06）	宋法護、日稱譯	宋元續入藏諸論
2-4614	1274-004轉04	0	轉04	大乘集菩薩學論二十五卷（07-08）	宋法護、日稱譯	宋元續入藏諸論
2-4615	1274-005轉05	0	轉05	大乘集菩薩學論二十五卷（09-10）	宋法護、日稱譯	宋元續入藏諸論
2-4616	1274-006轉06	0	轉06	大乘集菩薩學論二十五卷（11-12）	宋法護、日稱譯	宋元續入藏諸論
2-4617	1274-007轉07	0	轉07	大乘集菩薩學論二十五卷（13-14）	宋法護、日稱譯	宋元續入藏諸論
2-4618	1274-008轉08	0	轉08	大乘集菩薩學論二十五卷（15-17）	宋法護、日稱譯	宋元續入藏諸論
2-4619	1274-009轉09	0	轉09	大乘集菩薩學論二十五卷（18-20）	宋法護、日稱譯	宋元續入藏諸論
2-4620	1274-010轉10	0	轉10	大乘集菩薩學論二十五卷（21-22）	宋法護、日稱譯	宋元續入藏諸論
2-4621	1274-011疑01	57	疑01	大乘集菩薩學論二十五卷（23-25）	宋法護、日稱譯	宋元續入藏諸論
2-4622	1275-001疑02	32	疑02	大宗地玄文本論八卷（01-02）	陳真諦譯	宋元續入藏諸論
2-4623	1275-002疑03	39	疑03	大宗地玄文本論八卷（03-04）	陳真諦譯	宋元續入藏諸論
2-4624	1275-003疑04	32	疑04	大宗地玄文本論八卷（05-06）	陳真諦譯	宋元續入藏諸論
2-4625	1275-004疑05	34	疑05	大宗地玄文本論八卷（07-08）	陳真諦譯	宋元續入藏諸論
2-4626	1276-001疑06	39	疑06	金七十論三卷（01）	陳真諦譯	宋元續入藏諸論
2-4627	1276-002疑07	36	疑07	金七十論三卷（02）	陳真諦譯	宋元續入藏諸論
2-4628	1276-003疑08	34	疑08	金七十論三卷（03）	陳真諦譯	宋元續入藏諸論
2-4629	1277-001疑09	26	疑09	廣釋菩提心論四卷（01-02）	宋施護等譯	宋元續入藏諸論
2-4630	1277-002疑10	28	疑10	廣釋菩提心論四卷（03-04）	宋施護等譯	宋元續入藏諸論
2-4631	1278-001星01	30	星01	集諸法寶最上義論二卷（01-02）	宋施護譯	宋元續入藏諸論
2-4632	1279-001星02	35	星02	①金剛針論一卷②菩提心離相論一卷③大乘破有論一卷	①宋法天譯②宋施護譯③宋施護譯	宋元續入藏諸論
2-4633	1280-001星03	36	星03	①集大乘相論一卷②六十頌如理論一卷③大乘二十頌論一卷④佛母般若波羅蜜多圓集要義論一卷	宋施護譯	宋元續入藏諸論
2-4634	1281-001星04	0	星04	佛母般若波羅蜜多圓集要義釋論四卷（01-02）	宋施護等譯	宋元續入藏諸論
2-4635	1281-002星05	0	星05	佛母般若波羅蜜多圓集要義釋論四卷（03-04）	宋施護等譯	宋元續入藏諸論
2-4636	1282-001星06	0	星06	大乘寶要義論十卷（01-02）	宋法護、惟淨等譯	宋元續入藏諸論
2-4637	1282-002星07	0	星07	大乘寶要義論十卷（03-04）	宋法護、惟淨等譯	宋元續入藏諸論
2-4638	1282-003星08	0	星08	大乘寶要義論十卷（05-06）	宋法護、惟淨等譯	宋元續入藏諸論
2-4639	1282-004星09	0	星09	大乘寶要義論十卷（07-08）	宋法護、惟淨等譯	宋元續入藏諸論
2-4640	1282-005星10	0	星10	大乘寶要義論十卷（09-10）	宋法護、惟淨等譯	宋元續入藏諸論
2-4641	1283-001右01	0	右01	菩薩本生鬘論十六卷（01-02）	宋法護、惟淨等譯	宋元續入藏諸論
2-4642	1283-002右02	38	右02	菩薩本生鬘論十六卷（03-04）	宋法護、惟淨等譯	宋元續入藏諸論
2-4643	1283-003右03	44	右03	菩薩本生鬘論十六卷（05-06）	宋法護、惟淨等譯	宋元續入藏諸論
2-4644	1283-004右04	38	右04	菩薩本生鬘論十六卷（07-08）	宋法護、惟淨等譯	宋元續入藏諸論
2-4645	1283-005右05	34	右05	菩薩本生鬘論十六卷（09-10）	宋法護、惟淨等譯	宋元續入藏諸論
2-4646	1283-006右06	37	右06	菩薩本生鬘論十六卷（11-12）	宋法護、惟淨等譯	宋元續入藏諸論
2-4647	1283-007右07	45	右07	菩薩本生鬘論十六卷（13-14）	宋法護、惟淨等譯	宋元續入藏諸論
2-4648	1283-008右08	26	右08	菩薩本生鬘論十六卷（15）	宋法護、惟淨等譯	宋元續入藏諸論
2-4649	1283-009右09	28	右09	菩薩本生鬘論十六卷（16）	宋法護、惟淨等譯	宋元續入藏諸論
2-4650	1284-001右10	46	右10	①聖佛母般若波羅蜜多九頌精義論一卷②大乘緣生論一卷③諸教決定名義論一卷	①宋法護譯②唐不空譯③宋施護譯	宋元續入藏諸論
2-4651	1285-001通01	34	通01	大乘中觀釋論九卷（01-02）	宋惟淨等譯	宋元續入藏諸論
2-4652	1285-002通02	28	通02	大乘中觀釋論九卷（03-04）	宋惟淨等譯	宋元續入藏諸論
2-4653	1285-003通03	27	通03	大乘中觀釋論九卷（05-06）	宋惟淨等譯	宋元續入藏諸論
2-4654	1285-004通04	46	通04	大乘中觀釋論九卷（07-09）	宋惟淨等譯	宋元續入藏諸論
2-4655	1286-001通05	29	通05	施設論七卷（01-02）	宋法護譯	宋元續入藏諸論
2-4656	1286-002通06	27	通06	施設論七卷（03-04）	宋法護譯	宋元續入藏諸論
2-4657	1286-003通07	35	通07	施設論七卷（05-07）	宋法護譯	宋元續入藏諸論
2-4658	1287-001通08	27	通08	①大乘法界無差別論一卷②金剛頂瑜伽中發阿耨多羅三藐三菩提心論一卷	①唐提雲般若譯②唐不空譯	宋元續入藏諸論
2-4659	1288-001通09	36	通09	彰所知論二卷（01）	元發合思巴造、沙羅巴譯	宋元續入藏諸論
2-4660	1288-002通10	34	通10	彰所知論二卷（02）	元發合思巴造、沙羅巴譯	宋元續入藏諸論
2-4661	1289-001廣01	51	廣01	出曜經二十卷（01）	姚秦竺佛念譯	西土聖賢撰集
2-4662	1289-002廣02	53	廣02	出曜經二十卷（02）	姚秦竺佛念譯	西土聖賢撰集
2-4663	1289-003廣03	59	廣03	出曜經二十卷（03）	姚秦竺佛念譯	西土聖賢撰集
2-4664	1289-004廣04	44	廣04	出曜經二十卷（04）	姚秦竺佛念譯	西土聖賢撰集
2-4665	1289-005廣05	41	廣05	出曜經二十卷（05）	姚秦竺佛念譯	西土聖賢撰集
2-4666	1289-006廣06	55	廣06	出曜經二十卷（06）	姚秦竺佛念譯	西土聖賢撰集
2-4667	1289-007廣07	47	廣07	出曜經二十卷（07）	姚秦竺佛念譯	西土聖賢撰集
2-4668	1289-008廣08	59	廣08	出曜經二十卷（08）	姚秦竺佛念譯	西土聖賢撰集
2-4669	1289-009廣09	54	廣09	出曜經二十卷（09）	姚秦竺佛念譯	西土聖賢撰集
2-4670	1289-010廣10	37	廣10	出曜經二十卷（10）	姚秦竺佛念譯	西土聖賢撰集
2-4671	1289-011內01	0	內01	出曜經二十卷（11）	姚秦竺佛念譯	西土聖賢撰集
2-4672	1289-012內02	37	內02	出曜經二十卷（12）	姚秦竺佛念譯	西土聖賢撰集
2-4673	1289-013內03	47	內03	出曜經二十卷（13）	姚秦竺佛念譯	西土聖賢撰集
2-4674	1289-014內04	50	內04	出曜經二十卷（14）	姚秦竺佛念譯	西土聖賢撰集
2-4675	1289-015內05	36	內05	出曜經二十卷（15）	姚秦竺佛念譯	西土聖賢撰集
2-4676	1289-016內06	36	內06	出曜經二十卷（16）	姚秦竺佛念譯	西土聖賢撰集
2-4677	1289-017內07	67	內07	出曜經二十卷（17）	姚秦竺佛念譯	西土聖賢撰集
2-4678	1289-018內08	65	內08	出曜經二十卷（18）	姚秦竺佛念譯	西土聖賢撰集
2-4679	1289-019內09	59	內09	出曜經二十卷（19）	姚秦竺佛念譯	西土聖賢撰集
2-4680	1289-020內10	43	內10	出曜經二十卷（20）	姚秦竺佛念譯	西土聖賢撰集
2-4681	1290-001左01	49	左01	賢愚因緣經十三卷（01）	元魏慧覺共威德譯	西土聖賢撰集
2-4682	1290-002左02	49	左02	賢愚因緣經十三卷（02）	元魏慧覺共威德譯	西土聖賢撰集
2-4683	1290-003左03	31	左03	賢愚因緣經十三卷（03）	元魏慧覺共威德譯	西土聖賢撰集
2-4684	1290-004左04	45	左04	賢愚因緣經十三卷（04）	元魏慧覺共威德譯	西土聖賢撰集
2-4685	1290-005左05	34	左05	賢愚因緣經十三卷（05）	元魏慧覺共威德譯	西土聖賢撰集
2-4686	1290-006左06	45	左06	賢愚因緣經十三卷（06）	元魏慧覺共威德譯	西土聖賢撰集
2-4687	1290-007左07	46	左07	賢愚因緣經十三卷（07）	元魏慧覺共威德譯	西土聖賢撰集
2-4688	1290-008左08	40	左08	賢愚因緣經十三卷（08）	元魏慧覺共威德譯	西土聖賢撰集
2-4689	1290-009左09	37	左09	賢愚因緣經十三卷（09）	元魏慧覺共威德譯	西土聖賢撰集
2-4690	1290-010左10	41	左10	賢愚因緣經十三卷（10）	元魏慧覺共威德譯	西土聖賢撰集
2-4691	1290-011達01	45	達01	賢愚因緣經十三卷（11）	元魏慧覺共威德譯	西土聖賢撰集
2-4692	1290-012達02	45	達02	賢愚因緣經十三卷（12）	元魏慧覺共威德譯	西土聖賢撰集
2-4693	1290-013達03	44	達03	賢愚因緣經十三卷（13）	元魏慧覺共威德譯	西土聖賢撰集
2-4694	1291-001達04	38	達04	佛本行經七卷（01）	劉宋寶雲譯	西土聖賢撰集
2-4695	1291-002達05	40	達05	佛本行經七卷（02）	劉宋寶雲譯	西土聖賢撰集
2-4696	1291-003達06	34	達06	佛本行經七卷（03）	劉宋寶雲譯	西土聖賢撰集
2-4697	1291-004達07	41	達07	佛本行經七卷（04）	劉宋寶雲譯	西土聖賢撰集
2-4698	1291-005達08	43	達08	佛本行經七卷（05）	劉宋寶雲譯	西土聖賢撰集
2-4699	1291-006達09	33	達09	佛本行經七卷（06）	劉宋寶雲譯	西土聖賢撰集
2-4700	1291-007達10	38	達10	佛本行經七卷（07）	劉宋寶雲譯	西土聖賢撰集
2-4701	1292-001承01	32	承01	撰集百緣經十卷（01）	吳支謙譯	西土聖賢撰集
2-4702	1292-002承02	0	承02	撰集百緣經十卷（02）	吳支謙譯	西土聖賢撰集
2-4703	1292-003承03	22	承03	撰集百緣經十卷（03）	吳支謙譯	西土聖賢撰集
2-4704	1292-004承04	31	承04	撰集百緣經十卷（04）	吳支謙譯	西土聖賢撰集
2-4705	1292-005承05	30	承05	撰集百緣經十卷（05）	吳支謙譯	西土聖賢撰集
2-4706	1292-006承06	34	承06	撰集百緣經十卷（06）	吳支謙譯	西土聖賢撰集
2-4707	1292-007承07	23	承07	撰集百緣經十卷（07）	吳支謙譯	西土聖賢撰集
2-4708	1292-008承08	31	承08	撰集百緣經十卷（08）	吳支謙譯	西土聖賢撰集
2-4709	1292-009承09	31	承09	撰集百緣經十卷（09）	吳支謙譯	西土聖賢撰集
2-4710	1292-010承10	37	承10	撰集百緣經十卷（10）	吳支謙譯	西土聖賢撰集
2-4711	1293-001明01	45	明01	修行道地經八卷（01）	西晉竺法護譯	西土聖賢撰集
2-4712	1293-002明02	37	明02	修行道地經八卷（02）	西晉竺法護譯	西土聖賢撰集
2-4713	1293-003明03	34	明03	修行道地經八卷（03）	西晉竺法護譯	西土聖賢撰集
2-4714	1293-004明04	21	明04	修行道地經八卷（04）	西晉竺法護譯	西土聖賢撰集
2-4715	1293-005明05	37	明05	修行道地經八卷（05）	西晉竺法護譯	西土聖賢撰集
2-4716	1293-006明06	0	明06	修行道地經八卷（06）	西晉竺法護譯	西土聖賢撰集
2-4717	1293-007明07	29	明07	修行道地經八卷（07）	西晉竺法護譯	西土聖賢撰集
2-4718	1293-008明08	39	明08	修行道地經八卷（08）	西晉竺法護譯	西土聖賢撰集
2-4719	1294-001明09	36	明09	道地經一卷	後漢安世高譯	西土聖賢撰集
2-4720	1295-001明10	35	明10	①佛說佛醫經一卷②惟日雜難經一卷	①吳竺律炎共支越譯②吳支謙譯	西土聖賢撰集
2-4721	1296-001既01	39	既01	雜寶藏經八卷（01）	元魏吉迦夜共曇曜譯	西土聖賢撰集
2-4722	1296-002既02	37	既02	雜寶藏經八卷（02）	元魏吉迦夜共曇曜譯	西土聖賢撰集
2-4723	1296-003既03	40	既03	雜寶藏經八卷（03）	元魏吉迦夜共曇曜譯	西土聖賢撰集
2-4724	1296-004既04	37	既04	雜寶藏經八卷（04）	元魏吉迦夜共曇曜譯	西土聖賢撰集
2-4725	1296-005既05	35	既05	雜寶藏經八卷（05）	元魏吉迦夜共曇曜譯	西土聖賢撰集
2-4726	1296-006既06	35	既06	雜寶藏經八卷（06）	元魏吉迦夜共曇曜譯	西土聖賢撰集
2-4727	1296-007既07	34	既07	雜寶藏經八卷（07）	元魏吉迦夜共曇曜譯	西土聖賢撰集
2-4728	1296-008既08	36	既08	雜寶藏經八卷（08）	元魏吉迦夜共曇曜譯	西土聖賢撰集
2-4729	1297-001既09	0	既09	①迦葉赴佛般涅槃經一卷②瑜伽翳迦訖沙羅烏瑟尼沙斫訖羅真言安怛陀那儀則一字頂輪王瑜伽經一卷③佛入涅槃密跡金剛力士哀戀經一卷④佛使比丘迦旃延說法沒盡偈經一卷⑤佛說佛治身經一卷⑥治意經一卷	①東晉曇無蘭譯②唐不空譯③失譯人名附秦錄④失譯人名附西晉錄⑤失譯人名附西晉錄⑥失譯人名附西晉錄	西土聖賢撰集
2-4730	1298-001既10	29	既10	①文殊師利發願經一卷②六菩薩名亦當誦持經一卷③小道地經一卷④阿含口解十二因緣經一卷	①東晉佛陀跋陀羅譯②失譯人名附後漢錄③後漢支曜譯④後漢安玄共嚴佛調譯	西土聖賢撰集
2-4731	1299-001集01	0	集01	付法藏因緣經六卷（01）	元魏吉迦夜共曇曜譯	西土聖賢撰集
2-4732	1299-002集02	0	集02	付法藏因緣經六卷（02）	元魏吉迦夜共曇曜譯	西土聖賢撰集
2-4733	1299-003集03	0	集03	付法藏因緣經六卷（03）	元魏吉迦夜共曇曜譯	西土聖賢撰集
2-4734	1299-004集04	0	集04	付法藏因緣經六卷（04）	元魏吉迦夜共曇曜譯	西土聖賢撰集
2-4735	1299-005集05	0	集05	付法藏因緣經六卷（05）	元魏吉迦夜共曇曜譯	西土聖賢撰集
2-4736	1299-006集06	0	集06	付法藏因緣經六卷（06）	元魏吉迦夜共曇曜譯	西土聖賢撰集
2-4737	1300-001集07	0	集07	達磨多羅禪經二卷（01）	東晉佛陀跋陀羅譯	西土聖賢撰集
2-4738	1300-002集08	0	集08	達磨多羅禪經二卷（02）	東晉佛陀跋陀羅譯	西土聖賢撰集
2-4739	1301-001集09	38	集09	禪法要解經二卷（01）	姚秦鳩摩羅什譯	西土聖賢撰集
2-4740	1301-002集10	0	集10	禪法要解經二卷（02）	姚秦鳩摩羅什譯	西土聖賢撰集
2-4741	1302-001墳01	0	墳01	阿育王經十卷（01-02）	梁僧伽婆羅譯	西土聖賢撰集
2-4742	1302-002墳02	29	墳02	阿育王經十卷（03）	梁僧伽婆羅譯	西土聖賢撰集
2-4743	1302-003墳03	31	墳03	阿育王經十卷（04-05）	梁僧伽婆羅譯	西土聖賢撰集
2-4744	1302-004墳04	45	墳04	阿育王經十卷（06-07）	梁僧伽婆羅譯	西土聖賢撰集
2-4745	1302-005墳05	49	墳05	阿育王經十卷（08-09）	梁僧伽婆羅譯	西土聖賢撰集
2-4746	1302-006墳06	27	墳06	阿育王經十卷（10）	梁僧伽婆羅譯	西土聖賢撰集
2-4747	1303-001墳07	54	墳07	①阿育王譬喻經一卷②三慧經一卷③阿毘曇五法行經一卷	①失譯人名附東晉錄②失譯人名附北涼錄③後漢安世高譯	西土聖賢撰集
2-4748	1304-001墳08	35	墳08	①賓頭盧突羅闍為優陀延王說法緣經一卷②請賓頭盧經一卷③大勇菩薩分別業報略經一卷	①劉宋求那跋陀羅譯②劉宋慧簡譯③劉宋僧伽跋摩譯	西土聖賢撰集
2-4749	1305-001墳09	0	墳09	坐禪三昧法門經二卷（01）	姚秦鳩摩羅什譯	西土聖賢撰集
2-4750	1305-002墳10	53	墳10	坐禪三昧法門經二卷（02）	姚秦鳩摩羅什譯	西土聖賢撰集
2-4751	1306-001典01	43	典01	佛所行贊經五卷（01）	北涼曇無讖譯	西土聖賢撰集
2-4752	1306-002典02	0	典02	佛所行贊經五卷（02）	北涼曇無讖譯	西土聖賢撰集
2-4753	1306-003典03	0	典03	佛所行贊經五卷（03）	北涼曇無讖譯	西土聖賢撰集
2-4754	1306-004典04	0	典04	佛所行贊經五卷（04）	北涼曇無讖譯	西土聖賢撰集
2-4755	1306-005典05	50	典05	佛所行贊經五卷（05）	北涼曇無讖譯	西土聖賢撰集
2-4756	1307-001典06	50	典06	僧伽羅剎所集佛行經五卷（01）	苻秦僧伽跋澄譯	西土聖賢撰集
2-4757	1307-002典07	34	典07	僧伽羅剎所集佛行經五卷（02）	苻秦僧伽跋澄譯	西土聖賢撰集
2-4758	1307-003典08	30	典08	僧伽羅剎所集佛行經五卷（03）	苻秦僧伽跋澄譯	西土聖賢撰集
2-4759	1307-004典09	35	典09	僧伽羅剎所集佛行經五卷（04）	苻秦僧伽跋澄譯	西土聖賢撰集
2-4760	1307-005典10	0	典10	僧伽羅剎所集佛行經五卷（05）	苻秦僧伽跋澄譯	西土聖賢撰集
2-4761	1308-001亦01	0	亦01	法句譬喻經四卷（01）	西晉法炬共法立譯	西土聖賢撰集
2-4762	1308-002亦02	0	亦02	法句譬喻經四卷（02）	西晉法炬共法立譯	西土聖賢撰集
2-4763	1308-003亦03	0	亦03	法句譬喻經四卷（03）	西晉法炬共法立譯	西土聖賢撰集
2-4764	1308-004亦04	0	亦04	法句譬喻經四卷（04）	西晉法炬共法立譯	西土聖賢撰集
2-4765	1309-001亦05	0	亦05	菩提行經四卷（01-02）	宋天息災譯	西土聖賢撰集
2-4766	1309-002亦06	40	亦06	菩提行經四卷（03-04）	宋天息災譯	西土聖賢撰集
2-4767	1310-001亦07	37	亦07	金剛頂一切如來真實攝大乘現證大教王經二卷（01）	唐不空譯	西土聖賢撰集
2-4768	1310-002亦08	0	亦08	金剛頂一切如來真實攝大乘現證大教王經二卷（02）	唐不空譯	西土聖賢撰集
2-4769	1311-001亦09	0	亦09	文殊菩薩及諸仙所說吉凶時日善惡宿曜經二卷（01）	唐不空譯	西土聖賢撰集
2-4770	1311-002亦10	37	亦10	文殊菩薩及諸仙所說吉凶時日善惡宿曜經二卷（02）	唐不空譯	西土聖賢撰集
2-4771	1312-001聚01	0	聚01	僧伽斯那所撰菩薩本緣經四卷（01）	吳支謙譯	西土聖賢撰集
2-4772	1312-002聚02	30	聚02	僧伽斯那所撰菩薩本緣經四卷（02）	吳支謙譯	西土聖賢撰集
2-4773	1312-003聚03	25	聚03	僧伽斯那所撰菩薩本緣經四卷（03）	吳支謙譯	西土聖賢撰集
2-4774	1312-004聚04	0	聚04	僧伽斯那所撰菩薩本緣經四卷（04）	吳支謙譯	西土聖賢撰集
2-4775	1313-001聚05	0	聚05	那先比丘經三卷（01）	失譯人名附東晉錄	西土聖賢撰集
2-4776	1313-002聚06	0	聚06	那先比丘經三卷（02）	失譯人名附東晉錄	西土聖賢撰集
2-4777	1313-003聚07	25	聚07	那先比丘經三卷（03）	失譯人名附東晉錄	西土聖賢撰集
2-4778	1314-001聚08	38	聚08	舊雜譬喻經二卷（01）	吳康僧會譯	西土聖賢撰集
2-4779	1314-002聚09	0	聚09	舊雜譬喻經二卷（02）	吳康僧會譯	西土聖賢撰集
2-4780	1315-001聚10	0	聚10	①禪要訶欲經一卷②內身觀章句經一卷③法觀經一卷④迦葉結經一卷	①失譯人名附後漢錄②失譯人名附後漢錄③西晉竺法護譯④後漢安世高譯	西土聖賢撰集
2-4781	1316-001群01	0	群01	百喻經二卷（01）	蕭齊求那毘地譯	西土聖賢撰集
2-4782	1316-002群02	0	群02	百喻經二卷（02）	蕭齊求那毘地譯	西土聖賢撰集
2-4783	1317-001群03	0	群03	法句經二卷（01）	吳維只難等譯	西土聖賢撰集
2-4784	1317-002群04	0	群04	法句經二卷（02）	吳維只難等譯	西土聖賢撰集
2-4785	1318-001群05	0	群05	眾經撰雜譬喻經二卷（01）	姚秦鳩摩羅什譯	西土聖賢撰集
2-4786	1318-002群06	0	群06	眾經撰雜譬喻經二卷（02）	姚秦鳩摩羅什譯	西土聖賢撰集
2-4787	1319-001群07	0	群07	阿育王子法益壞目因緣經一卷	苻秦曇摩難提譯	西土聖賢撰集
2-4788	1320-001群08	0	群08	雜譬喻經二卷（01-02）	失譯人名附後漢錄	西土聖賢撰集
2-4789	1321-001群09	0	群09	無明羅剎經一卷	失譯人名附秦錄	西土聖賢撰集
2-4790	1322-001群10	27	群10	文殊所說最勝名義經二卷（01-02）	宋金總持等譯	西土聖賢撰集
2-4791	1323-001英01	37	英01	①迦丁比丘說當來變經一卷②雜譬喻經一卷	①失譯人名附劉宋錄②後漢支婁迦讖譯	西土聖賢撰集
2-4792	1324-001英02	30	英02	①思惟要略法一卷②十二游經一卷	①姚秦鳩摩羅什譯②東晉迦留陀伽譯	西土聖賢撰集
2-4793	1325-001英03	36	英03	①賢聖集伽陀一百頌一卷②廣大發願頌一卷③無能勝大明陀羅尼經一卷④無能勝大明心陀羅尼經一卷⑤十不善業道經一卷	①宋天息災譯②宋施護等譯③宋法天譯④宋法天譯⑤宋日稱等譯	西土聖賢撰集
2-4794	1326-001英04	51	英04	大乘修行菩薩行門諸經要集三卷（01）	唐智嚴譯	西土聖賢撰集
2-4795	1326-002英05	54	英05	大乘修行菩薩行門諸經要集三卷（02）	唐智嚴譯	西土聖賢撰集
2-4796	1326-003英06	59	英06	大乘修行菩薩行門諸經要集三卷（03）	唐智嚴譯	西土聖賢撰集
2-4797	1327-001英07	49	英07	四阿含暮抄解二卷（01）	苻秦鳩摩羅弗提等譯	西土聖賢撰集
2-4798	1327-002英08	45	英08	四阿含暮抄解二卷（02）	苻秦鳩摩羅弗提等譯	西土聖賢撰集
2-4799	1328-001英09	45	英09	五門禪經要用法一卷	宋曇摩密多譯	西土聖賢撰集
2-4800	1329-001英10	54	英10	金剛頂瑜伽千手千眼觀自在菩薩修行儀軌經一卷	唐不空譯	西土聖賢撰集
2-4801	1330-001杜01	45	杜01	密跡力士大權神王經偈頌一卷	元管主八撰	西土聖賢撰集
2-4802	1331-001杜02	31	杜02	一切秘密最上名義大教王儀軌二卷（01-02）	宋施護譯	西土聖賢撰集
2-4803	1332-001杜03	0	杜03	①大樂金剛薩埵修行成就儀軌一卷②曼殊室利菩薩吉祥伽陀一卷	①唐不空譯②宋法賢譯	西土聖賢撰集
2-4804	1333-001杜04	0	杜04	成就妙法蓮華經王瑜伽觀智儀軌一卷	唐不空譯	西土聖賢撰集
2-4805	1334-001杜05	31	杜05	①金剛頂瑜伽降三世成就極深密門一卷②金剛頂瑜伽他化自在天理趣會普賢修行念誦儀軌一卷	①唐不空共遍智譯②唐不空譯	西土聖賢撰集
2-4806	1335-001杜06	50	杜06	①金剛壽命陀羅尼念誦法一卷②大藥叉女歡喜母并愛子成就法一卷③佛說帝釋巖秘密成就儀軌一卷④觀自在菩薩如意輪念誦儀軌一卷	①唐金剛智共不空譯②唐不空譯③宋施護譯④唐不空譯	西土聖賢撰集
2-4807	1336-001杜07	24	杜07	①大毘盧遮那成佛神變加持經略示七支念誦隨行法一卷②速疾立驗摩醯首羅天說阿尾奢法一卷③大聖曼殊室利童子五字瑜伽法一卷	唐不空譯	西土聖賢撰集
2-4808	1337-001杜08	54	杜08	①大威怒烏芻澀麼儀軌一卷②大孔雀明王畫像壇場儀軌一卷③金剛頂瑜伽金剛薩埵儀軌一卷	唐不空譯	西土聖賢撰集
2-4809	1338-001杜09	0	杜09	①一字金輪王佛頂要略念誦法一卷②觀自在菩薩如意輪瑜伽念誦法一卷③大聖大歡喜雙身毘那耶迦法一卷④大日經略攝念誦隨行法一卷	唐不空譯	西土聖賢撰集
2-4810	1339-001杜10	30	杜10	①五字陀羅尼頌一卷②仁王般若陀羅尼釋一卷	唐不空譯	西土聖賢撰集
2-4811	1340-001稿01	28	藁01	大樂金剛不空真實三昧耶經般若波羅蜜多理趣釋二卷（01）	唐不空譯	西土聖賢撰集
2-4812	1340-002稿02	38	藁02	大樂金剛不空真實三昧耶經般若波羅蜜多理趣釋二卷（02）	唐不空譯	西土聖賢撰集
2-4813	1341-001稿03	32	藁03	佛說最勝妙吉祥根本智最上秘密一切名義三摩地分二卷（01-02）	宋施護譯	西土聖賢撰集
2-4814	1342-001稿04	40	藁04	①金剛王菩薩秘密念誦儀軌一卷②金剛頂勝初瑜伽普賢菩薩念誦法經一卷	唐不空譯	西土聖賢撰集
2-4815	1343-001稿05	47	藁05	①金剛頂瑜伽金剛薩埵五秘密修行念誦儀軌一卷②無量壽如來修觀行供養儀軌一卷	唐不空譯	西土聖賢撰集
2-4816	1344-001稿06	0	藁06	甘露軍荼利菩薩供養念誦成就儀軌一卷	唐不空譯	西土聖賢撰集
2-4817	1345-001稿07	31	藁07	①觀自在多羅瑜伽念誦法一卷②聖觀自在菩薩心真言瑜伽觀行儀軌一卷	唐不空譯	西土聖賢撰集
2-4818	1346-001稿08	26	藁08	①菩薩訶色欲法一卷②四品學法一卷③大虛空藏菩薩念誦法一卷④仁王般若念誦法一卷	①姚秦鳩摩羅什譯②劉宋求那跋陀羅譯③唐不空譯④唐不空譯	西土聖賢撰集
2-4819	1347-001稿09	42	藁09	①阿閦如來念誦供養法一卷②佛頂尊勝陀羅尼念誦儀軌一卷	唐不空譯	西土聖賢撰集
2-4820	1348-001稿10	41	藁10	①聖閻曼德迦威怒王立成大神驗念誦法一卷②大乘方廣曼殊室利菩薩華嚴本教贊閻曼德迦忿怒真言大威德儀軌品一卷③大方廣曼殊室利童真菩薩華嚴本教贊閻曼德迦忿怒王真言阿毘遮嚕迦儀軌品一卷	唐不空譯	西土聖賢撰集
2-4821	1349-001鍾01	31	鍾01	蘇悉地羯羅供養法三卷（01）	唐善無畏譯	西土聖賢撰集
2-4822	1349-002鍾02	40	鍾02	蘇悉地羯羅供養法三卷（02-03）	唐善無畏譯	西土聖賢撰集
2-4823	1350-001鍾03	47	鍾03	①不動使者陀羅尼秘密法一卷②金剛頂瑜伽修習毘盧遮那三摩地法一卷	①唐金剛菩提譯②唐金剛智譯	西土聖賢撰集
2-4824	1351-001鍾04	32	鍾04	①金剛頂瑜伽經文殊師利菩薩儀軌供養法一卷②瑜伽蓮華部念誦法一卷	唐不空譯	西土聖賢撰集
2-4825	1353-001鍾05	26	鍾05	金剛頂經瑜伽觀自在王如來修行法一卷	唐金剛智譯	西土聖賢撰集
2-4826	1354-001鍾06	39	鍾06	①金剛頂經觀自在王如來修行法一卷②金剛手光明灌頂經最勝立印聖無動尊大威怒王念誦儀軌一卷	①唐不空譯②唐不空共遍智譯	西土聖賢撰集
2-4827	1355-001鍾07	41	鍾07	①略述金剛頂瑜伽分別聖位修證法門一卷②一字佛頂輪王念誦儀軌一卷	唐不空譯	西土聖賢撰集
2-4828	1356-001鍾08	32	鍾08	仁王護國般若波羅蜜多經道場念誦軌儀一卷	唐不空譯	西土聖賢撰集
2-4829	1357-001鍾09	51	鍾09	金剛頂蓮華部心念誦儀軌一卷	唐不空譯	西土聖賢撰集
2-4830	1358-001鍾10	41	鍾10	①佛說如意輪蓮華心如來修行觀門儀一卷②妙吉祥平等瑜伽秘密觀身成佛儀軌一卷	宋慈賢譯	西土聖賢撰集
2-4831	1359-001隸01	29	隸01	法集要頌經四卷（01）	宋天息災譯	西土聖賢撰集
2-4832	1359-002隸02	27	隸02	法集要頌經四卷（02）	宋天息災譯	西土聖賢撰集
2-4833	1359-003隸03	22	隸03	法集要頌經四卷（03）	宋天息災譯	西土聖賢撰集
2-4834	1359-004隸04	24	隸04	法集要頌經四卷（04）	宋天息災譯	西土聖賢撰集
2-4835	1360-001隸05	0	隸05	①勸發諸王要偈一卷②龍樹菩薩勸誡王頌一卷	①劉宋求那跋摩譯②唐義淨譯	西土聖賢撰集
2-4836	1361-001隸06	41	隸06	①普賢金剛薩埵瑜伽念誦儀一卷②金剛頂瑜伽護摩儀軌一卷	①唐不空譯②唐智藏譯	西土聖賢撰集
2-4837	1362-001隸07	35	隸07	①大悲心陀羅尼修行念誦略儀一卷②妙吉祥平等觀門大教王經略出護摩儀一卷③金剛頂超勝三界經說文殊五字真言勝相一卷	①唐不空譯②宋慈賢譯③唐不空譯	西土聖賢撰集
2-4838	1363-001隸08	27	隸08	①金剛頂經瑜伽文殊師利菩薩法一品一卷②金剛頂瑜伽經十八會指歸一卷③訶利帝母真言法一卷	唐不空譯	西土聖賢撰集
2-4839	1364-001隸09	45	隸09	①大方廣佛華嚴經入法界品四十二字觀一卷②般若波羅蜜多理趣經大安樂不空三昧真實金剛菩薩等一十七聖大曼荼羅義述一卷③陀羅尼門諸部要目一卷④金剛頂瑜伽三十七尊禮一卷⑤受菩提心戒儀一卷⑥大聖文殊師利菩薩贊佛法身禮一卷	唐不空譯	西土聖賢撰集
2-4840	1365-001隸10	29	隸10	①一百五十贊佛頌一卷②百千頌大集經地藏菩薩請問法身贊一卷	①唐義淨譯②唐不空譯	西土聖賢撰集
2-4841	1366-001漆01	44	漆01	佛吉祥德贊三卷（01-03）	宋施護譯	西土聖賢撰集
2-4842	1367-001漆02	0	漆02	阿育王傳五卷（01）	西晉安法欽譯	西土聖賢撰集
2-4843	1367-002漆03	0	漆03	阿育王傳五卷（02）	西晉安法欽譯	西土聖賢撰集
2-4844	1367-003漆04	49	漆04	阿育王傳五卷（03）	西晉安法欽譯	西土聖賢撰集
2-4845	1367-004漆05	28	漆05	阿育王傳五卷（04）	西晉安法欽譯	西土聖賢撰集
2-4846	1367-005漆06	42	漆06	阿育王傳五卷（05）	西晉安法欽譯	西土聖賢撰集
2-4847	1368-001漆07	22	漆07	①馬鳴菩薩傳一卷②龍樹菩薩傳一卷③提婆菩薩傳一卷	姚秦鳩摩羅什譯	西土聖賢撰集
2-4848	1369-001漆08	0	漆08	①婆藪盤豆傳一卷②龍樹菩薩為禪陀迦王說法要偈一卷	①陳真諦譯②劉宋求那跋摩譯	西土聖賢撰集
2-4849	1370-001漆09	30	漆09	①撰集三藏及雜藏傳一卷②大阿羅漢難提蜜多羅所說法住記一卷	①失譯人名附東晉錄②唐玄奘譯	西土聖賢撰集
2-4850	1371-001漆10	0	漆10	瑜伽集要焰口施食儀一卷	唐不空譯	西土聖賢撰集
2-4851	1372-001書01	56	書01	釋迦譜十卷（01）	蕭齊僧佑撰	此土著述
2-4852	1372-002書02	49	書02	釋迦譜十卷（02）	蕭齊僧佑撰	此土著述
2-4853	1372-003書03	48	書03	釋迦譜十卷（03）	蕭齊僧佑撰	此土著述
2-4854	1372-004書04	53	書04	釋迦譜十卷（04）	蕭齊僧佑撰	此土著述
2-4855	1372-005書05	49	書05	釋迦譜十卷（05）	蕭齊僧佑撰	此土著述
2-4856	1372-006書06	41	書06	釋迦譜十卷（06）	蕭齊僧佑撰	此土著述
2-4857	1372-007書07	50	書07	釋迦譜十卷（07）	蕭齊僧佑撰	此土著述
2-4858	1372-008書08	33	書08	釋迦譜十卷（08）	蕭齊僧佑撰	此土著述
2-4859	1372-009書09	49	書09	釋迦譜十卷（09）	蕭齊僧佑撰	此土著述
2-4860	1372-010書10	48	書10	釋迦譜十卷（10）	蕭齊僧佑撰	此土著述
2-4861	1373-001壁01	41	壁01	釋迦氏譜二卷（01）	唐道宣撰	此土著述
2-4862	1373-002壁02	49	壁02	釋迦氏譜二卷（02）	唐道宣撰	此土著述
2-4863	1374-001壁03	54	壁03	釋迦方志三卷（01）	唐道宣撰	此土著述
2-4864	1374-002壁04	52	壁04	釋迦方志三卷（02）	唐道宣撰	此土著述
2-4865	1374-003壁05	56	壁05	釋迦方志三卷（03）	唐道宣撰	此土著述
2-4866	1375-001壁06	49	壁06	集古今佛道論衡實錄四卷（01）	唐道宣撰	此土著述
2-4867	1375-002壁07	47	壁07	集古今佛道論衡實錄四卷（02）	唐道宣撰	此土著述
2-4868	1375-003壁08	47	壁08	集古今佛道論衡實錄四卷（03）	唐道宣撰	此土著述
2-4869	1375-004壁09	49	壁09	集古今佛道論衡實錄四卷（04）	唐道宣撰	此土著述
2-4870	1376-001壁10	39	壁10	續集古今佛道論衡一卷	唐智昇撰	此土著述
2-4871	1377-001經01	44	經01	經律異相五十卷（01）	梁寶唱等撰	此土著述
2-4872	1377-002經02	0	經02	經律異相五十卷（02）	梁寶唱等撰	此土著述
2-4873	1377-003經03	0	經03	經律異相五十卷（03）	梁寶唱等撰	此土著述
2-4874	1377-004經04	0	經04	經律異相五十卷（04）	梁寶唱等撰	此土著述
2-4875	1377-005經05	0	經05	經律異相五十卷（05）	梁寶唱等撰	此土著述
2-4876	1377-006經06	0	經06	經律異相五十卷（06）	梁寶唱等撰	此土著述
2-4877	1377-007經07	0	經07	經律異相五十卷（07）	梁寶唱等撰	此土著述
2-4878	1377-008經08	43	經08	經律異相五十卷（08）	梁寶唱等撰	此土著述
2-4879	1377-009經09	0	經09	經律異相五十卷（09）	梁寶唱等撰	此土著述
2-4880	1377-010經10	0	經10	經律異相五十卷（10）	梁寶唱等撰	此土著述
2-4881	1377-011府01	35	府01	經律異相五十卷（11）	梁寶唱等撰	此土著述
2-4882	1377-012府02	0	府02	經律異相五十卷（12）	梁寶唱等撰	此土著述
2-4883	1377-013府03	32	府03	經律異相五十卷（13）	梁寶唱等撰	此土著述
2-4884	1377-014府04	0	府04	經律異相五十卷（14）	梁寶唱等撰	此土著述
2-4885	1377-015府05	0	府05	經律異相五十卷（15）	梁寶唱等撰	此土著述
2-4886	1377-016府06	33	府06	經律異相五十卷（16）	梁寶唱等撰	此土著述
2-4887	1377-017府07	0	府07	經律異相五十卷（17）	梁寶唱等撰	此土著述
2-4888	1377-018府08	0	府08	經律異相五十卷（18）	梁寶唱等撰	此土著述
2-4889	1377-019府09	0	府09	經律異相五十卷（19）	梁寶唱等撰	此土著述
2-4890	1377-020府10	0	府10	經律異相五十卷（20）	梁寶唱等撰	此土著述
2-4891	1377-021羅01	32	羅01	經律異相五十卷（21）	梁寶唱等撰	此土著述
2-4892	1377-022羅02	0	羅02	經律異相五十卷（22）	梁寶唱等撰	此土著述
2-4893	1377-023羅03	45	羅03	經律異相五十卷（23）	梁寶唱等撰	此土著述
2-4894	1377-024羅04	0	羅04	經律異相五十卷（24）	梁寶唱等撰	此土著述
2-4895	1377-025羅05	0	羅05	經律異相五十卷（25）	梁寶唱等撰	此土著述
2-4896	1377-026羅06	0	羅06	經律異相五十卷（26）	梁寶唱等撰	此土著述
2-4897	1377-027羅07	30	羅07	經律異相五十卷（27）	梁寶唱等撰	此土著述
2-4898	1377-028羅08	0	羅08	經律異相五十卷（28）	梁寶唱等撰	此土著述
2-4899	1377-029羅09	0	羅09	經律異相五十卷（29）	梁寶唱等撰	此土著述
2-4900	1377-030羅10	0	羅10	經律異相五十卷（30）	梁寶唱等撰	此土著述
2-4901	1377-031將01	52	將01	經律異相五十卷（31）	梁寶唱等撰	此土著述
2-4902	1377-032將02	48	將02	經律異相五十卷（32）	梁寶唱等撰	此土著述
2-4903	1377-033將03	36	將03	經律異相五十卷（33）	梁寶唱等撰	此土著述
2-4904	1377-034將04	0	將04	經律異相五十卷（34）	梁寶唱等撰	此土著述
2-4905	1377-035將05	0	將05	經律異相五十卷（35）	梁寶唱等撰	此土著述
2-4906	1377-036將06	37	將06	經律異相五十卷（36）	梁寶唱等撰	此土著述
2-4907	1377-037將07	27	將07	經律異相五十卷（37）	梁寶唱等撰	此土著述
2-4908	1377-038將08	22	將08	經律異相五十卷（38）	梁寶唱等撰	此土著述
2-4909	1377-039將09	29	將09	經律異相五十卷（39）	梁寶唱等撰	此土著述
2-4910	1377-040將10	0	將10	經律異相五十卷（40）	梁寶唱等撰	此土著述
2-4911	1377-041相01	32	相01	經律異相五十卷（41）	梁寶唱等撰	此土著述
2-4912	1377-042相02	14	相02	經律異相五十卷（42）	梁寶唱等撰	此土著述
2-4913	1377-043相03	36	相03	經律異相五十卷（43）	梁寶唱等撰	此土著述
2-4914	1377-044相04	46	相04	經律異相五十卷（44）	梁寶唱等撰	此土著述
2-4915	1377-045相05	24	相05	經律異相五十卷（45）	梁寶唱等撰	此土著述
2-4916	1377-046相06	36	相06	經律異相五十卷（46）	梁寶唱等撰	此土著述
2-4917	1377-047相07	56	相07	經律異相五十卷（47）	梁寶唱等撰	此土著述
2-4918	1377-048相08	32	相08	經律異相五十卷（48）	梁寶唱等撰	此土著述
2-4919	1377-049相09	27	相09	經律異相五十卷（49）	梁寶唱等撰	此土著述
2-4920	1377-050相10	40	相10	經律異相五十卷（50）	梁寶唱等撰	此土著述
2-4921	1378-001路01	51	路01	諸經要集三十卷（01）	唐道世撰	此土著述
2-4922	1378-002路02	34	路02	諸經要集三十卷（02）	唐道世撰	此土著述
2-4923	1378-003路03	32	路03	諸經要集三十卷（03）	唐道世撰	此土著述
2-4924	1378-004路04	52	路04	諸經要集三十卷（04）	唐道世撰	此土著述
2-4925	1378-005路05	36	路05	諸經要集三十卷（05）	唐道世撰	此土著述
2-4926	1378-006路06	32	路06	諸經要集三十卷（06）	唐道世撰	此土著述
2-4927	1378-007路07	51	路07	諸經要集三十卷（07）	唐道世撰	此土著述
2-4928	1378-008路08	40	路08	諸經要集三十卷（08）	唐道世撰	此土著述
2-4929	1378-009路09	0	路09	諸經要集三十卷（09）	唐道世撰	此土著述
2-4930	1378-010路10	57	路10	諸經要集三十卷（10）	唐道世撰	此土著述
2-4931	1378-011俠01	0	俠01	諸經要集三十卷（11）	唐道世撰	此土著述
2-4932	1378-012俠02	0	俠02	諸經要集三十卷（12）	唐道世撰	此土著述
2-4933	1378-013俠03	0	俠03	諸經要集三十卷（13）	唐道世撰	此土著述
2-4934	1378-014俠04	0	俠04	諸經要集三十卷（14）	唐道世撰	此土著述
2-4935	1378-015俠05	0	俠05	諸經要集三十卷（15）	唐道世撰	此土著述
2-4936	1378-016俠06	0	俠06	諸經要集三十卷（16）	唐道世撰	此土著述
2-4937	1378-017俠07	0	俠07	諸經要集三十卷（17）	唐道世撰	此土著述
2-4938	1378-018俠08	0	俠08	諸經要集三十卷（18）	唐道世撰	此土著述
2-4939	1378-019俠09	0	俠09	諸經要集三十卷（19）	唐道世撰	此土著述
2-4940	1378-020俠10	0	俠10	諸經要集三十卷（20）	唐道世撰	此土著述
2-4941	1378-021槐01	0	槐01	諸經要集三十卷（21）	唐道世撰	此土著述
2-4942	1378-022槐02	0	槐02	諸經要集三十卷（22）	唐道世撰	此土著述
2-4943	1378-023槐03	0	槐03	諸經要集三十卷（23）	唐道世撰	此土著述
2-4944	1378-024槐04	0	槐04	諸經要集三十卷（24）	唐道世撰	此土著述
2-4945	1378-025槐05	0	槐05	諸經要集三十卷（25）	唐道世撰	此土著述
2-4946	1378-026槐06	0	槐06	諸經要集三十卷（26）	唐道世撰	此土著述
2-4947	1378-027槐07	0	槐07	諸經要集三十卷（27）	唐道世撰	此土著述
2-4948	1378-028槐08	0	槐08	諸經要集三十卷（28）	唐道世撰	此土著述
2-4949	1378-029槐09	0	槐09	諸經要集三十卷（29）	唐道世撰	此土著述
2-4950	1378-030槐10	0	槐10	諸經要集三十卷（30）	唐道世撰	此土著述
2-4951	1379-001卿01	31	卿01	陀羅尼雜集十卷（01）	失譯人名附梁錄	此土著述
2-4952	1379-002卿02	35	卿02	陀羅尼雜集十卷（02）	失譯人名附梁錄	此土著述
2-4953	1379-003卿03	42	卿03	陀羅尼雜集十卷（03）	失譯人名附梁錄	此土著述
2-4954	1379-004卿04	48	卿04	陀羅尼雜集十卷（04）	失譯人名附梁錄	此土著述
2-4955	1379-005卿05	30	卿05	陀羅尼雜集十卷（05）	失譯人名附梁錄	此土著述
2-4956	1379-006卿06	38	卿06	陀羅尼雜集十卷（06）	失譯人名附梁錄	此土著述
2-4957	1379-007卿07	42	卿07	陀羅尼雜集十卷（07）	失譯人名附梁錄	此土著述
2-4958	1379-008卿08	35	卿08	陀羅尼雜集十卷（08）	失譯人名附梁錄	此土著述
2-4959	1379-009卿09	28	卿09	陀羅尼雜集十卷（09）	失譯人名附梁錄	此土著述
2-4960	1379-010卿10	30	卿10	陀羅尼雜集十卷（10）	失譯人名附梁錄	此土著述
2-4961	1380-001戶01	31	戶01	出三藏記集十七卷（01）	梁僧佑撰	此土著述
2-4962	1380-002戶02	58	戶02	出三藏記集十七卷（02）	梁僧佑撰	此土著述
2-4963	1380-003戶03	35	戶03	出三藏記集十七卷（03）	梁僧佑撰	此土著述
2-4964	1380-004戶04	42	戶04	出三藏記集十七卷（04）	梁僧佑撰	此土著述
2-4965	1380-005戶05	40	戶05	出三藏記集十七卷（05）	梁僧佑撰	此土著述
2-4966	1380-006戶06	32	戶06	出三藏記集十七卷（06）	梁僧佑撰	此土著述
2-4967	1380-007戶07	27	戶07	出三藏記集十七卷（07）	梁僧佑撰	此土著述
2-4968	1380-008戶08	33	戶08	出三藏記集十七卷（08）	梁僧佑撰	此土著述
2-4969	1380-009戶09	53	戶09	出三藏記集十七卷（09）	梁僧佑撰	此土著述
2-4970	1380-010戶10	53	戶10	出三藏記集十七卷（10）	梁僧佑撰	此土著述
2-4971	1380-011封01	50	封01	出三藏記集十七卷（11）	梁僧佑撰	此土著述
2-4972	1380-012封02	38	封02	出三藏記集十七卷（12）	梁僧佑撰	此土著述
2-4973	1380-013封03	31	封03	出三藏記集十七卷（13）	梁僧佑撰	此土著述
2-4974	1380-014封04	45	封04	出三藏記集十七卷（14）	梁僧佑撰	此土著述
2-4975	1380-015封05	32	封05	出三藏記集十七卷（15）	梁僧佑撰	此土著述
2-4976	1380-016封06	43	封06	出三藏記集十七卷（16）	梁僧佑撰	此土著述
2-4977	1380-017封07	42	封07	出三藏記集十七卷（17）	梁僧佑撰	此土著述
2-4978	1381-001封08	58	封08	顯密圓通成佛心要集二卷（01）	遼道㲀集	此土著述
2-4979	1381-002封09	51	封09	顯密圓通成佛心要集二卷（02）	遼道㲀集	此土著述
2-4980	1382-001封10	53	封10	密咒圓因往生集一卷	宋智廣等編集	此土著述
2-4981	1383-001八01	53	八01	弘明集十四卷（01）	梁僧佑撰	此土著述
2-4982	1383-002八02	43	八02	弘明集十四卷（02）	梁僧佑撰	此土著述
2-4983	1383-003八03	34	八03	弘明集十四卷（03）	梁僧佑撰	此土著述
2-4984	1383-004八04	35	八04	弘明集十四卷（04）	梁僧佑撰	此土著述
2-4985	1383-005八05	46	八05	弘明集十四卷（05）	梁僧佑撰	此土著述
2-4986	1383-006八06	0	八06	弘明集十四卷（06）	梁僧佑撰	此土著述
2-4987	1383-007八07	0	八07	弘明集十四卷（07）	梁僧佑撰	此土著述
2-4988	1383-008八08	0	八08	弘明集十四卷（08）	梁僧佑撰	此土著述
2-4989	1383-009八09	38	八09	弘明集十四卷（09）	梁僧佑撰	此土著述
2-4990	1383-010八10	50	八10	弘明集十四卷（10）	梁僧佑撰	此土著述
2-4991	1383-011縣01	0	縣01	弘明集十四卷（11）	梁僧佑撰	此土著述
2-4992	1383-012縣02	58	縣02	弘明集十四卷（12）	梁僧佑撰	此土著述
2-4993	1383-013縣03	34	縣03	弘明集十四卷（13）	梁僧佑撰	此土著述
2-4994	1383-014縣04	0	縣04	弘明集十四卷（14）	梁僧佑撰	此土著述
2-4995	1384-001縣05	0	縣05	集沙門不應拜俗等事六卷（01）	唐彦悰撰	此土著述
2-4996	1384-002縣06	0	縣06	集沙門不應拜俗等事六卷（02）	唐彦悰撰	此土著述
2-4997	1384-003縣07	31	縣07	集沙門不應拜俗等事六卷（03）	唐彦悰撰	此土著述
2-4998	1384-004縣08	0	縣08	集沙門不應拜俗等事六卷（04）	唐彦悰撰	此土著述
2-4999	1384-005縣09	0	縣09	集沙門不應拜俗等事六卷（05）	唐彦悰撰	此土著述
2-5000	1384-006縣10	0	縣10	集沙門不應拜俗等事六卷（06）	唐彦悰撰	此土著述
2-5001	1385-001家01	28	家01	廣弘明集三十卷（01）	唐道宣撰	此土著述
2-5002	1385-002家02	0	家02	廣弘明集三十卷（02）	唐道宣撰	此土著述
2-5003	1385-003家03	0	家03	廣弘明集三十卷（03）	唐道宣撰	此土著述
2-5004	1385-004家04	36	家04	廣弘明集三十卷（04）	唐道宣撰	此土著述
2-5005	1385-005家05	35	家05	廣弘明集三十卷（05）	唐道宣撰	此土著述
2-5006	1385-006家06	0	家06	廣弘明集三十卷（06）	唐道宣撰	此土著述
2-5007	1385-007家07	0	家07	廣弘明集三十卷（07）	唐道宣撰	此土著述
2-5008	1385-008家08	52	家08	廣弘明集三十卷（08）	唐道宣撰	此土著述
2-5009	1385-009家09	55	家09	廣弘明集三十卷（09）	唐道宣撰	此土著述
2-5010	1385-010家10	43	家10	廣弘明集三十卷（10）	唐道宣撰	此土著述
2-5011	1385-011給01	14	給01	廣弘明集三十卷（11）	唐道宣撰	此土著述
2-5012	1385-012給02	46	給02	廣弘明集三十卷（12）	唐道宣撰	此土著述
2-5013	1385-013給03	32	給03	廣弘明集三十卷（13上）	唐道宣撰	此土著述
2-5014	1385-014給04	43	給04	廣弘明集三十卷（13下）	唐道宣撰	此土著述
2-5015	1385-015給05	47	給05	廣弘明集三十卷（14）	唐道宣撰	此土著述
2-5016	1385-016給06	38	給06	廣弘明集三十卷（15上）	唐道宣撰	此土著述
2-5017	1385-017給07	42	給07	廣弘明集三十卷（15下）	唐道宣撰	此土著述
2-5018	1385-018給08	27	給08	廣弘明集三十卷（16）	唐道宣撰	此土著述
2-5019	1385-019給09	47	給09	廣弘明集三十卷（17）	唐道宣撰	此土著述
2-5020	1385-020給10	28	給10	廣弘明集三十卷（18上）	唐道宣撰	此土著述
2-5021	1385-021千01	37	千01	廣弘明集三十卷（18下）	唐道宣撰	此土著述
2-5022	1385-022千02	53	千02	廣弘明集三十卷（19）	唐道宣撰	此土著述
2-5023	1385-023千03	44	千03	廣弘明集三十卷（20）	唐道宣撰	此土著述
2-5024	1385-024千04	36	千04	廣弘明集三十卷（21）	唐道宣撰	此土著述
2-5025	1385-025千05	63	千05	廣弘明集三十卷（22）	唐道宣撰	此土著述
2-5026	1385-026千06	58	千06	廣弘明集三十卷（23）	唐道宣撰	此土著述
2-5027	1385-027千07	53	千07	廣弘明集三十卷（24）	唐道宣撰	此土著述
2-5028	1385-028千08	34	千08	廣弘明集三十卷（25上）	唐道宣撰	此土著述
2-5029	1385-029千09	37	千09	廣弘明集三十卷（25下）	唐道宣撰	此土著述
2-5030	1385-030千10	33	千10	廣弘明集三十卷（26上）	唐道宣撰	此土著述
2-5031	1385-031兵01	39	兵01	廣弘明集三十卷（26下）	唐道宣撰	此土著述
2-5032	1385-032兵02	44	兵02	廣弘明集三十卷（27上）	唐道宣撰	此土著述
2-5033	1385-033兵03	34	兵03	廣弘明集三十卷（27中）	唐道宣撰	此土著述
2-5034	1385-034兵04	33	兵04	廣弘明集三十卷（27下）	唐道宣撰	此土著述
2-5035	1385-035兵05	54	兵05	廣弘明集三十卷（28上）	唐道宣撰	此土著述
2-5036	1385-036兵06	31	兵06	廣弘明集三十卷（28下）	唐道宣撰	此土著述
2-5037	1385-037兵07	45	兵07	廣弘明集三十卷（29上）	唐道宣撰	此土著述
2-5038	1385-038兵08	42	兵08	廣弘明集三十卷（29下）	唐道宣撰	此土著述
2-5039	1385-039兵09	33	兵09	廣弘明集三十卷（30上）	唐道宣撰	此土著述
2-5040	1385-040兵10	40	兵10	廣弘明集三十卷（30下）	唐道宣撰	此土著述
2-5041	1386-001高01	53	高01	法苑珠林一百卷（001）	唐道世集	此土著述
2-5042	1386-002高02	50	高02	法苑珠林一百卷（002）	唐道世集	此土著述
2-5043	1386-003高03	42	高03	法苑珠林一百卷（003）	唐道世集	此土著述
2-5044	1386-004高04	0	高04	法苑珠林一百卷（004）	唐道世集	此土著述
2-5045	1386-005高05	0	高05	法苑珠林一百卷（005）	唐道世集	此土著述
2-5046	1386-006高06	67	高06	法苑珠林一百卷（006）	唐道世集	此土著述
2-5047	1386-007高07	0	高07	法苑珠林一百卷（007）	唐道世集	此土著述
2-5048	1386-008高08	59	高08	法苑珠林一百卷（008）	唐道世集	此土著述
2-5049	1386-009高09	60	高09	法苑珠林一百卷（009）	唐道世集	此土著述
2-5050	1386-010高10	71	高10	法苑珠林一百卷（010）	唐道世集	此土著述
2-5051	1386-011冠01	38	冠01	法苑珠林一百卷（011）	唐道世集	此土著述
2-5052	1386-012冠02	58	冠02	法苑珠林一百卷（012）	唐道世集	此土著述
2-5053	1386-013冠03	39	冠03	法苑珠林一百卷（013）	唐道世集	此土著述
2-5054	1386-014冠04	58	冠04	法苑珠林一百卷（014）	唐道世集	此土著述
2-5055	1386-015冠05	28	冠05	法苑珠林一百卷（015）	唐道世集	此土著述
2-5056	1386-016冠06	39	冠06	法苑珠林一百卷（016）	唐道世集	此土著述
2-5057	1386-017冠07	47	冠07	法苑珠林一百卷（017）	唐道世集	此土著述
2-5058	1386-018冠08	40	冠08	法苑珠林一百卷（018）	唐道世集	此土著述
2-5059	1386-019冠09	0	冠09	法苑珠林一百卷（019）	唐道世集	此土著述
2-5060	1386-020冠10	43	冠10	法苑珠林一百卷（020）	唐道世集	此土著述
2-5061	1386-021陪01	62	陪01	法苑珠林一百卷（021）	唐道世集	此土著述
2-5062	1386-022陪02	40	陪02	法苑珠林一百卷（022）	唐道世集	此土著述
2-5063	1386-023陪03	47	陪03	法苑珠林一百卷（023）	唐道世集	此土著述
2-5064	1386-024陪04	41	陪04	法苑珠林一百卷（024）	唐道世集	此土著述
2-5065	1386-025陪05	42	陪05	法苑珠林一百卷（025）	唐道世集	此土著述
2-5066	1386-026陪06	31	陪06	法苑珠林一百卷（026）	唐道世集	此土著述
2-5067	1386-027陪07	37	陪07	法苑珠林一百卷（027）	唐道世集	此土著述
2-5068	1386-028陪08	57	陪08	法苑珠林一百卷（028）	唐道世集	此土著述
2-5069	1386-029陪09	55	陪09	法苑珠林一百卷（029）	唐道世集	此土著述
2-5070	1386-030陪10	49	陪10	法苑珠林一百卷（030）	唐道世集	此土著述
2-5071	1386-031輦01	77	輦01	法苑珠林一百卷（031）	唐道世集	此土著述
2-5072	1386-032輦02	58	輦02	法苑珠林一百卷（032）	唐道世集	此土著述
2-5073	1386-033輦03	63	輦03	法苑珠林一百卷（033）	唐道世集	此土著述
2-5074	1386-034輦04	43	輦04	法苑珠林一百卷（034）	唐道世集	此土著述
2-5075	1386-035輦05	71	輦05	法苑珠林一百卷（035）	唐道世集	此土著述
2-5076	1386-036輦06	58	輦06	法苑珠林一百卷（036）	唐道世集	此土著述
2-5077	1386-037輦07	29	輦07	法苑珠林一百卷（037）	唐道世集	此土著述
2-5078	1386-038輦08	47	輦08	法苑珠林一百卷（038）	唐道世集	此土著述
2-5079	1386-039輦09	46	輦09	法苑珠林一百卷（039）	唐道世集	此土著述
2-5080	1386-040輦10	39	輦10	法苑珠林一百卷（040）	唐道世集	此土著述
2-5081	1386-041驅01	29	驅01	法苑珠林一百卷（041）	唐道世集	此土著述
2-5082	1386-042驅02	45	驅02	法苑珠林一百卷（042）	唐道世集	此土著述
2-5083	1386-043驅03	39	驅03	法苑珠林一百卷（043）	唐道世集	此土著述
2-5084	1386-044驅04	32	驅04	法苑珠林一百卷（044）	唐道世集	此土著述
2-5085	1386-045驅05	34	驅05	法苑珠林一百卷（045）	唐道世集	此土著述
2-5086	1386-046驅06	47	驅06	法苑珠林一百卷（046）	唐道世集	此土著述
2-5087	1386-047驅07	0	驅07	法苑珠林一百卷（047）	唐道世集	此土著述
2-5088	1386-048驅08	30	驅08	法苑珠林一百卷（048）	唐道世集	此土著述
2-5089	1386-049驅09	53	驅09	法苑珠林一百卷（049）	唐道世集	此土著述
2-5090	1386-050驅10	29	驅10	法苑珠林一百卷（050）	唐道世集	此土著述
2-5091	1386-051轂01	35	轂01	法苑珠林一百卷（051）	唐道世集	此土著述
2-5092	1386-052轂02	47	轂02	法苑珠林一百卷（052）	唐道世集	此土著述
2-5093	1386-053轂03	44	轂03	法苑珠林一百卷（053）	唐道世集	此土著述
2-5094	1386-054轂04	40	轂04	法苑珠林一百卷（054）	唐道世集	此土著述
2-5095	1386-055轂05	66	轂05	法苑珠林一百卷（055）	唐道世集	此土著述
2-5096	1386-056轂06	65	轂06	法苑珠林一百卷（056）	唐道世集	此土著述
2-5097	1386-057轂07	42	轂07	法苑珠林一百卷（057）	唐道世集	此土著述
2-5098	1386-058轂08	24	轂08	法苑珠林一百卷（058）	唐道世集	此土著述
2-5099	1386-059轂09	39	轂09	法苑珠林一百卷（059）	唐道世集	此土著述
2-5100	1386-060轂10	55	轂10	法苑珠林一百卷（060）	唐道世集	此土著述
2-5101	1386-061振01	40	振01	法苑珠林一百卷（061）	唐道世集	此土著述
2-5102	1386-062振02	66	振02	法苑珠林一百卷（062）	唐道世集	此土著述
2-5103	1386-063振03	54	振03	法苑珠林一百卷（063）	唐道世集	此土著述
2-5104	1386-064振04	59	振04	法苑珠林一百卷（064）	唐道世集	此土著述
2-5105	1386-065振05	42	振05	法苑珠林一百卷（065）	唐道世集	此土著述
2-5106	1386-066振06	27	振06	法苑珠林一百卷（066）	唐道世集	此土著述
2-5107	1386-067振07	37	振07	法苑珠林一百卷（067）	唐道世集	此土著述
2-5108	1386-068振08	46	振08	法苑珠林一百卷（068）	唐道世集	此土著述
2-5109	1386-069振09	46	振09	法苑珠林一百卷（069）	唐道世集	此土著述
2-5110	1386-070振10	45	振10	法苑珠林一百卷（070）	唐道世集	此土著述
2-5111	1386-071纓01	44	纓01	法苑珠林一百卷（071）	唐道世集	此土著述
2-5112	1386-072纓02	48	纓02	法苑珠林一百卷（072）	唐道世集	此土著述
2-5113	1386-073纓03	32	纓03	法苑珠林一百卷（073）	唐道世集	此土著述
2-5114	1386-074纓04	28	纓04	法苑珠林一百卷（074）	唐道世集	此土著述
2-5115	1386-075纓05	39	纓05	法苑珠林一百卷（075）	唐道世集	此土著述
2-5116	1386-076纓06	39	纓06	法苑珠林一百卷（076）	唐道世集	此土著述
2-5117	1386-077纓07	37	纓07	法苑珠林一百卷（077）	唐道世集	此土著述
2-5118	1386-078纓08	28	纓08	法苑珠林一百卷（078）	唐道世集	此土著述
2-5119	1386-079纓09	40	纓09	法苑珠林一百卷（079）	唐道世集	此土著述
2-5120	1386-080纓10	38	纓10	法苑珠林一百卷（080）	唐道世集	此土著述
2-5121	1386-081世01	37	世01	法苑珠林一百卷（081）	唐道世集	此土著述
2-5122	1386-082世02	0	世02	法苑珠林一百卷（082）	唐道世集	此土著述
2-5123	1386-083世03	0	世03	法苑珠林一百卷（083）	唐道世集	此土著述
2-5124	1386-084世04	35	世04	法苑珠林一百卷（084）	唐道世集	此土著述
2-5125	1386-085世05	0	世05	法苑珠林一百卷（085）	唐道世集	此土著述
2-5126	1386-086世06	0	世06	法苑珠林一百卷（086）	唐道世集	此土著述
2-5127	1386-087世07	0	世07	法苑珠林一百卷（087）	唐道世集	此土著述
2-5128	1386-088世08	49	世08	法苑珠林一百卷（088）	唐道世集	此土著述
2-5129	1386-089世09	66	世09	法苑珠林一百卷（089）	唐道世集	此土著述
2-5130	1386-090世10	41	世10	法苑珠林一百卷（090）	唐道世集	此土著述
2-5131	1386-091祿01	57	祿01	法苑珠林一百卷（091）	唐道世集	此土著述
2-5132	1386-092祿02	41	祿02	法苑珠林一百卷（092）	唐道世集	此土著述
2-5133	1386-093祿03	41	祿03	法苑珠林一百卷（093）	唐道世集	此土著述
2-5134	1386-094祿04	40	祿04	法苑珠林一百卷（094）	唐道世集	此土著述
2-5135	1386-095祿05	33	祿05	法苑珠林一百卷（095）	唐道世集	此土著述
2-5136	1386-096祿06	0	祿06	法苑珠林一百卷（096）	唐道世集	此土著述
2-5137	1386-097祿07	0	祿07	法苑珠林一百卷（097）	唐道世集	此土著述
2-5138	1386-098祿08	46	祿08	法苑珠林一百卷（098）	唐道世集	此土著述
2-5139	1386-099祿09	36	祿09	法苑珠林一百卷（099）	唐道世集	此土著述
2-5140	1386-100祿10	59	祿10	法苑珠林一百卷（100）	唐道世集	此土著述
2-5141	1387-001侈01	0	侈01	大唐內典錄十卷（01）	唐道宣撰	此土著述
2-5142	1387-002侈02	0	侈02	大唐內典錄十卷（02）	唐道宣撰	此土著述
2-5143	1387-003侈03	0	侈03	大唐內典錄十卷（03上）	唐道宣撰	此土著述
2-5144	1387-004侈04	0	侈04	大唐內典錄十卷（03下）	唐道宣撰	此土著述
2-5145	1387-005侈05	0	侈05	大唐內典錄十卷（04上）	唐道宣撰	此土著述
2-5146	1387-006侈06	0	侈06	大唐內典錄十卷（04下）	唐道宣撰	此土著述
2-5147	1387-007侈07	0	侈07	大唐內典錄十卷（05上）	唐道宣撰	此土著述
2-5148	1387-008侈08	0	侈08	大唐內典錄十卷（05下）	唐道宣撰	此土著述
2-5149	1387-009侈09	0	侈09	大唐內典錄十卷（06）	唐道宣撰	此土著述
2-5150	1387-010侈10	0	侈10	大唐內典錄十卷（07）	唐道宣撰	此土著述
2-5151	1387-011富01	43	富01	大唐內典錄十卷（08）	唐道宣撰	此土著述
2-5152	1387-012富02	40	富02	大唐內典錄十卷（09上）	唐道宣撰	此土著述
2-5153	1387-013富03	42	富03	大唐內典錄十卷（09下）	唐道宣撰	此土著述
2-5154	1387-014富04	38	富04	大唐內典錄十卷（10上）	唐道宣撰	此土著述
2-5155	1387-015富05	51	富05	大唐內典錄十卷（10下）	唐道宣撰	此土著述
2-5156	1387-016富06	30	富06	大唐內典錄十卷（讚序）	唐道宣撰	此土著述
2-5157	1388-001富07	53	富07	集神州塔寺三寶感通錄三卷（01）	唐道宣撰	此土著述
2-5158	1388-002富08	60	富08	集神州塔寺三寶感通錄三卷（02）	唐道宣撰	此土著述
2-5159	1388-003富09	0	富09	集神州塔寺三寶感通錄三卷（03上）	唐道宣撰	此土著述
2-5160	1388-004富10	28	富10	集神州塔寺三寶感通錄三卷（03下）	唐道宣撰	此土著述
2-5161	1389-001車01	0	車01	開元釋教錄二十卷（01）	唐智昇撰	此土著述
2-5162	1389-002車02	0	車02	開元釋教錄二十卷（02上）	唐智昇撰	此土著述
2-5163	1389-003車03	44	車03	開元釋教錄二十卷（02下）	唐智昇撰	此土著述
2-5164	1389-004車04	56	車04	開元釋教錄二十卷（03）	唐智昇撰	此土著述
2-5165	1389-005車05	36	車05	開元釋教錄二十卷（04上）	唐智昇撰	此土著述
2-5166	1389-006車06	0	車06	開元釋教錄二十卷（04下）	唐智昇撰	此土著述
2-5167	1389-007車07	0	車07	開元釋教錄二十卷（05上）	唐智昇撰	此土著述
2-5168	1389-008車08	0	車08	開元釋教錄二十卷（05下）	唐智昇撰	此土著述
2-5169	1389-009車09	58	車09	開元釋教錄二十卷（06）	唐智昇撰	此土著述
2-5170	1389-010車10	51	車10	開元釋教錄二十卷（07）	唐智昇撰	此土著述
2-5171	1389-011駕01	36	駕01	開元釋教錄二十卷（08上）	唐智昇撰	此土著述
2-5172	1389-012駕02	36	駕02	開元釋教錄二十卷（08下）	唐智昇撰	此土著述
2-5173	1389-013駕03	0	駕03	開元釋教錄二十卷（09）	唐智昇撰	此土著述
2-5174	1389-014駕04	56	駕04	開元釋教錄二十卷（10）	唐智昇撰	此土著述
2-5175	1389-015駕05	34	駕05	開元釋教錄二十卷（11上）	唐智昇撰	此土著述
2-5176	1389-016駕06	38	駕06	開元釋教錄二十卷（11下）	唐智昇撰	此土著述
2-5177	1389-017駕07	0	駕07	開元釋教錄二十卷（12上）	唐智昇撰	此土著述
2-5178	1389-018駕08	43	駕08	開元釋教錄二十卷（12下）	唐智昇撰	此土著述
2-5179	1389-019駕09	38	駕09	開元釋教錄二十卷（13上）	唐智昇撰	此土著述
2-5180	1389-020駕10	46	駕10	開元釋教錄二十卷（13下）	唐智昇撰	此土著述
2-5181	1389-021肥01	38	肥01	開元釋教錄二十卷（14上）	唐智昇撰	此土著述
2-5182	1389-022肥02	43	肥02	開元釋教錄二十卷（14下）	唐智昇撰	此土著述
2-5183	1389-023肥03	41	肥03	開元釋教錄二十卷（15上）	唐智昇撰	此土著述
2-5184	1389-024肥04	35	肥04	開元釋教錄二十卷（15下）	唐智昇撰	此土著述
2-5185	1389-025肥05	62	肥05	開元釋教錄二十卷（16）	唐智昇撰	此土著述
2-5186	1389-026肥06	55	肥06	開元釋教錄二十卷（17）	唐智昇撰	此土著述
2-5187	1389-027肥07	50	肥07	開元釋教錄二十卷（18）	唐智昇撰	此土著述
2-5188	1389-028肥08	56	肥08	開元釋教錄二十卷（19上）	唐智昇撰	此土著述
2-5189	1389-029肥09	46	肥09	開元釋教錄二十卷（19下）	唐智昇撰	此土著述
2-5190	1389-030肥10	65	肥10	開元釋教錄二十卷（20）	唐智昇撰	此土著述
2-5191	1390-001輕01	0	輕01	開元釋教錄略出五卷（01）	唐智昇撰	此土著述
2-5192	1390-002輕02	0	輕02	開元釋教錄略出五卷（02）	唐智昇撰	此土著述
2-5193	1390-003輕03	0	輕03	開元釋教錄略出五卷（03）	唐智昇撰	此土著述
2-5194	1390-004輕04	0	輕04	開元釋教錄略出五卷（04）	唐智昇撰	此土著述
2-5195	1390-005輕05	0	輕05	開元釋教錄略出五卷（05）	唐智昇撰	此土著述
2-5196	1391-001輕06	0	輕06	古今譯經圖紀四卷（01）	唐靖邁撰	此土著述
2-5197	1391-002輕07	0	輕07	古今譯經圖紀四卷（02）	唐靖邁撰	此土著述
2-5198	1391-003輕08	0	輕08	古今譯經圖紀四卷（03）	唐靖邁撰	此土著述
2-5199	1391-004輕09	0	輕09	古今譯經圖紀四卷（04）	唐靖邁撰	此土著述
2-5200	1392-001輕10	0	輕10	續古今譯經圖紀一卷	唐智昇撰	此土著述
2-5201	1393-001策01	42	策01	宗鏡錄一百卷（001）	宋延壽集	此土著述
2-5202	1393-002策02	0	策02	宗鏡錄一百卷（002）	宋延壽集	此土著述
2-5203	1393-003策03	36	策03	宗鏡錄一百卷（003）	宋延壽集	此土著述
2-5204	1393-004策04	0	策04	宗鏡錄一百卷（004）	宋延壽集	此土著述
2-5205	1393-005策05	36	策05	宗鏡錄一百卷（005）	宋延壽集	此土著述
2-5206	1393-006策06	0	策06	宗鏡錄一百卷（006）	宋延壽集	此土著述
2-5207	1393-007策07	0	策07	宗鏡錄一百卷（007）	宋延壽集	此土著述
2-5208	1393-008策08	0	策08	宗鏡錄一百卷（008）	宋延壽集	此土著述
2-5209	1393-009策09	51	策09	宗鏡錄一百卷（009）	宋延壽集	此土著述
2-5210	1393-010策10	38	策10	宗鏡錄一百卷（010）	宋延壽集	此土著述
2-5211	1393-011功01	30	功01	宗鏡錄一百卷（011）	宋延壽集	此土著述
2-5212	1393-012功02	31	功02	宗鏡錄一百卷（012）	宋延壽集	此土著述
2-5213	1393-013功03	30	功03	宗鏡錄一百卷（013）	宋延壽集	此土著述
2-5214	1393-014功04	34	功04	宗鏡錄一百卷（014）	宋延壽集	此土著述
2-5215	1393-015功05	31	功05	宗鏡錄一百卷（015）	宋延壽集	此土著述
2-5216	1393-016功06	33	功06	宗鏡錄一百卷（016）	宋延壽集	此土著述
2-5217	1393-017功07	35	功07	宗鏡錄一百卷（017）	宋延壽集	此土著述
2-5218	1393-018功08	47	功08	宗鏡錄一百卷（018）	宋延壽集	此土著述
2-5219	1393-019功09	36	功09	宗鏡錄一百卷（019）	宋延壽集	此土著述
2-5220	1393-020功10	31	功10	宗鏡錄一百卷（020）	宋延壽集	此土著述
2-5221	1393-021茂01	0	茂01	宗鏡錄一百卷（021）	宋延壽集	此土著述
2-5222	1393-022茂02	31	茂02	宗鏡錄一百卷（022）	宋延壽集	此土著述
2-5223	1393-023茂03	47	茂03	宗鏡錄一百卷（023）	宋延壽集	此土著述
2-5224	1393-024茂04	49	茂04	宗鏡錄一百卷（024）	宋延壽集	此土著述
2-5225	1393-025茂05	33	茂05	宗鏡錄一百卷（025）	宋延壽集	此土著述
2-5226	1393-026茂06	37	茂06	宗鏡錄一百卷（026）	宋延壽集	此土著述
2-5227	1393-027茂07	36	茂07	宗鏡錄一百卷（027）	宋延壽集	此土著述
2-5228	1393-028茂08	59	茂08	宗鏡錄一百卷（028）	宋延壽集	此土著述
2-5229	1393-029茂09	43	茂09	宗鏡錄一百卷（029）	宋延壽集	此土著述
2-5230	1393-030茂10	32	茂10	宗鏡錄一百卷（030）	宋延壽集	此土著述
2-5231	1393-031實01	32	實01	宗鏡錄一百卷（031）	宋延壽集	此土著述
2-5232	1393-032實02	37	實02	宗鏡錄一百卷（032）	宋延壽集	此土著述
2-5233	1393-033實03	35	實03	宗鏡錄一百卷（033）	宋延壽集	此土著述
2-5234	1393-034實04	41	實04	宗鏡錄一百卷（034）	宋延壽集	此土著述
2-5235	1393-035實05	38	實05	宗鏡錄一百卷（035）	宋延壽集	此土著述
2-5236	1393-036實06	47	實06	宗鏡錄一百卷（036）	宋延壽集	此土著述
2-5237	1393-037實07	39	實07	宗鏡錄一百卷（037）	宋延壽集	此土著述
2-5238	1393-038實08	45	實08	宗鏡錄一百卷（038）	宋延壽集	此土著述
2-5239	1393-039實09	35	實09	宗鏡錄一百卷（039）	宋延壽集	此土著述
2-5240	1393-040實10	32	實10	宗鏡錄一百卷（040）	宋延壽集	此土著述
2-5241	1393-041勒01	39	勒01	宗鏡錄一百卷（041）	宋延壽集	此土著述
2-5242	1393-042勒02	35	勒02	宗鏡錄一百卷（042）	宋延壽集	此土著述
2-5243	1393-043勒03	0	勒03	宗鏡錄一百卷（043）	宋延壽集	此土著述
2-5244	1393-044勒04	0	勒04	宗鏡錄一百卷（044）	宋延壽集	此土著述
2-5245	1393-045勒05	0	勒05	宗鏡錄一百卷（045）	宋延壽集	此土著述
2-5246	1393-046勒06	0	勒06	宗鏡錄一百卷（046）	宋延壽集	此土著述
2-5247	1393-047勒07	0	勒07	宗鏡錄一百卷（047）	宋延壽集	此土著述
2-5248	1393-048勒08	0	勒08	宗鏡錄一百卷（048）	宋延壽集	此土著述
2-5249	1393-049勒09	0	勒09	宗鏡錄一百卷（049）	宋延壽集	此土著述
2-5250	1393-050勒10	0	勒10	宗鏡錄一百卷（050）	宋延壽集	此土著述
2-5251	1393-051碑01	37	碑01	宗鏡錄一百卷（051）	宋延壽集	此土著述
2-5252	1393-052碑02	23	碑02	宗鏡錄一百卷（052）	宋延壽集	此土著述
2-5253	1393-053碑03	28	碑03	宗鏡錄一百卷（053）	宋延壽集	此土著述
2-5254	1393-054碑04	29	碑04	宗鏡錄一百卷（054）	宋延壽集	此土著述
2-5255	1393-055碑05	29	碑05	宗鏡錄一百卷（055）	宋延壽集	此土著述
2-5256	1393-056碑06	30	碑06	宗鏡錄一百卷（056）	宋延壽集	此土著述
2-5257	1393-057碑07	33	碑07	宗鏡錄一百卷（057）	宋延壽集	此土著述
2-5258	1393-058碑08	35	碑08	宗鏡錄一百卷（058）	宋延壽集	此土著述
2-5259	1393-059碑09	16	碑09	宗鏡錄一百卷（059）	宋延壽集	此土著述
2-5260	1393-060碑10	29	碑10	宗鏡錄一百卷（060）	宋延壽集	此土著述
2-5261	1393-061刻01	36	刻01	宗鏡錄一百卷（061）	宋延壽集	此土著述
2-5262	1393-062刻02	32	刻02	宗鏡錄一百卷（062）	宋延壽集	此土著述
2-5263	1393-063刻03	28	刻03	宗鏡錄一百卷（063）	宋延壽集	此土著述
2-5264	1393-064刻04	24	刻04	宗鏡錄一百卷（064）	宋延壽集	此土著述
2-5265	1393-065刻05	36	刻05	宗鏡錄一百卷（065）	宋延壽集	此土著述
2-5266	1393-066刻06	36	刻06	宗鏡錄一百卷（066）	宋延壽集	此土著述
2-5267	1393-067刻07	37	刻07	宗鏡錄一百卷（067）	宋延壽集	此土著述
2-5268	1393-068刻08	26	刻08	宗鏡錄一百卷（068）	宋延壽集	此土著述
2-5269	1393-069刻09	35	刻09	宗鏡錄一百卷（069）	宋延壽集	此土著述
2-5270	1393-070刻10	28	刻10	宗鏡錄一百卷（070）	宋延壽集	此土著述
2-5271	1393-071銘01	31	銘01	宗鏡錄一百卷（071）	宋延壽集	此土著述
2-5272	1393-072銘02	39	銘02	宗鏡錄一百卷（072）	宋延壽集	此土著述
2-5273	1393-073銘03	27	銘03	宗鏡錄一百卷（073）	宋延壽集	此土著述
2-5274	1393-074銘04	29	銘04	宗鏡錄一百卷（074）	宋延壽集	此土著述
2-5275	1393-075銘05	27	銘05	宗鏡錄一百卷（075）	宋延壽集	此土著述
2-5276	1393-076銘06	26	銘06	宗鏡錄一百卷（076）	宋延壽集	此土著述
2-5277	1393-077銘07	28	銘07	宗鏡錄一百卷（077）	宋延壽集	此土著述
2-5278	1393-078銘08	34	銘08	宗鏡錄一百卷（078）	宋延壽集	此土著述
2-5279	1393-079銘09	39	銘09	宗鏡錄一百卷（079）	宋延壽集	此土著述
2-5280	1393-080銘10	37	銘10	宗鏡錄一百卷（080）	宋延壽集	此土著述
2-5281	1393-081磻01	28	磻01	宗鏡錄一百卷（081）	宋延壽集	此土著述
2-5282	1393-082磻02	34	磻02	宗鏡錄一百卷（082）	宋延壽集	此土著述
2-5283	1393-083磻03	30	磻03	宗鏡錄一百卷（083）	宋延壽集	此土著述
2-5284	1393-084磻04	26	磻04	宗鏡錄一百卷（084）	宋延壽集	此土著述
2-5285	1393-085磻05	26	磻05	宗鏡錄一百卷（085）	宋延壽集	此土著述
2-5286	1393-086磻06	31	磻06	宗鏡錄一百卷（086）	宋延壽集	此土著述
2-5287	1393-087磻07	27	磻07	宗鏡錄一百卷（087）	宋延壽集	此土著述
2-5288	1393-088磻08	31	磻08	宗鏡錄一百卷（088）	宋延壽集	此土著述
2-5289	1393-089磻09	34	磻09	宗鏡錄一百卷（089）	宋延壽集	此土著述
2-5290	1393-090磻10	0	磻10	宗鏡錄一百卷（090）	宋延壽集	此土著述
2-5291	1393-091溪01	0	溪01	宗鏡錄一百卷（091）	宋延壽集	此土著述
2-5292	1393-092溪02	0	溪02	宗鏡錄一百卷（092）	宋延壽集	此土著述
2-5293	1393-093溪03	0	溪03	宗鏡錄一百卷（093）	宋延壽集	此土著述
2-5294	1393-094溪04	33	溪04	宗鏡錄一百卷（094）	宋延壽集	此土著述
2-5295	1393-095溪05	0	溪05	宗鏡錄一百卷（095）	宋延壽集	此土著述
2-5296	1393-096溪06	0	溪06	宗鏡錄一百卷（096）	宋延壽集	此土著述
2-5297	1393-097溪07	0	溪07	宗鏡錄一百卷（097）	宋延壽集	此土著述
2-5298	1393-098溪08	0	溪08	宗鏡錄一百卷（098）	宋延壽集	此土著述
2-5299	1393-099溪09	0	溪09	宗鏡錄一百卷（099）	宋延壽集	此土著述
2-5300	1393-100溪10	0	溪10	宗鏡錄一百卷（100）	宋延壽集	此土著述
2-5301	1394-001伊01	0	伊01	高僧傳十四卷（01）	梁慧皎撰	此土著述
2-5302	1394-002伊02	43	伊02	高僧傳十四卷（02）	梁慧皎撰	此土著述
2-5303	1394-003伊03	51	伊03	高僧傳十四卷（03）	梁慧皎撰	此土著述
2-5304	1394-004伊04	32	伊04	高僧傳十四卷（04）	梁慧皎撰	此土著述
2-5305	1394-005伊05	36	伊05	高僧傳十四卷（05）	梁慧皎撰	此土著述
2-5306	1394-006伊06	50	伊06	高僧傳十四卷（06）	梁慧皎撰	此土著述
2-5307	1394-007伊07	51	伊07	高僧傳十四卷（07）	梁慧皎撰	此土著述
2-5308	1394-008伊08	48	伊08	高僧傳十四卷（08）	梁慧皎撰	此土著述
2-5309	1394-009伊09	32	伊09	高僧傳十四卷（09）	梁慧皎撰	此土著述
2-5310	1394-010伊10	40	伊10	高僧傳十四卷（10）	梁慧皎撰	此土著述
2-5311	1394-011尹01	49	尹01	高僧傳十四卷（11）	梁慧皎撰	此土著述
2-5312	1394-012尹02	33	尹02	高僧傳十四卷（12）	梁慧皎撰	此土著述
2-5313	1394-013尹03	52	尹03	高僧傳十四卷（13）	梁慧皎撰	此土著述
2-5314	1394-014尹04	31	尹04	高僧傳十四卷（14）	梁慧皎撰	此土著述
2-5315	1395-001尹05	0	尹05	大唐西域求法高僧傳二卷（01）	唐義淨撰	此土著述
2-5316	1395-002尹06	35	尹06	大唐西域求法高僧傳二卷（02）	唐義淨撰	此土著述
2-5317	1396-001尹07	44	尹07	南海寄歸內法傳四卷（01）	唐義淨撰	此土著述
2-5318	1396-002尹08	40	尹08	南海寄歸內法傳四卷（02）	唐義淨撰	此土著述
2-5319	1396-003尹09	43	尹09	南海寄歸內法傳四卷（03）	唐義淨撰	此土著述
2-5320	1396-004尹10	45	尹10	南海寄歸內法傳四卷（04）	唐義淨撰	此土著述
2-5321	1397-001佐01	45	佐01	續高僧傳三十一卷（01）	唐道宣撰	此土著述
2-5322	1397-002佐02	46	佐02	續高僧傳三十一卷（02）	唐道宣撰	此土著述
2-5323	1397-003佐03	40	佐03	續高僧傳三十一卷（03）	唐道宣撰	此土著述
2-5324	1397-004佐04	40	佐04	續高僧傳三十一卷（04上）	唐道宣撰	此土著述
2-5325	1397-005佐05	39	佐05	續高僧傳三十一卷（04下）	唐道宣撰	此土著述
2-5326	1397-006佐06	46	佐06	續高僧傳三十一卷（05）	唐道宣撰	此土著述
2-5327	1397-007佐07	27	佐07	續高僧傳三十一卷（06上）	唐道宣撰	此土著述
2-5328	1397-008佐08	27	佐08	續高僧傳三十一卷（06下）	唐道宣撰	此土著述
2-5329	1397-009佐09	41	佐09	續高僧傳三十一卷（07）	唐道宣撰	此土著述
2-5330	1397-010佐10	53	佐10	續高僧傳三十一卷（08）	唐道宣撰	此土著述
2-5331	1397-011時01	53	時01	續高僧傳三十一卷（09）	唐道宣撰	此土著述
2-5332	1397-012時02	43	時02	續高僧傳三十一卷（10）	唐道宣撰	此土著述
2-5333	1397-013時03	39	時03	續高僧傳三十一卷（11）	唐道宣撰	此土著述
2-5334	1397-014時04	0	時04	續高僧傳三十一卷（12）	唐道宣撰	此土著述
2-5335	1397-015時05	0	時05	續高僧傳三十一卷（13）	唐道宣撰	此土著述
2-5336	1397-016時06	41	時06	續高僧傳三十一卷（14）	唐道宣撰	此土著述
2-5337	1397-017時07	29	時07	續高僧傳三十一卷（15上）	唐道宣撰	此土著述
2-5338	1397-018時08	39	時08	續高僧傳三十一卷（15下）	唐道宣撰	此土著述
2-5339	1397-019時09	32	時09	續高僧傳三十一卷（16上）	唐道宣撰	此土著述
2-5340	1397-020時10	0	時10	續高僧傳三十一卷（16下）	唐道宣撰	此土著述
2-5341	1397-021阿01	61	阿01	續高僧傳三十一卷（17）	唐道宣撰	此土著述
2-5342	1397-022阿02	45	阿02	續高僧傳三十一卷（18）	唐道宣撰	此土著述
2-5343	1397-023阿03	52	阿03	續高僧傳三十一卷（19）	唐道宣撰	此土著述
2-5344	1397-024阿04	46	阿04	續高僧傳三十一卷（20）	唐道宣撰	此土著述
2-5345	1397-025阿05	30	阿05	續高僧傳三十一卷（21上）	唐道宣撰	此土著述
2-5346	1397-026阿06	34	阿06	續高僧傳三十一卷（21下）	唐道宣撰	此土著述
2-5347	1397-027阿07	41	阿07	續高僧傳三十一卷（22）	唐道宣撰	此土著述
2-5348	1397-028阿08	29	阿08	續高僧傳三十一卷（23上）	唐道宣撰	此土著述
2-5349	1397-029阿09	30	阿09	續高僧傳三十一卷（23下）	唐道宣撰	此土著述
2-5350	1397-030阿10	47	阿10	續高僧傳三十一卷（24）	唐道宣撰	此土著述
2-5351	1397-031衡01	34	衡01	續高僧傳三十一卷（25上）	唐道宣撰	此土著述
2-5352	1397-032衡02	34	衡02	續高僧傳三十一卷（25下）	唐道宣撰	此土著述
2-5353	1397-033衡03	0	衡03	續高僧傳三十一卷（26上）	唐道宣撰	此土著述
2-5354	1397-034衡04	0	衡04	續高僧傳三十一卷（26下）	唐道宣撰	此土著述
2-5355	1397-035衡05	0	衡05	續高僧傳三十一卷（27）	唐道宣撰	此土著述
2-5356	1397-036衡06	63	衡06	續高僧傳三十一卷（28）	唐道宣撰	此土著述
2-5357	1397-037衡07	44	衡07	續高僧傳三十一卷（29上）	唐道宣撰	此土著述
2-5358	1397-038衡08	33	衡08	續高僧傳三十一卷（29下）	唐道宣撰	此土著述
2-5359	1397-039衡09	0	衡09	續高僧傳三十一卷（30）	唐道宣撰	此土著述
2-5360	1397-040衡10	39	衡10	續高僧傳三十一卷（31）	唐道宣撰	此土著述
2-5361	1398-001奄01	35	奄01	大慈恩寺三藏法師傳十卷（01）	唐惠立撰、彦悰箋補	此土著述
2-5362	1398-002奄02	41	奄02	大慈恩寺三藏法師傳十卷（02）	唐惠立撰、彦悰箋補	此土著述
2-5363	1398-003奄03	38	奄03	大慈恩寺三藏法師傳十卷（03）	唐惠立撰、彦悰箋補	此土著述
2-5364	1398-004奄04	34	奄04	大慈恩寺三藏法師傳十卷（04）	唐惠立撰、彦悰箋補	此土著述
2-5365	1398-005奄05	37	奄05	大慈恩寺三藏法師傳十卷（05）	唐惠立撰、彦悰箋補	此土著述
2-5366	1398-006奄06	29	奄06	大慈恩寺三藏法師傳十卷（06）	唐惠立撰、彦悰箋補	此土著述
2-5367	1398-007奄07	30	奄07	大慈恩寺三藏法師傳十卷（07）	唐惠立撰、彦悰箋補	此土著述
2-5368	1398-008奄08	32	奄08	大慈恩寺三藏法師傳十卷（08）	唐惠立撰、彦悰箋補	此土著述
2-5369	1398-009奄09	42	奄09	大慈恩寺三藏法師傳十卷（09）	唐惠立撰、彦悰箋補	此土著述
2-5370	1398-010奄10	27	奄10	大慈恩寺三藏法師傳十卷（10）	唐惠立撰、彦悰箋補	此土著述
2-5371	1399-001宅01	34	宅01	宋高僧傳三十卷（01）	宋贊寧共智輪撰	此土著述
2-5372	1399-002宅02	35	宅02	宋高僧傳三十卷（02）	宋贊寧共智輪撰	此土著述
2-5373	1399-003宅03	0	宅03	宋高僧傳三十卷（03）	宋贊寧共智輪撰	此土著述
2-5374	1399-004宅04	41	宅04	宋高僧傳三十卷（04）	宋贊寧共智輪撰	此土著述
2-5375	1399-005宅05	0	宅05	宋高僧傳三十卷（05）	宋贊寧共智輪撰	此土著述
2-5376	1399-006宅06	0	宅06	宋高僧傳三十卷（06）	宋贊寧共智輪撰	此土著述
2-5377	1399-007宅07	0	宅07	宋高僧傳三十卷（07）	宋贊寧共智輪撰	此土著述
2-5378	1399-008宅08	39	宅08	宋高僧傳三十卷（08）	宋贊寧共智輪撰	此土著述
2-5379	1399-009宅09	36	宅09	宋高僧傳三十卷（09）	宋贊寧共智輪撰	此土著述
2-5380	1399-010宅10	0	宅10	宋高僧傳三十卷（10）	宋贊寧共智輪撰	此土著述
2-5381	1399-011曲01	0	曲01	宋高僧傳三十卷（11）	宋贊寧共智輪撰	此土著述
2-5382	1399-012曲02	0	曲02	宋高僧傳三十卷（12）	宋贊寧共智輪撰	此土著述
2-5383	1399-013曲03	0	曲03	宋高僧傳三十卷（13）	宋贊寧共智輪撰	此土著述
2-5384	1399-014曲04	0	曲04	宋高僧傳三十卷（14）	宋贊寧共智輪撰	此土著述
2-5385	1399-015曲05	0	曲05	宋高僧傳三十卷（15）	宋贊寧共智輪撰	此土著述
2-5386	1399-016曲06	0	曲06	宋高僧傳三十卷（16）	宋贊寧共智輪撰	此土著述
2-5387	1399-017曲07	0	曲07	宋高僧傳三十卷（17）	宋贊寧共智輪撰	此土著述
2-5388	1399-018曲08	0	曲08	宋高僧傳三十卷（18）	宋贊寧共智輪撰	此土著述
2-5389	1399-019曲09	0	曲09	宋高僧傳三十卷（19）	宋贊寧共智輪撰	此土著述
2-5390	1399-020曲10	0	曲10	宋高僧傳三十卷（20）	宋贊寧共智輪撰	此土著述
2-5391	1399-021阜01	0	阜01	宋高僧傳三十卷（21）	宋贊寧共智輪撰	此土著述
2-5392	1399-022阜02	34	阜02	宋高僧傳三十卷（22）	宋贊寧共智輪撰	此土著述
2-5393	1399-023阜03	43	阜03	宋高僧傳三十卷（23）	宋贊寧共智輪撰	此土著述
2-5394	1399-024阜04	0	阜04	宋高僧傳三十卷（24）	宋贊寧共智輪撰	此土著述
2-5395	1399-025阜05	37	阜05	宋高僧傳三十卷（25）	宋贊寧共智輪撰	此土著述
2-5396	1399-026阜06	0	阜06	宋高僧傳三十卷（26）	宋贊寧共智輪撰	此土著述
2-5397	1399-027阜07	0	阜07	宋高僧傳三十卷（27）	宋贊寧共智輪撰	此土著述
2-5398	1399-028阜08	32	阜08	宋高僧傳三十卷（28）	宋贊寧共智輪撰	此土著述
2-5399	1399-029阜09	38	阜09	宋高僧傳三十卷（29）	宋贊寧共智輪撰	此土著述
2-5400	1399-030阜10	0	阜10	宋高僧傳三十卷（30）	宋贊寧共智輪撰	此土著述
2-5401	1400-001微01	59	微01	法顯傳一卷	東晉法顯撰	此土著述
2-5402	1401-001微02	44	微02	比丘尼傳四卷（01、02）	梁寶唱撰	此土著述
2-5403	1402-002微03	40	微03	比丘尼傳四卷（03、04）	梁寶唱撰	此土著述
2-5404	1403-001微04	24	微04	十門辯惑論二卷（01）	唐復禮撰	此土著述
2-5405	1403-002微05	30	微05	十門辯惑論二卷（02）	唐復禮撰	此土著述
2-5406	1404-001微06	21	微06	甄正論三卷（01）	唐玄嶷撰	此土著述
2-5407	1404-002微07	28	微07	甄正論三卷（02）	唐玄嶷撰	此土著述
2-5408	1404-003微08	24	微08	甄正論三卷（03）	唐玄嶷撰	此土著述
2-5409	1405-001微09	42	微09	破邪論二卷（01）	唐法琳撰	此土著述
2-5410	1405-002微10	46	微10	破邪論二卷（02）	唐法琳撰	此土著述
2-5411	1406-001旦01	48	旦01	辯正論九卷（01）	唐法琳撰、陳子良注	此土著述
2-5412	1406-002旦02	34	旦02	辯正論九卷（02）	唐法琳撰、陳子良注	此土著述
2-5413	1406-003旦03	41	旦03	辯正論九卷（03）	唐法琳撰、陳子良注	此土著述
2-5414	1406-004旦04	31	旦04	辯正論九卷（04）	唐法琳撰、陳子良注	此土著述
2-5415	1406-005旦05	32	旦05	辯正論九卷（05）	唐法琳撰、陳子良注	此土著述
2-5416	1406-006旦06	36	旦06	辯正論九卷（06）	唐法琳撰、陳子良注	此土著述
2-5417	1406-007旦07	52	旦07	辯正論九卷（07）	唐法琳撰、陳子良注	此土著述
2-5418	1406-008旦08	39	旦08	辯正論九卷（08）	唐法琳撰、陳子良注	此土著述
2-5419	1406-009旦09	50	旦09	辯正論九卷（09）	唐法琳撰、陳子良注	此土著述
2-5420	1407-001旦10	0	旦10	護法論一卷	宋張商英述	此土著述
2-5421	1408-001孰01	44	孰01	大唐西域記十二卷（01）	唐玄奘撰	此土著述
2-5422	1408-002孰02	39	孰02	大唐西域記十二卷（02）	唐玄奘撰	此土著述
2-5423	1408-003孰03	65	孰03	大唐西域記十二卷（03、04）	唐玄奘撰	此土著述
2-5424	1408-004孰04	31	孰04	大唐西域記十二卷（05）	唐玄奘撰	此土著述
2-5425	1408-005孰05	53	孰05	大唐西域記十二卷（06）	唐玄奘撰	此土著述
2-5426	1408-006孰06	61	孰06	大唐西域記十二卷（07、08）	唐玄奘撰	此土著述
2-5427	1408-007孰07	40	孰07	大唐西域記十二卷（09）	唐玄奘撰	此土著述
2-5428	1408-008孰08	38	孰08	大唐西域記十二卷（10）	唐玄奘撰	此土著述
2-5429	1408-009孰09	39	孰09	大唐西域記十二卷（11）	唐玄奘撰	此土著述
2-5430	1408-010孰10	49	孰10	大唐西域記十二卷（12）	唐玄奘撰	此土著述
2-5431	1409-001營01	34	營01	歷代三寶記十五卷（01）	隋費長房撰	此土著述
2-5432	1409-002營02	0	營02	歷代三寶記十五卷（02）	隋費長房撰	此土著述
2-5433	1409-003營03	0	營03	歷代三寶記十五卷（03）	隋費長房撰	此土著述
2-5434	1409-004營04	45	營04	歷代三寶記十五卷（04）	隋費長房撰	此土著述
2-5435	1409-005營05	36	營05	歷代三寶記十五卷（05）	隋費長房撰	此土著述
2-5436	1409-006營06	48	營06	歷代三寶記十五卷（06）	隋費長房撰	此土著述
2-5437	1409-007營07	0	營07	歷代三寶記十五卷（07）	隋費長房撰	此土著述
2-5438	1409-008營08	50	營08	歷代三寶記十五卷（08）	隋費長房撰	此土著述
2-5439	1409-009營09	41	營09	歷代三寶記十五卷（09）	隋費長房撰	此土著述
2-5440	1409-010營10	39	營10	歷代三寶記十五卷（10）	隋費長房撰	此土著述
2-5441	1409-011桓01	52	桓01	歷代三寶記十五卷（11）	隋費長房撰	此土著述
2-5442	1409-012桓02	51	桓02	歷代三寶記十五卷（12）	隋費長房撰	此土著述
2-5443	1409-013桓03	0	桓03	歷代三寶記十五卷（13）	隋費長房撰	此土著述
2-5444	1409-014桓04	0	桓04	歷代三寶記十五卷（14）	隋費長房撰	此土著述
2-5445	1409-015桓05	48	桓05	歷代三寶記十五卷（15）	隋費長房撰	此土著述
2-5446	1410-001桓06	25	桓06	集諸經禮懺悔文四卷（01）	唐智昇撰	此土著述
2-5447	1410-002桓07	34	桓07	集諸經禮懺悔文四卷（02）	唐智昇撰	此土著述
2-5448	1410-003桓08	28	桓08	集諸經禮懺悔文四卷（03）	唐智昇撰	此土著述
2-5449	1410-004桓09	0	桓09	集諸經禮懺悔文四卷（04）	唐智昇撰	此土著述
2-5450	1411-001桓10	20	桓10	①說罪要行法一卷②受用三水要行法一卷③護命放生軌儀法一卷	唐義淨撰	此土著述
2-5451	1412-001公01	0	公01	慈悲道場懺法十卷（01）	梁諸大法師集撰	此土著述
2-5452	1412-002公02	0	公02	慈悲道場懺法十卷（02）	梁諸大法師集撰	此土著述
2-5453	1412-003公03	0	公03	慈悲道場懺法十卷（03）	梁諸大法師集撰	此土著述
2-5454	1412-004公04	0	公04	慈悲道場懺法十卷（04）	梁諸大法師集撰	此土著述
2-5455	1412-005公05	0	公05	慈悲道場懺法十卷（05）	梁諸大法師集撰	此土著述
2-5456	1412-006公06	0	公06	慈悲道場懺法十卷（06）	梁諸大法師集撰	此土著述
2-5457	1412-007公07	0	公07	慈悲道場懺法十卷（07）	梁諸大法師集撰	此土著述
2-5458	1412-008公08	0	公08	慈悲道場懺法十卷（08）	梁諸大法師集撰	此土著述
2-5459	1412-009公09	0	公09	慈悲道場懺法十卷（09）	梁諸大法師集撰	此土著述
2-5460	1412-010公10	0	公10	慈悲道場懺法十卷（10）	梁諸大法師集撰	此土著述
2-5461	1413-001輔01	49	輔01	①法華三昧懺儀一卷②法華三昧行事運想補助儀一卷	①隋智顗撰、灌頂記②唐湛然撰	此土著述
2-5462	1414-001輔02	30	輔02	金光明懺法補助儀一卷	宋遵式集	此土著述
2-5463	1415-001輔03	45	輔03	①往生淨土懺願儀一卷②往生淨土決疑行願二門一卷	宋遵式集	此土著述
2-5464	1416-001輔04	42	輔04	①請觀世音菩薩消伏毒害陀羅尼三昧儀一卷②金光明最勝懺儀一卷	①宋遵式集②宋知禮集	此土著述
2-5465	1417-001輔05	36	輔05	①千手眼大悲心咒行法一卷②禮法華經儀式一卷	宋知禮集	此土著述
2-5466	1418-001輔06	43	輔06	①熾盛光道場念誦儀一卷②釋迦如來涅槃禮贊文一卷	①宋遵式撰②宋仁岳撰	此土著述
2-5467	1419-001輔07	0	輔07	①觀自在菩薩如意輪咒課法一卷②天台智者大師齋忌禮贊文一卷	①宋仁岳撰②宋遵式撰	此土著述
2-5468	1420-001輔08	0	輔08	慈悲水懺法三卷（01）	唐知玄述	此土著述
2-5469	1420-002輔09	27	輔09	慈悲水懺法三卷（02）	唐知玄述	此土著述
2-5470	1420-003輔10	0	輔10	慈悲水懺法三卷（03）	唐知玄述	此土著述
2-5471	1421-001合01	0	合01	景德傳燈錄三十卷（01）	宋道源纂	此土著述
2-5472	1421-002合02	0	合02	景德傳燈錄三十卷（02）	宋道源纂	此土著述
2-5473	1421-003合03	0	合03	景德傳燈錄三十卷（03）	宋道源纂	此土著述
2-5474	1421-004合04	0	合04	景德傳燈錄三十卷（04）	宋道源纂	此土著述
2-5475	1421-005合05	0	合05	景德傳燈錄三十卷（05）	宋道源纂	此土著述
2-5476	1421-006合06	0	合06	景德傳燈錄三十卷（06）	宋道源纂	此土著述
2-5477	1421-007合07	0	合07	景德傳燈錄三十卷（07）	宋道源纂	此土著述
2-5478	1421-008合08	0	合08	景德傳燈錄三十卷（08）	宋道源纂	此土著述
2-5479	1421-009合09	0	合09	景德傳燈錄三十卷（09）	宋道源纂	此土著述
2-5480	1421-010合10	0	合10	景德傳燈錄三十卷（10）	宋道源纂	此土著述
2-5481	1421-011濟01	49	濟01	景德傳燈錄三十卷（11）	宋道源纂	此土著述
2-5482	1421-012濟02	0	濟02	景德傳燈錄三十卷（12）	宋道源纂	此土著述
2-5483	1421-013濟03	0	濟03	景德傳燈錄三十卷（13）	宋道源纂	此土著述
2-5484	1421-014濟04	50	濟04	景德傳燈錄三十卷（14）	宋道源纂	此土著述
2-5485	1421-015濟05	0	濟05	景德傳燈錄三十卷（15）	宋道源纂	此土著述
2-5486	1421-016濟06	51	濟06	景德傳燈錄三十卷（16）	宋道源纂	此土著述
2-5487	1421-017濟07	60	濟07	景德傳燈錄三十卷（17）	宋道源纂	此土著述
2-5488	1421-018濟08	56	濟08	景德傳燈錄三十卷（18）	宋道源纂	此土著述
2-5489	1421-019濟09	45	濟09	景德傳燈錄三十卷（19）	宋道源纂	此土著述
2-5490	1421-020濟10	0	濟10	景德傳燈錄三十卷（20）	宋道源纂	此土著述
2-5491	1421-021弱01	59	弱01	景德傳燈錄三十卷（21）	宋道源纂	此土著述
2-5492	1421-022弱02	0	弱02	景德傳燈錄三十卷（22）	宋道源纂	此土著述
2-5493	1421-023弱03	59	弱03	景德傳燈錄三十卷（23）	宋道源纂	此土著述
2-5494	1421-024弱04	59	弱04	景德傳燈錄三十卷（24）	宋道源纂	此土著述
2-5495	1421-025弱05	0	弱05	景德傳燈錄三十卷（25）	宋道源纂	此土著述
2-5496	1421-026弱06	69	弱06	景德傳燈錄三十卷（26）	宋道源纂	此土著述
2-5497	1421-027弱07	50	弱07	景德傳燈錄三十卷（27）	宋道源纂	此土著述
2-5498	1421-028弱08	68	弱08	景德傳燈錄三十卷（28）	宋道源纂	此土著述
2-5499	1421-029弱09	47	弱09	景德傳燈錄三十卷（29）	宋道源纂	此土著述
2-5500	1421-030弱10	52	弱10	景德傳燈錄三十卷（30）	宋道源纂	此土著述
2-5501	1422-001扶01	55	扶01	六祖大師法寶壇經一卷	唐惠能說、法海等集	此土著述
2-5502	1423-001扶02	36	扶02	宗門統要正續集二十卷（01上）	宋宗永集、元清茂續集	此土著述
2-5503	1423-002扶03	42	扶03	宗門統要正續集二十卷（01下）	宋宗永集、元清茂續集	此土著述
2-5504	1423-003扶04	0	扶04	宗門統要正續集二十卷（02）	宋宗永集、元清茂續集	此土著述
2-5505	1423-004扶05	58	扶05	宗門統要正續集二十卷（03）	宋宗永集、元清茂續集	此土著述
2-5506	1423-005扶06	48	扶06	宗門統要正續集二十卷（04）	宋宗永集、元清茂續集	此土著述
2-5507	1423-006扶07	48	扶07	宗門統要正續集二十卷（05）	宋宗永集、元清茂續集	此土著述
2-5508	1423-007扶08	35	扶08	宗門統要正續集二十卷（06）	宋宗永集、元清茂續集	此土著述
2-5509	1423-008扶09	52	扶09	宗門統要正續集二十卷（07）	宋宗永集、元清茂續集	此土著述
2-5510	1423-009扶10	69	扶10	宗門統要正續集二十卷（08、09）	宋宗永集、元清茂續集	此土著述
2-5511	1423-010傾01	0	傾01	宗門統要正續集二十卷（10）	宋宗永集、元清茂續集	此土著述
2-5512	1423-011傾02	0	傾02	宗門統要正續集二十卷（11上）	宋宗永集、元清茂續集	此土著述
2-5513	1423-012傾03	0	傾03	宗門統要正續集二十卷（11下）	宋宗永集、元清茂續集	此土著述
2-5514	1423-013傾04	45	傾04	宗門統要正續集二十卷（12）	宋宗永集、元清茂續集	此土著述
2-5515	1423-014傾05	43	傾05	宗門統要正續集二十卷（13）	宋宗永集、元清茂續集	此土著述
2-5516	1423-015傾06	0	傾06	宗門統要正續集二十卷（14）	宋宗永集、元清茂續集	此土著述
2-5517	1423-016傾07	42	傾07	宗門統要正續集二十卷（15）	宋宗永集、元清茂續集	此土著述
2-5518	1423-017傾08	44	傾08	宗門統要正續集二十卷（16）	宋宗永集、元清茂續集	此土著述
2-5519	1423-018傾09	26	傾09	宗門統要正續集二十卷（17）	宋宗永集、元清茂續集	此土著述
2-5520	1423-019傾10	30	傾10	宗門統要正續集二十卷（18）	宋宗永集、元清茂續集	此土著述
2-5521	1423-020綺01	0	綺01	宗門統要正續集二十卷（19）	宋宗永集、元清茂續集	此土著述
2-5522	1423-021綺02	0	綺02	宗門統要正續集二十卷（20）	宋宗永集、元清茂續集	此土著述
2-5523	1424-001綺03	0	綺03	明覺禪師語錄六卷（01）	宋重顯說、惟蓋等編	此土著述
2-5524	1424-002綺04	0	綺04	明覺禪師語錄六卷（02）	宋重顯說、惟蓋等編	此土著述
2-5525	1424-003綺05	0	綺05	明覺禪師語錄六卷（03）	宋重顯說、惟蓋等編	此土著述
2-5526	1424-004綺06	0	綺06	明覺禪師語錄六卷（04）	宋重顯說、惟蓋等編	此土著述
2-5527	1424-005綺07	0	綺07	明覺禪師語錄六卷（05）	宋重顯說、惟蓋等編	此土著述
2-5528	1424-006綺08	0	綺08	明覺禪師語錄六卷（06）	宋重顯說、惟蓋等編	此土著述
2-5529	1425-001綺09	0	綺09	傳法正宗論二卷（01）	宋契嵩編	此土著述
2-5530	1425-002綺10	38	綺10	傳法正宗論二卷（02）	宋契嵩編	此土著述
2-5531	1426-001回01	27	回01	傳法正宗記十卷（01）	宋契嵩編修	此土著述
2-5532	1426-002回02	42	回02	傳法正宗記十卷（02）	宋契嵩編修	此土著述
2-5533	1426-003回03	38	回03	傳法正宗記十卷（03）	宋契嵩編修	此土著述
2-5534	1426-004回04	37	回04	傳法正宗記十卷（04）	宋契嵩編修	此土著述
2-5535	1426-005回05	41	回05	傳法正宗記十卷（05）	宋契嵩編修	此土著述
2-5536	1426-006回06	28	回06	傳法正宗記十卷（06）	宋契嵩編修	此土著述
2-5537	1426-007回07	51	回07	傳法正宗記十卷（07）	宋契嵩編修	此土著述
2-5538	1426-008回08	40	回08	傳法正宗記十卷（08）	宋契嵩編修	此土著述
2-5539	1426-009回09	32	回09	傳法正宗記十卷（09）	宋契嵩編修	此土著述
2-5540	1426-010回10	36	回10	傳法正宗記十卷（10）	宋契嵩編修	此土著述
2-5541	1427-001漢01	35	漢01	輔教編三卷（01）	宋契嵩撰	此土著述
2-5542	1427-002漢02	37	漢02	輔教編三卷（02）	宋契嵩撰	此土著述
2-5543	1427-003漢03	30	漢03	輔教編三卷（03）	宋契嵩撰	此土著述
2-5544	1428-001漢04	43	漢04	圓悟佛果禪師語錄十七卷（01）	宋克勤說、紹隆等編	此土著述
2-5545	1428-002漢05	43	漢05	圓悟佛果禪師語錄十七卷（02）	宋克勤說、紹隆等編	此土著述
2-5546	1428-003漢06	36	漢06	圓悟佛果禪師語錄十七卷（03）	宋克勤說、紹隆等編	此土著述
2-5547	1428-004漢07	26	漢07	圓悟佛果禪師語錄十七卷（04）	宋克勤說、紹隆等編	此土著述
2-5548	1428-005漢08	25	漢08	圓悟佛果禪師語錄十七卷（05）	宋克勤說、紹隆等編	此土著述
2-5549	1428-006漢09	44	漢09	圓悟佛果禪師語錄十七卷（06）	宋克勤說、紹隆等編	此土著述
2-5550	1428-007漢10	30	漢10	圓悟佛果禪師語錄十七卷（07）	宋克勤說、紹隆等編	此土著述
2-5551	1428-008惠01	0	惠01	圓悟佛果禪師語錄十七卷（08）	宋克勤說、紹隆等編	此土著述
2-5552	1428-009惠02	33	惠02	圓悟佛果禪師語錄十七卷（09）	宋克勤說、紹隆等編	此土著述
2-5553	1428-010惠03	36	惠03	圓悟佛果禪師語錄十七卷（10）	宋克勤說、紹隆等編	此土著述
2-5554	1428-011惠04	42	惠04	圓悟佛果禪師語錄十七卷（11）	宋克勤說、紹隆等編	此土著述
2-5555	1428-012惠05	42	惠05	圓悟佛果禪師語錄十七卷（12）	宋克勤說、紹隆等編	此土著述
2-5556	1428-013惠06	41	惠06	圓悟佛果禪師語錄十七卷（13）	宋克勤說、紹隆等編	此土著述
2-5557	1428-014惠07	45	惠07	圓悟佛果禪師語錄十七卷（14）	宋克勤說、紹隆等編	此土著述
2-5558	1428-015惠08	28	惠08	圓悟佛果禪師語錄十七卷（15）	宋克勤說、紹隆等編	此土著述
2-5559	1428-016惠09	29	惠09	圓悟佛果禪師語錄十七卷（16）	宋克勤說、紹隆等編	此土著述
2-5560	1428-017惠10	31	惠10	圓悟佛果禪師語錄十七卷（17）	宋克勤說、紹隆等編	此土著述
2-5561	1429-001說01	34	說01	大慧普覺禪師語錄三十卷（01)	宋宗杲說、蘊聞集	此土著述
2-5562	1429-002說02	30	說02	大慧普覺禪師語錄三十卷（02)	宋宗杲說、蘊聞集	此土著述
2-5563	1429-003說03	27	說03	大慧普覺禪師語錄三十卷（03)	宋宗杲說、蘊聞集	此土著述
2-5564	1429-004說04	29	說04	大慧普覺禪師語錄三十卷（04)	宋宗杲說、蘊聞集	此土著述
2-5565	1429-005說05	25	說05	大慧普覺禪師語錄三十卷（05)	宋宗杲說、蘊聞集	此土著述
2-5566	1429-006說06	28	說06	大慧普覺禪師語錄三十卷（06)	宋宗杲說、蘊聞集	此土著述
2-5567	1429-007說07	25	說07	大慧普覺禪師語錄三十卷（07)	宋宗杲說、蘊聞集	此土著述
2-5568	1429-008說08	29	說08	大慧普覺禪師語錄三十卷（08)	宋宗杲說、蘊聞集	此土著述
2-5569	1429-009說09	30	說09	大慧普覺禪師語錄三十卷（09)	宋宗杲說、蘊聞集	此土著述
2-5570	1429-010說10	36	說10	大慧普覺禪師語錄三十卷（10)	宋宗杲說、蘊聞集	此土著述
2-5571	1429-011感01	0	感01	大慧普覺禪師語錄三十卷（11)	宋宗杲說、蘊聞集	此土著述
2-5572	1429-012感02	8	感02	大慧普覺禪師語錄三十卷（12)	宋宗杲說、蘊聞集	此土著述
2-5573	1429-013感03	24	感03	大慧普覺禪師語錄三十卷（13)	宋宗杲說、蘊聞集	此土著述
2-5574	1429-014感04	36	感04	大慧普覺禪師語錄三十卷（14)	宋宗杲說、蘊聞集	此土著述
2-5575	1429-015感05	0	感05	大慧普覺禪師語錄三十卷（15)	宋宗杲說、蘊聞集	此土著述
2-5576	1429-016感06	23	感06	大慧普覺禪師語錄三十卷（16)	宋宗杲說、蘊聞集	此土著述
2-5577	1429-017感07	28	感07	大慧普覺禪師語錄三十卷（17)	宋宗杲說、蘊聞集	此土著述
2-5578	1429-018感08	23	感08	大慧普覺禪師語錄三十卷（18)	宋宗杲說、蘊聞集	此土著述
2-5579	1429-019感09	26	感09	大慧普覺禪師語錄三十卷（19)	宋宗杲說、蘊聞集	此土著述
2-5580	1429-020感10	0	感10	大慧普覺禪師語錄三十卷（20)	宋宗杲說、蘊聞集	此土著述
2-5581	1429-021武01	0	武01	大慧普覺禪師語錄三十卷（21)	宋宗杲說、蘊聞集	此土著述
2-5582	1429-022武02	0	武02	大慧普覺禪師語錄三十卷（22)	宋宗杲說、蘊聞集	此土著述
2-5583	1429-023武03	0	武03	大慧普覺禪師語錄三十卷（23)	宋宗杲說、蘊聞集	此土著述
2-5584	1429-024武04	27	武04	大慧普覺禪師語錄三十卷（24)	宋宗杲說、蘊聞集	此土著述
2-5585	1429-025武05	0	武05	大慧普覺禪師語錄三十卷（25)	宋宗杲說、蘊聞集	此土著述
2-5586	1429-026武06	0	武06	大慧普覺禪師語錄三十卷（26)	宋宗杲說、蘊聞集	此土著述
2-5587	1429-027武07	32	武07	大慧普覺禪師語錄三十卷（27)	宋宗杲說、蘊聞集	此土著述
2-5588	1429-028武08	0	武08	大慧普覺禪師語錄三十卷（28)	宋宗杲說、蘊聞集	此土著述
2-5589	1429-029武09	0	武09	大慧普覺禪師語錄三十卷（29)	宋宗杲說、蘊聞集	此土著述
2-5590	1429-030武10	27	武10	大慧普覺禪師語錄三十卷（30)	宋宗杲說、蘊聞集	此土著述
2-5591	1430-001丁01	53	丁01	天目中峰和尚廣錄三十卷（01上）	元明本撰	此土著述
2-5592	1430-002丁02	51	丁02	天目中峰和尚廣錄三十卷（01下）	元明本撰	此土著述
2-5593	1430-003丁03	33	丁03	天目中峰和尚廣錄三十卷（02、03）	元明本撰	此土著述
2-5594	1430-004丁04	35	丁04	天目中峰和尚廣錄三十卷（04上）	元明本撰	此土著述
2-5595	1430-005丁05	38	丁05	天目中峰和尚廣錄三十卷（04下）	元明本撰	此土著述
2-5596	1430-006丁06	28	丁06	天目中峰和尚廣錄三十卷（05上）	元明本撰	此土著述
2-5597	1430-007丁07	29	丁07	天目中峰和尚廣錄三十卷（05下）	元明本撰	此土著述
2-5598	1430-008丁08	24	丁08	天目中峰和尚廣錄三十卷（06、07）	元明本撰	此土著述
2-5599	1430-009丁09	20	丁09	天目中峰和尚廣錄三十卷（08）	元明本撰	此土著述
2-5600	1430-010丁10	29	丁10	天目中峰和尚廣錄三十卷（09、10）	元明本撰	此土著述
2-5601	1430-011俊01	34	俊01	天目中峰和尚廣錄三十卷（11上）	元明本撰	此土著述
2-5602	1430-012俊02	38	俊02	天目中峰和尚廣錄三十卷（11中）	元明本撰	此土著述
2-5603	1430-013俊03	32	俊03	天目中峰和尚廣錄三十卷（11下）	元明本撰	此土著述
2-5604	1430-014俊04	36	俊04	天目中峰和尚廣錄三十卷（12上）	元明本撰	此土著述
2-5605	1430-015俊05	31	俊05	天目中峰和尚廣錄三十卷（12中）	元明本撰	此土著述
2-5606	1430-016俊06	37	俊06	天目中峰和尚廣錄三十卷（12下）	元明本撰	此土著述
2-5607	1430-017俊07	35	俊07	天目中峰和尚廣錄三十卷（13、14）	元明本撰	此土著述
2-5608	1430-018俊08	28	俊08	天目中峰和尚廣錄三十卷（15）	元明本撰	此土著述
2-5609	1430-019俊09	38	俊09	天目中峰和尚廣錄三十卷（16、17）	元明本撰	此土著述
2-5610	1430-020俊10	32	俊10	天目中峰和尚廣錄三十卷（18上）	元明本撰	此土著述
2-5611	1430-021乂01	23	乂01	天目中峰和尚廣錄三十卷（18下）	元明本撰	此土著述
2-5612	1430-022乂02	30	乂02	天目中峰和尚廣錄三十卷（19）	元明本撰	此土著述
2-5613	1430-023乂03	30	乂03	天目中峰和尚廣錄三十卷（20）	元明本撰	此土著述
2-5614	1430-024乂04	28	乂04	天目中峰和尚廣錄三十卷（21、22）	元明本撰	此土著述
2-5615	1430-025乂05	29	乂05	天目中峰和尚廣錄三十卷（23、24）	元明本撰	此土著述
2-5616	1430-026乂06	40	乂06	天目中峰和尚廣錄三十卷（25、26）	元明本撰	此土著述
2-5617	1430-027乂07	22	乂07	天目中峰和尚廣錄三十卷（27上）	元明本撰	此土著述
2-5618	1430-028乂08	19	乂08	天目中峰和尚廣錄三十卷（27下、28）	元明本撰	此土著述
2-5619	1430-029乂09	27	乂09	天目中峰和尚廣錄三十卷（29）	元明本撰	此土著述
2-5620	1430-030乂10	42	乂10	天目中峰和尚廣錄三十卷（30）	元明本撰	此土著述
2-5621	1431-001密01	34	密01	妙法蓮華經玄義十卷（01上）	隋智顗說、灌頂記	此土著述
2-5622	1431-002密02	38	密02	妙法蓮華經玄義十卷（01下）	隋智顗說、灌頂記	此土著述
2-5623	1431-003密03	35	密03	妙法蓮華經玄義十卷（02上）	隋智顗說、灌頂記	此土著述
2-5624	1431-004密04	42	密04	妙法蓮華經玄義十卷（02下）	隋智顗說、灌頂記	此土著述
2-5625	1431-005密05	39	密05	妙法蓮華經玄義十卷（03上）	隋智顗說、灌頂記	此土著述
2-5626	1431-006密06	0	密06	妙法蓮華經玄義十卷（03下）	隋智顗說、灌頂記	此土著述
2-5627	1431-007密07	42	密07	妙法蓮華經玄義十卷（04上）	隋智顗說、灌頂記	此土著述
2-5628	1431-008密08	42	密08	妙法蓮華經玄義十卷（04下）	隋智顗說、灌頂記	此土著述
2-5629	1431-009密09	43	密09	妙法蓮華經玄義十卷（05上）	隋智顗說、灌頂記	此土著述
2-5630	1431-010密10	40	密10	妙法蓮華經玄義十卷（05下）	隋智顗說、灌頂記	此土著述
2-5631	1431-011勿01	45	勿01	妙法蓮華經玄義十卷（06上）	隋智顗說、灌頂記	此土著述
2-5632	1431-012勿02	45	勿02	妙法蓮華經玄義十卷（06下）	隋智顗說、灌頂記	此土著述
2-5633	1431-013勿03	39	勿03	妙法蓮華經玄義十卷（07上）	隋智顗說、灌頂記	此土著述
2-5634	1431-014勿04	38	勿04	妙法蓮華經玄義十卷（07下）	隋智顗說、灌頂記	此土著述
2-5635	1431-015勿05	38	勿05	妙法蓮華經玄義十卷（08上）	隋智顗說、灌頂記	此土著述
2-5636	1431-016勿06	39	勿06	妙法蓮華經玄義十卷（08下）	隋智顗說、灌頂記	此土著述
2-5637	1431-017勿07	37	勿07	妙法蓮華經玄義十卷（09上）	隋智顗說、灌頂記	此土著述
2-5638	1431-018勿08	35	勿08	妙法蓮華經玄義十卷（09下）	隋智顗說、灌頂記	此土著述
2-5639	1431-019勿09	43	勿09	妙法蓮華經玄義十卷（10上）	隋智顗說、灌頂記	此土著述
2-5640	1431-020勿10	40	勿10	妙法蓮華經玄義十卷（10下）	隋智顗說、灌頂記	此土著述
2-5641	1432-001多01	47	多01	法華玄義釋簽十卷（01上）	隋智顗說、灌頂記、唐湛然釋	此土著述
2-5642	1432-002多02	45	多02	法華玄義釋簽十卷（01下）	隋智顗說、灌頂記、唐湛然釋	此土著述
2-5643	1432-003多03	48	多03	法華玄義釋簽十卷（02上）	隋智顗說、灌頂記、唐湛然釋	此土著述
2-5644	1432-004多04	47	多04	法華玄義釋簽十卷（02下）	隋智顗說、灌頂記、唐湛然釋	此土著述
2-5645	1432-005多05	44	多05	法華玄義釋簽十卷（03上）	隋智顗說、灌頂記、唐湛然釋	此土著述
2-5646	1432-006多06	43	多06	法華玄義釋簽十卷（03下）	隋智顗說、灌頂記、唐湛然釋	此土著述
2-5647	1432-007多07	45	多07	法華玄義釋簽十卷（04上）	隋智顗說、灌頂記、唐湛然釋	此土著述
2-5648	1432-008多08	42	多08	法華玄義釋簽十卷（04下）	隋智顗說、灌頂記、唐湛然釋	此土著述
2-5649	1432-009多09	43	多09	法華玄義釋簽十卷（05上）	隋智顗說、灌頂記、唐湛然釋	此土著述
2-5650	1432-010多10	45	多10	法華玄義釋簽十卷（05下）	隋智顗說、灌頂記、唐湛然釋	此土著述
2-5651	1432-011士01	41	士01	法華玄義釋簽十卷（06上）	隋智顗說、灌頂記、唐湛然釋	此土著述
2-5652	1432-012士02	41	士02	法華玄義釋簽十卷（06下）	隋智顗說、灌頂記、唐湛然釋	此土著述
2-5653	1432-013士03	0	士03	法華玄義釋簽十卷（07上）	隋智顗說、灌頂記、唐湛然釋	此土著述
2-5654	1432-014士04	40	士04	法華玄義釋簽十卷（07下）	隋智顗說、灌頂記、唐湛然釋	此土著述
2-5655	1432-015士05	44	士05	法華玄義釋簽十卷（08上）	隋智顗說、灌頂記、唐湛然釋	此土著述
2-5656	1432-016士06	40	士06	法華玄義釋簽十卷（08下）	隋智顗說、灌頂記、唐湛然釋	此土著述
2-5657	1432-017士07	42	士07	法華玄義釋簽十卷（09上）	隋智顗說、灌頂記、唐湛然釋	此土著述
2-5658	1432-018士08	0	士08	法華玄義釋簽十卷（09下）	隋智顗說、灌頂記、唐湛然釋	此土著述
2-5659	1432-019士09	42	士09	法華玄義釋簽十卷（10上）	隋智顗說、灌頂記、唐湛然釋	此土著述
2-5660	1432-020士10	48	士10	法華玄義釋簽十卷（10下）	隋智顗說、灌頂記、唐湛然釋	此土著述
2-5661	1433-007寔01	49	寔01	妙法蓮華經文句十卷（01上）	隋智顗說、灌頂記	此土著述
2-5662	1433-008寔02	41	寔02	妙法蓮華經文句十卷（01下）	隋智顗說、灌頂記	此土著述
2-5663	1433-009寔03	41	寔03	妙法蓮華經文句十卷（02上）	隋智顗說、灌頂記	此土著述
2-5664	1433-010寔04	42	寔04	妙法蓮華經文句十卷（02下）	隋智顗說、灌頂記	此土著述
2-5665	1433-011寔05	41	寔05	妙法蓮華經文句十卷（03上）	隋智顗說、灌頂記	此土著述
2-5666	1433-012寔06	48	寔06	妙法蓮華經文句十卷（03下）	隋智顗說、灌頂記	此土著述
2-5667	1433-013寔07	40	寔07	妙法蓮華經文句十卷（04上）	隋智顗說、灌頂記	此土著述
2-5668	1433-014寔08	48	寔08	妙法蓮華經文句十卷（04下）	隋智顗說、灌頂記	此土著述
2-5669	1433-015寔09	40	寔09	妙法蓮華經文句十卷（05上）	隋智顗說、灌頂記	此土著述
2-5670	1433-016寔10	44	寔10	妙法蓮華經文句十卷（05下）	隋智顗說、灌頂記	此土著述
2-5671	1433-017寧01	45	寧01	妙法蓮華經文句十卷（06上）	隋智顗說、灌頂記	此土著述
2-5672	1433-018寧02	48	寧02	妙法蓮華經文句十卷（06下）	隋智顗說、灌頂記	此土著述
2-5673	1433-019寧03	44	寧03	妙法蓮華經文句十卷（07上）	隋智顗說、灌頂記	此土著述
2-5674	1433-020寧04	46	寧04	妙法蓮華經文句十卷（07下）	隋智顗說、灌頂記	此土著述
2-5675	1433-021寧05	40	寧05	妙法蓮華經文句十卷（08上）	隋智顗說、灌頂記	此土著述
2-5676	1433-022寧06	45	寧06	妙法蓮華經文句十卷（08下）	隋智顗說、灌頂記	此土著述
2-5677	1433-023寧07	37	寧07	妙法蓮華經文句十卷（09上）	隋智顗說、灌頂記	此土著述
2-5678	1433-024寧08	46	寧08	妙法蓮華經文句十卷（09下）	隋智顗說、灌頂記	此土著述
2-5679	1433-025寧09	37	寧09	妙法蓮華經文句十卷（10上）	隋智顗說、灌頂記	此土著述
2-5680	1433-026寧10	45	寧10	妙法蓮華經文句十卷（10下）	隋智顗說、灌頂記	此土著述
2-5681	1434-001晉01	0	晉01	法華文句記十卷（01上）	唐湛然述	此土著述
2-5682	1434-002晉02	0	晉02	法華文句記十卷（01中）	唐湛然述	此土著述
2-5683	1434-003晉03	0	晉03	法華文句記十卷（01下）	唐湛然述	此土著述
2-5684	1434-004晉04	0	晉04	法華文句記十卷（02上）	唐湛然述	此土著述
2-5685	1434-005晉05	0	晉05	法華文句記十卷（02中）	唐湛然述	此土著述
2-5686	1434-006晉06	0	晉06	法華文句記十卷（02下）	唐湛然述	此土著述
2-5687	1434-007晉07	0	晉07	法華文句記十卷（03上）	唐湛然述	此土著述
2-5688	1434-008晉08	0	晉08	法華文句記十卷（03中）	唐湛然述	此土著述
2-5689	1434-009晉09	32	晉09	法華文句記十卷（03下）	唐湛然述	此土著述
2-5690	1434-010晉10	42	晉10	法華文句記十卷（04上）	唐湛然述	此土著述
2-5691	1434-011楚01	38	楚01	法華文句記十卷（04中）	唐湛然述	此土著述
2-5692	1434-012楚02	0	楚02	法華文句記十卷（04下）	唐湛然述	此土著述
2-5693	1434-013楚03	0	楚03	法華文句記十卷（05上）	唐湛然述	此土著述
2-5694	1434-014楚04	0	楚04	法華文句記十卷（05中）	唐湛然述	此土著述
2-5695	1434-015楚05	47	楚05	法華文句記十卷（05下）	唐湛然述	此土著述
2-5696	1434-016楚06	37	楚06	法華文句記十卷（06上）	唐湛然述	此土著述
2-5697	1434-017楚07	35	楚07	法華文句記十卷（06中）	唐湛然述	此土著述
2-5698	1434-018楚08	0	楚08	法華文句記十卷（06下）	唐湛然述	此土著述
2-5699	1434-019楚09	39	楚09	法華文句記十卷（07上）	唐湛然述	此土著述
2-5700	1434-020楚10	0	楚10	法華文句記十卷（07中）	唐湛然述	此土著述
2-5701	1434-021更01	49	更01	法華文句記十卷（07下）	唐湛然述	此土著述
2-5702	1434-022更02	42	更02	法華文句記十卷（08之一）	唐湛然述	此土著述
2-5703	1434-023更03	0	更03	法華文句記十卷（08之二、之三）	唐湛然述	此土著述
2-5704	1434-024更04	37	更04	法華文句記十卷（08之四）	唐湛然述	此土著述
2-5705	1434-025更05	42	更05	法華文句記十卷（09上）	唐湛然述	此土著述
2-5706	1434-026更06	41	更06	法華文句記十卷（09中）	唐湛然述	此土著述
2-5707	1434-027更07	43	更07	法華文句記十卷（09下）	唐湛然述	此土著述
2-5708	1434-028更08	38	更08	法華文句記十卷（10上）	唐湛然述	此土著述
2-5709	1434-029更09	38	更09	法華文句記十卷（10中）	唐湛然述	此土著述
2-5710	1434-030更10	56	更10	法華文句記十卷（10下）	唐湛然述	此土著述
2-5711	1435-001霸01	33	霸01	摩訶止觀十卷（01上）	隋智顗說、灌頂記	此土著述
2-5712	1435-002霸02	29	霸02	摩訶止觀十卷（01下）	隋智顗說、灌頂記	此土著述
2-5713	1435-003霸03	31	霸03	摩訶止觀十卷（02上）	隋智顗說、灌頂記	此土著述
2-5714	1435-004霸04	0	霸04	摩訶止觀十卷（02下）	隋智顗說、灌頂記	此土著述
2-5715	1435-005霸05	41	霸05	摩訶止觀十卷（03上）	隋智顗說、灌頂記	此土著述
2-5716	1435-006霸06	42	霸06	摩訶止觀十卷（03下）	隋智顗說、灌頂記	此土著述
2-5717	1435-007霸07	40	霸07	摩訶止觀十卷（04上）	隋智顗說、灌頂記	此土著述
2-5718	1435-008霸08	36	霸08	摩訶止觀十卷（04下）	隋智顗說、灌頂記	此土著述
2-5719	1435-009霸09	0	霸09	摩訶止觀十卷（05上）	隋智顗說、灌頂記	此土著述
2-5720	1435-010霸10	61	霸10	摩訶止觀十卷（05下）	隋智顗說、灌頂記	此土著述
2-5721	1435-011趙01	51	趙01	摩訶止觀十卷（06上）	隋智顗說、灌頂記	此土著述
2-5722	1435-012趙02	44	趙02	摩訶止觀十卷（06下）	隋智顗說、灌頂記	此土著述
2-5723	1435-013趙03	47	趙03	摩訶止觀十卷（07上）	隋智顗說、灌頂記	此土著述
2-5724	1435-014趙04	48	趙04	摩訶止觀十卷（07下）	隋智顗說、灌頂記	此土著述
2-5725	1435-015趙05	47	趙05	摩訶止觀十卷（08上）	隋智顗說、灌頂記	此土著述
2-5726	1435-016趙06	42	趙06	摩訶止觀十卷（08下）	隋智顗說、灌頂記	此土著述
2-5727	1435-017趙07	41	趙07	摩訶止觀十卷（09上）	隋智顗說、灌頂記	此土著述
2-5728	1435-018趙08	45	趙08	摩訶止觀十卷（09下）	隋智顗說、灌頂記	此土著述
2-5729	1435-019趙09	28	趙09	摩訶止觀十卷（10上）	隋智顗說、灌頂記	此土著述
2-5730	1435-020趙10	29	趙10	摩訶止觀十卷（10下）	隋智顗說、灌頂記	此土著述
2-5731	1436-001魏01	55	魏01	止觀輔行傳弘訣十卷（01之一）	唐湛然述	此土著述
2-5732	1436-002魏02	62	魏02	止觀輔行傳弘訣十卷（01之二）	唐湛然述	此土著述
2-5733	1436-003魏03	36	魏03	止觀輔行傳弘訣十卷（01之三）	唐湛然述	此土著述
2-5734	1436-004魏04	46	魏04	止觀輔行傳弘訣十卷（01之四）	唐湛然述	此土著述
2-5735	1436-005魏05	43	魏05	止觀輔行傳弘訣十卷（01之五）	唐湛然述	此土著述
2-5736	1436-006魏06	41	魏06	止觀輔行傳弘訣十卷（02之一）	唐湛然述	此土著述
2-5737	1436-007魏07	47	魏07	止觀輔行傳弘訣十卷（02之二）	唐湛然述	此土著述
2-5738	1436-008魏08	36	魏08	止觀輔行傳弘訣十卷（02之三）	唐湛然述	此土著述
2-5739	1436-009魏09	38	魏09	止觀輔行傳弘訣十卷（02之四）	唐湛然述	此土著述
2-5740	1436-010魏10	42	魏10	止觀輔行傳弘訣十卷（02之五）	唐湛然述	此土著述
2-5741	1436-011困01	49	困01	止觀輔行傳弘訣十卷（03之一）	唐湛然述	此土著述
2-5742	1436-012困02	46	困02	止觀輔行傳弘訣十卷（03之二）	唐湛然述	此土著述
2-5743	1436-013困03	55	困03	止觀輔行傳弘訣十卷（03之三）	唐湛然述	此土著述
2-5744	1436-014困04	58	困04	止觀輔行傳弘訣十卷（03之四）	唐湛然述	此土著述
2-5745	1436-015困05	35	困05	止觀輔行傳弘訣十卷（04之一）	唐湛然述	此土著述
2-5746	1436-016困06	33	困06	止觀輔行傳弘訣十卷（04之二）	唐湛然述	此土著述
2-5747	1436-017困07	42	困07	止觀輔行傳弘訣十卷（04之三）	唐湛然述	此土著述
2-5748	1436-018困08	38	困08	止觀輔行傳弘訣十卷（04之四）	唐湛然述	此土著述
2-5749	1436-019困09	42	困09	止觀輔行傳弘訣十卷（05之一）	唐湛然述	此土著述
2-5750	1436-020困10	46	困10	止觀輔行傳弘訣十卷（05之二）	唐湛然述	此土著述
2-5751	1436-021橫01	51	橫01	止觀輔行傳弘訣十卷（05之三）	唐湛然述	此土著述
2-5752	1436-022橫02	50	橫02	止觀輔行傳弘訣十卷（05之四）	唐湛然述	此土著述
2-5753	1436-023橫03	50	橫03	止觀輔行傳弘訣十卷（05之五）	唐湛然述	此土著述
2-5754	1436-024橫04	52	橫04	止觀輔行傳弘訣十卷（05之六）	唐湛然述	此土著述
2-5755	1436-025橫05	37	橫05	止觀輔行傳弘訣十卷（06之一）	唐湛然述	此土著述
2-5756	1436-026橫06	48	橫06	止觀輔行傳弘訣十卷（06之二）	唐湛然述	此土著述
2-5757	1436-027橫07	39	橫07	止觀輔行傳弘訣十卷（06之三）	唐湛然述	此土著述
2-5758	1436-028橫08	40	橫08	止觀輔行傳弘訣十卷（06之四）	唐湛然述	此土著述
2-5759	1436-029橫09	43	橫09	止觀輔行傳弘訣十卷（07之一）	唐湛然述	此土著述
2-5760	1436-030橫10	46	橫10	止觀輔行傳弘訣十卷（07之二）	唐湛然述	此土著述
2-5761	1436-031假01	49	假01	止觀輔行傳弘訣十卷（07之三）	唐湛然述	此土著述
2-5762	1436-032假02	0	假02	止觀輔行傳弘訣十卷（07之四）	唐湛然述	此土著述
2-5763	1436-033假03	0	假03	止觀輔行傳弘訣十卷（08之一）	唐湛然述	此土著述
2-5764	1436-034假04	0	假04	止觀輔行傳弘訣十卷（08之二）	唐湛然述	此土著述
2-5765	1436-035假05	0	假05	止觀輔行傳弘訣十卷（08之三）	唐湛然述	此土著述
2-5766	1436-036假06	0	假06	止觀輔行傳弘訣十卷（09之一）	唐湛然述	此土著述
2-5767	1436-037假07	33	假07	止觀輔行傳弘訣十卷（09之二）	唐湛然述	此土著述
2-5768	1436-038假08	0	假08	止觀輔行傳弘訣十卷（09之三）	唐湛然述	此土著述
2-5769	1436-039假09	0	假09	止觀輔行傳弘訣十卷（10之一）	唐湛然述	此土著述
2-5770	1436-040假10	0	假10	止觀輔行傳弘訣十卷（10之二）	唐湛然述	此土著述
2-5771	1437-001途01	0	途01	修習止觀坐禪法要二卷（01）	隋智顗述	此土著述
2-5772	1437-002途02	38	途02	修習止觀坐禪法要二卷（02）	隋智顗述	此土著述
2-5773	1438-001途03	0	途03	止觀義例二卷（01）	唐湛然述	此土著述
2-5774	1438-002途04	0	途04	止觀義例二卷（02）	唐湛然述	此土著述
2-5775	1439-001途05	0	途05	大乘止觀法門四卷（01）	陳慧思說	此土著述
2-5776	1439-002途06	0	途06	大乘止觀法門四卷（02）	陳慧思說	此土著述
2-5777	1439-003途07	36	途07	大乘止觀法門四卷（03）	陳慧思說	此土著述
2-5778	1439-004途08	35	途08	大乘止觀法門四卷（04）	陳慧思說	此土著述
2-5779	1440-001途09	0	途09	諸法無諍三昧法門二卷（01）	陳慧思說	此土著述
2-5780	1440-002途10	47	途10	諸法無諍三昧法門二卷（02）	陳慧思說	此土著述
2-5781	1441-001滅01	0	滅01	大般涅槃經玄義二卷（01）	隋灌頂撰	此土著述
2-5782	1441-002滅02	0	滅02	大般涅槃經玄義二卷（02）	隋灌頂撰	此土著述
2-5783	1442-001滅03	0	滅03	大般涅槃經疏十八卷（01上）	隋灌頂撰、唐湛然再治	此土著述
2-5784	1442-002滅04	0	滅04	大般涅槃經疏十八卷（01下）	隋灌頂撰、唐湛然再治	此土著述
2-5785	1442-003滅05	0	滅05	大般涅槃經疏十八卷（02上）	隋灌頂撰、唐湛然再治	此土著述
2-5786	1442-004滅06	0	滅06	大般涅槃經疏十八卷（02下）	隋灌頂撰、唐湛然再治	此土著述
2-5787	1442-005滅07	0	滅07	大般涅槃經疏十八卷（03上）	隋灌頂撰、唐湛然再治	此土著述
2-5788	1442-006滅08	0	滅08	大般涅槃經疏十八卷（03下）	隋灌頂撰、唐湛然再治	此土著述
2-5789	1442-007滅09	0	滅09	大般涅槃經疏十八卷（04上）	隋灌頂撰、唐湛然再治	此土著述
2-5790	1442-008滅10	0	滅10	大般涅槃經疏十八卷（04下）	隋灌頂撰、唐湛然再治	此土著述
2-5791	1442-009虢01	0	虢01	大般涅槃經疏十八卷（05上）	隋灌頂撰、唐湛然再治	此土著述
2-5792	1442-010虢02	38	虢02	大般涅槃經疏十八卷（05下）	隋灌頂撰、唐湛然再治	此土著述
2-5793	1442-011虢03	58	虢03	大般涅槃經疏十八卷（06）	隋灌頂撰、唐湛然再治	此土著述
2-5794	1442-012虢04	53	虢04	大般涅槃經疏十八卷（07）	隋灌頂撰、唐湛然再治	此土著述
2-5795	1442-013虢05	30	虢05	大般涅槃經疏十八卷（08上）	隋灌頂撰、唐湛然再治	此土著述
2-5796	1442-014虢06	30	虢06	大般涅槃經疏十八卷（08下）	隋灌頂撰、唐湛然再治	此土著述
2-5797	1442-015虢07	30	虢07	大般涅槃經疏十八卷（09上）	隋灌頂撰、唐湛然再治	此土著述
2-5798	1442-016虢08	26	虢08	大般涅槃經疏十八卷（09下）	隋灌頂撰、唐湛然再治	此土著述
2-5799	1442-017虢09	34	虢09	大般涅槃經疏十八卷（10上）	隋灌頂撰、唐湛然再治	此土著述
2-5800	1442-018虢10	35	虢10	大般涅槃經疏十八卷（10下）	隋灌頂撰、唐湛然再治	此土著述
2-5801	1442-019踐01	36	踐01	大般涅槃經疏十八卷（11上）	隋灌頂撰、唐湛然再治	此土著述
2-5802	1442-020踐02	38	踐02	大般涅槃經疏十八卷（11下）	隋灌頂撰、唐湛然再治	此土著述
2-5803	1442-021踐03	0	踐03	大般涅槃經疏十八卷（12上）	隋灌頂撰、唐湛然再治	此土著述
2-5804	1442-022踐04	36	踐04	大般涅槃經疏十八卷（12下）	隋灌頂撰、唐湛然再治	此土著述
2-5805	1442-023踐05	35	踐05	大般涅槃經疏十八卷（13上）	隋灌頂撰、唐湛然再治	此土著述
2-5806	1442-024踐06	33	踐06	大般涅槃經疏十八卷（13下）	隋灌頂撰、唐湛然再治	此土著述
2-5807	1442-025踐07	31	踐07	大般涅槃經疏十八卷（14上）	隋灌頂撰、唐湛然再治	此土著述
2-5808	1442-026踐08	32	踐08	大般涅槃經疏十八卷（14下）	隋灌頂撰、唐湛然再治	此土著述
2-5809	1442-027踐09	36	踐09	大般涅槃經疏十八卷（15上）	隋灌頂撰、唐湛然再治	此土著述
2-5810	1442-028踐10	37	踐10	大般涅槃經疏十八卷（15下）	隋灌頂撰、唐湛然再治	此土著述
2-5811	1442-029土01	31	土01	大般涅槃經疏十八卷（16上）	隋灌頂撰、唐湛然再治	此土著述
2-5812	1442-030土02	29	土02	大般涅槃經疏十八卷（16下）	隋灌頂撰、唐湛然再治	此土著述
2-5813	1442-031土03	44	土03	大般涅槃經疏十八卷（17上）	隋灌頂撰、唐湛然再治	此土著述
2-5814	1442-032土04	32	土04	大般涅槃經疏十八卷（17下）	隋灌頂撰、唐湛然再治	此土著述
2-5815	1442-033土05	0	土05	大般涅槃經疏十八卷（18）	隋灌頂撰、唐湛然再治	此土著述
2-5816	1443-001土06	42	土06	涅槃經玄義發源機要四卷（01）	宋智圓述	此土著述
2-5817	1443-002土07	39	土07	涅槃經玄義發源機要四卷（02）	宋智圓述	此土著述
2-5818	1443-003土08	42	土08	涅槃經玄義發源機要四卷（03）	宋智圓述	此土著述
2-5819	1443-004土09	42	土09	涅槃經玄義發源機要四卷（04）	宋智圓述	此土著述
2-5820	1444-001土10	31	土10	法華經安樂行義一卷	陳慧思說	此土著述
2-5821	1445-001會01	36	會01	金光明經玄義二卷（01）	隋智顗說、灌頂錄	此土著述
2-5822	1445-002會02	33	會02	金光明經玄義二卷（02）	隋智顗說、灌頂錄	此土著述
2-5823	1446-001會03	34	會03	金光明經玄義拾遺記六卷（01）	宋知禮述	此土著述
2-5824	1446-002會04	38	會04	金光明經玄義拾遺記六卷（02）	宋知禮述	此土著述
2-5825	1446-003會05	37	會05	金光明經玄義拾遺記六卷（03）	宋知禮述	此土著述
2-5826	1446-004會06	37	會06	金光明經玄義拾遺記六卷（04）	宋知禮述	此土著述
2-5827	1446-005會07	34	會07	金光明經玄義拾遺記六卷（05）	宋知禮述	此土著述
2-5828	1446-006會08	31	會08	金光明經玄義拾遺記六卷（06）	宋知禮述	此土著述
2-5829	1447-001會09	51	會09	金剛般若經疏一卷	隋智顗說	此土著述
2-5830	1448-001會10	61	會10	天台四教儀一卷	宋諦觀錄	此土著述
2-5831	1449-001盟01	41	盟01	金光明經文句六卷（01）	隋智顗說、灌頂錄	此土著述
2-5832	1449-002盟02	36	盟02	金光明經文句六卷（02）	隋智顗說、灌頂錄	此土著述
2-5833	1449-003盟03	41	盟03	金光明經文句六卷（03）	隋智顗說、灌頂錄	此土著述
2-5834	1449-004盟04	43	盟04	金光明經文句六卷（04）	隋智顗說、灌頂錄	此土著述
2-5835	1449-005盟05	25	盟05	金光明經文句六卷（05）	隋智顗說、灌頂錄	此土著述
2-5836	1449-006盟06	31	盟06	金光明經文句六卷（06）	隋智顗說、灌頂錄	此土著述
2-5837	1450-001盟07	38	盟07	金光明經文句記六卷（01上）	宋知禮述	此土著述
2-5838	1450-002盟08	41	盟08	金光明經文句記六卷（01下）	宋知禮述	此土著述
2-5839	1450-003盟09	40	盟09	金光明經文句記六卷（02上）	宋知禮述	此土著述
2-5840	1450-004盟10	44	盟10	金光明經文句記六卷（02下）	宋知禮述	此土著述
2-5841	1450-005何01	45	何01	金光明經文句記六卷（03上）	宋知禮述	此土著述
2-5842	1450-006何02	52	何02	金光明經文句記六卷（03下）	宋知禮述	此土著述
2-5843	1450-007何03	36	何03	金光明經文句記六卷（04上）	宋知禮述	此土著述
2-5844	1450-008何04	41	何04	金光明經文句記六卷（04下）	宋知禮述	此土著述
2-5845	1450-009何05	43	何05	金光明經文句記六卷（05上）	宋知禮述	此土著述
2-5846	1450-010何06	29	何06	金光明經文句記六卷（05下）	宋知禮述	此土著述
2-5847	1450-011何07	33	何07	金光明經文句記六卷（06上）	宋知禮述	此土著述
2-5848	1450-012何08	32	何08	金光明經文句記六卷（06下）	宋知禮述	此土著述
2-5849	1451-001何09	51	何09	菩薩戒儀疏二卷（01）	隋智顗說、灌頂記	此土著述
2-5850	1451-002何10	55	何10	菩薩戒儀疏二卷（02）	隋智顗說、灌頂記	此土著述
2-5851	1452-001遵01	50	遵01	觀音玄義二卷（01）	隋智顗說、灌頂記	此土著述
2-5852	1452-002遵02	45	遵02	觀音玄義二卷（02）	隋智顗說、灌頂記	此土著述
2-5853	1453-001遵03	48	遵03	觀音玄義記四卷（01）	宋知禮述	此土著述
2-5854	1453-002遵04	53	遵04	觀音玄義記四卷（02）	宋知禮述	此土著述
2-5855	1453-003遵05	39	遵05	觀音玄義記四卷（03）	宋知禮述	此土著述
2-5856	1453-004遵06	37	遵06	觀音玄義記四卷（04）	宋知禮述	此土著述
2-5857	1454-001遵07	0	遵07	觀音義疏二卷（01）	隋智顗說、灌頂記	此土著述
2-5858	1454-002遵08	43	遵08	觀音義疏二卷（02）	隋智顗說、灌頂記	此土著述
2-5859	1455-001遵09	33	遵09	觀音義疏記四卷（01）	宋知禮述	此土著述
2-5860	1455-002遵10	33	遵10	觀音義疏記四卷（02）	宋知禮述	此土著述
2-5861	1455-003約01	39	約01	觀音義疏記四卷（03）	宋知禮述	此土著述
2-5862	1455-004約02	50	約02	觀音義疏記四卷（04）	宋知禮述	此土著述
2-5863	1456-001約03	50	約03	觀無量壽佛經疏一卷	隋智顗說	此土著述
2-5864	1457-001約04	42	約04	觀無量壽佛經疏妙宗鈔六卷（01）	宋知禮述	此土著述
2-5865	1457-002約05	42	約05	觀無量壽佛經疏妙宗鈔六卷（02）	宋知禮述	此土著述
2-5866	1457-003約06	40	約06	觀無量壽佛經疏妙宗鈔六卷（03）	宋知禮述	此土著述
2-5867	1457-004約07	39	約07	觀無量壽佛經疏妙宗鈔六卷（04）	宋知禮述	此土著述
2-5868	1457-005約08	29	約08	觀無量壽佛經疏妙宗鈔六卷（05）	宋知禮述	此土著述
2-5869	1457-006約09	45	約09	觀無量壽佛經疏妙宗鈔六卷（06）	宋知禮述	此土著述
2-5870	1458-001約10	23	約10	天台智者大師禪門口訣一卷	隋智顗說	此土著述
2-5871	1459-001法01	53	法01	請觀音經疏一卷	隋智顗說、灌頂記	此土著述
2-5872	1460-001法02	39	法02	請觀音經疏闡義鈔四卷（01）	宋智圓述	此土著述
2-5873	1460-002法03	34	法03	請觀音經疏闡義鈔四卷（02）	宋智圓述	此土著述
2-5874	1460-003法04	0	法04	請觀音經疏闡義鈔四卷（03）	宋智圓述	此土著述
2-5875	1460-004法05	0	法05	請觀音經疏闡義鈔四卷（04）	宋智圓述	此土著述
2-5876	1461-001法06	0	法06	釋摩訶般若波羅蜜經覺意三昧一卷	隋智顗說、灌頂記	此土著述
2-5877	1462-001法07	0	法07	四念處四卷（01）	隋智顗說、灌頂記	此土著述
2-5878	1462-002法08	0	法08	四念處四卷（02）	隋智顗說、灌頂記	此土著述
2-5879	1462-003法09	39	法09	四念處四卷（03）	隋智顗說、灌頂記	此土著述
2-5880	1462-004法10	42	法10	四念處四卷（04）	隋智顗說、灌頂記	此土著述
2-5881	1463-001韓01	37	韓01	仁王護國般若經疏五卷（01）	隋智顗說、灌頂記	此土著述
2-5882	1463-002韓02	33	韓02	仁王護國般若經疏五卷（02）	隋智顗說、灌頂記	此土著述
2-5883	1463-003韓03	32	韓03	仁王護國般若經疏五卷（03）	隋智顗說、灌頂記	此土著述
2-5884	1463-004韓04	33	韓04	仁王護國般若經疏五卷（04）	隋智顗說、灌頂記	此土著述
2-5885	1463-005韓05	0	韓05	仁王護國般若經疏五卷（05）	隋智顗說、灌頂記	此土著述
2-5886	1464-001韓06	32	韓06	佛說仁王護國般若波羅蜜經疏神寶記四卷（01）	宋善月述	此土著述
2-5887	1464-002韓07	32	韓07	佛說仁王護國般若波羅蜜經疏神寶記四卷（02）	宋善月述	此土著述
2-5888	1464-003韓08	0	韓08	佛說仁王護國般若波羅蜜經疏神寶記四卷（03）	宋善月述	此土著述
2-5889	1464-004韓09	49	韓09	佛說仁王護國般若波羅蜜經疏神寶記四卷（04）	宋善月述	此土著述
2-5890	1465-001韓10	30	韓10	天台八教大意一卷	隋灌頂撰	此土著述
2-5891	1466-001弊01	63	弊01	四教義六卷（01）	隋智顗撰	此土著述
2-5892	1466-002弊02	33	弊02	四教義六卷（02）	隋智顗撰	此土著述
2-5893	1466-003弊03	0	弊03	四教義六卷（03）	隋智顗撰	此土著述
2-5894	1466-004弊04	0	弊04	四教義六卷（04）	隋智顗撰	此土著述
2-5895	1466-005弊05	40	弊05	四教義六卷（05）	隋智顗撰	此土著述
2-5896	1466-006弊06	0	弊06	四教義六卷（06）	隋智顗撰	此土著述
2-5897	1467-001弊07	49	弊07	國清百錄四卷（01）	隋智寂等錄、灌頂纂集	此土著述
2-5898	1467-002弊08	48	弊08	國清百錄四卷（02）	隋智寂等錄、灌頂纂集	此土著述
2-5899	1467-003弊09	52	弊09	國清百錄四卷（03）	隋智寂等錄、灌頂纂集	此土著述
2-5900	1467-004弊10	50	弊10	國清百錄四卷（04）	隋智寂等錄、灌頂纂集	此土著述
2-5901	1468-001煩01	53	煩01	釋禪波羅蜜次第法門十卷（01）	隋智顗說、法慎記、灌頂再治	此土著述
2-5902	1468-002煩02	47	煩02	釋禪波羅蜜次第法門十卷（02）	隋智顗說、法慎記、灌頂再治	此土著述
2-5903	1468-003煩03	56	煩03	釋禪波羅蜜次第法門十卷（03）	隋智顗說、法慎記、灌頂再治	此土著述
2-5904	1468-004煩04	44	煩04	釋禪波羅蜜次第法門十卷（04）	隋智顗說、法慎記、灌頂再治	此土著述
2-5905	1468-005煩05	50	煩05	釋禪波羅蜜次第法門十卷（05）	隋智顗說、法慎記、灌頂再治	此土著述
2-5906	1468-006煩06	47	煩06	釋禪波羅蜜次第法門十卷（06）	隋智顗說、法慎記、灌頂再治	此土著述
2-5907	1468-007煩07	30	煩07	釋禪波羅蜜次第法門十卷（07）	隋智顗說、法慎記、灌頂再治	此土著述
2-5908	1468-008煩08	40	煩08	釋禪波羅蜜次第法門十卷（08）	隋智顗說、法慎記、灌頂再治	此土著述
2-5909	1468-009煩09	33	煩09	釋禪波羅蜜次第法門十卷（09）	隋智顗說、法慎記、灌頂再治	此土著述
2-5910	1468-010煩10	50	煩10	釋禪波羅蜜次第法門十卷（10）	隋智顗說、法慎記、灌頂再治	此土著述
2-5911	1469-001刑01	43	刑01	法界次第初門三卷（01）	隋智顗撰	此土著述
2-5912	1469-002刑02	38	刑02	法界次第初門三卷（02）	隋智顗撰	此土著述
2-5913	1469-003刑03	47	刑03	法界次第初門三卷（03）	隋智顗撰	此土著述
2-5914	1470-001刑04	38	刑04	方等三昧行法一卷	隋智顗說、灌頂記	此土著述
2-5915	1471-001刑05	32	刑05	淨土十疑論一卷	隋智顗說	此土著述
2-5916	1472-001刑06	44	刑06	觀心論疏五卷（01）	隋灌頂撰	此土著述
2-5917	1472-002刑07	36	刑07	觀心論疏五卷（02）	隋灌頂撰	此土著述
2-5918	1472-003刑08	46	刑08	觀心論疏五卷（03）	隋灌頂撰	此土著述
2-5919	1472-004刑09	40	刑09	觀心論疏五卷（04）	隋灌頂撰	此土著述
2-5920	1472-005刑10	40	刑10	觀心論疏五卷（05）	隋灌頂撰	此土著述
2-5921	1473-001起01	32	起01	南岳思大禪師立誓願文一卷	陳慧思述	此土著述
2-5922	1474-001起02	42	起02	天台智者大師別傳一卷	隋灌頂撰	此土著述
2-5923	1475-001起03	55	起03	①止觀大意一卷②始終心要一卷③修懺要旨一卷	①唐湛然述②唐湛然述③宋知禮述	此土著述
2-5924	1476-001起04	20	起04	十不二門一卷	唐湛然述	此土著述
2-5925	1477-001起05	51	起05	指要鈔二卷（01）	宋知禮述	此土著述
2-5926	1477-002起06	43	起06	指要鈔二卷（02）	宋知禮述	此土著述
2-5927	1478-001起07	52	起07	金剛錍一卷	唐湛然述	此土著述
2-5928	1479-001起08	45	起08	法智遺編觀心二百問一卷	宋知禮撰、法孫繼忠集	此土著述
2-5929	1480-001起09	50	起09	永嘉集一卷	唐玄覺撰	此土著述
2-5930	1481-001起10	32	起10	①天台傳佛心印記一卷②淨土境觀要門一卷	元懷則述	此土著述
2-5931	1482-001翦01	0	翦01	首楞嚴經義海三十卷（01）	唐懷迪證釋、宋咸輝排經入注	此土著述
2-5932	1482-002翦02	0	翦02	首楞嚴經義海三十卷（02）	唐懷迪證釋、宋咸輝排經入注	此土著述
2-5933	1482-003翦03	0	翦03	首楞嚴經義海三十卷（03）	唐懷迪證釋、宋咸輝排經入注	此土著述
2-5934	1482-004翦04	0	翦04	首楞嚴經義海三十卷（04）	唐懷迪證釋、宋咸輝排經入注	此土著述
2-5935	1482-005翦05	0	翦05	首楞嚴經義海三十卷（05）	唐懷迪證釋、宋咸輝排經入注	此土著述
2-5936	1482-006翦06	0	翦06	首楞嚴經義海三十卷（06）	唐懷迪證釋、宋咸輝排經入注	此土著述
2-5937	1482-007翦07	0	翦07	首楞嚴經義海三十卷（07）	唐懷迪證釋、宋咸輝排經入注	此土著述
2-5938	1482-008翦08	0	翦08	首楞嚴經義海三十卷（08）	唐懷迪證釋、宋咸輝排經入注	此土著述
2-5939	1482-009翦09	0	翦09	首楞嚴經義海三十卷（09）	唐懷迪證釋、宋咸輝排經入注	此土著述
2-5940	1482-010翦10	0	翦10	首楞嚴經義海三十卷（10）	唐懷迪證釋、宋咸輝排經入注	此土著述
2-5941	1482-011頗01	0	頗01	首楞嚴經義海三十卷（11）	唐懷迪證釋、宋咸輝排經入注	此土著述
2-5942	1482-012頗02	0	頗02	首楞嚴經義海三十卷（12）	唐懷迪證釋、宋咸輝排經入注	此土著述
2-5943	1482-013頗03	0	頗03	首楞嚴經義海三十卷（13）	唐懷迪證釋、宋咸輝排經入注	此土著述
2-5944	1482-014頗04	0	頗04	首楞嚴經義海三十卷（14）	唐懷迪證釋、宋咸輝排經入注	此土著述
2-5945	1482-015頗05	0	頗05	首楞嚴經義海三十卷（15）	唐懷迪證釋、宋咸輝排經入注	此土著述
2-5946	1482-016頗06	0	頗06	首楞嚴經義海三十卷（16）	唐懷迪證釋、宋咸輝排經入注	此土著述
2-5947	1482-017頗07	0	頗07	首楞嚴經義海三十卷（17）	唐懷迪證釋、宋咸輝排經入注	此土著述
2-5948	1482-018頗08	0	頗08	首楞嚴經義海三十卷（18）	唐懷迪證釋、宋咸輝排經入注	此土著述
2-5949	1482-019頗09	0	頗09	首楞嚴經義海三十卷（19）	唐懷迪證釋、宋咸輝排經入注	此土著述
2-5950	1482-020頗10	0	頗10	首楞嚴經義海三十卷（20）	唐懷迪證釋、宋咸輝排經入注	此土著述
2-5951	1482-021牧01	39	牧01	首楞嚴經義海三十卷（21）	唐懷迪證釋、宋咸輝排經入注	此土著述
2-5952	1482-022牧02	36	牧02	首楞嚴經義海三十卷（22）	唐懷迪證釋、宋咸輝排經入注	此土著述
2-5953	1482-023牧03	35	牧03	首楞嚴經義海三十卷（23）	唐懷迪證釋、宋咸輝排經入注	此土著述
2-5954	1482-024牧04	43	牧04	首楞嚴經義海三十卷（24）	唐懷迪證釋、宋咸輝排經入注	此土著述
2-5955	1482-025牧05	30	牧05	首楞嚴經義海三十卷（25）	唐懷迪證釋、宋咸輝排經入注	此土著述
2-5956	1482-026牧06	35	牧06	首楞嚴經義海三十卷（26）	唐懷迪證釋、宋咸輝排經入注	此土著述
2-5957	1482-027牧07	26	牧07	首楞嚴經義海三十卷（27）	唐懷迪證釋、宋咸輝排經入注	此土著述
2-5958	1482-028牧08	32	牧08	首楞嚴經義海三十卷（28）	唐懷迪證釋、宋咸輝排經入注	此土著述
2-5959	1482-029牧09	29	牧09	首楞嚴經義海三十卷（29）	唐懷迪證釋、宋咸輝排經入注	此土著述
2-5960	1482-030牧10	36	牧10	首楞嚴經義海三十卷（30）	唐懷迪證釋、宋咸輝排經入注	此土著述
2-5961	1483-001用01	41	用01	大方廣佛華嚴經疏六十卷（01）	唐澄觀述	此土著述
2-5962	1483-002用02	0	用02	大方廣佛華嚴經疏六十卷（02）	唐澄觀述	此土著述
2-5963	1483-003用03	52	用03	大方廣佛華嚴經疏六十卷（03）	唐澄觀述	此土著述
2-5964	1483-004用04	40	用04	大方廣佛華嚴經疏六十卷（04）	唐澄觀述	此土著述
2-5965	1483-005用05	0	用05	大方廣佛華嚴經疏六十卷（05）	唐澄觀述	此土著述
2-5966	1483-006用06	47	用06	大方廣佛華嚴經疏六十卷（06）	唐澄觀述	此土著述
2-5967	1483-007用07	43	用07	大方廣佛華嚴經疏六十卷（07）	唐澄觀述	此土著述
2-5968	1483-008用08	32	用08	大方廣佛華嚴經疏六十卷（08）	唐澄觀述	此土著述
2-5969	1483-009用09	32	用09	大方廣佛華嚴經疏六十卷（09）	唐澄觀述	此土著述
2-5970	1483-010用10	36	用10	大方廣佛華嚴經疏六十卷（10）	唐澄觀述	此土著述
2-5971	1483-011軍01	0	軍01	大方廣佛華嚴經疏六十卷（11）	唐澄觀述	此土著述
2-5972	1483-012軍02	54	軍02	大方廣佛華嚴經疏六十卷（12）	唐澄觀述	此土著述
2-5973	1483-013軍03	0	軍03	大方廣佛華嚴經疏六十卷（13）	唐澄觀述	此土著述
2-5974	1483-014軍04	0	軍04	大方廣佛華嚴經疏六十卷（14）	唐澄觀述	此土著述
2-5975	1483-015軍05	0	軍05	大方廣佛華嚴經疏六十卷（15）	唐澄觀述	此土著述
2-5976	1483-016軍06	0	軍06	大方廣佛華嚴經疏六十卷（16）	唐澄觀述	此土著述
2-5977	1483-017軍07	0	軍07	大方廣佛華嚴經疏六十卷（17）	唐澄觀述	此土著述
2-5978	1483-018軍08	35	軍08	大方廣佛華嚴經疏六十卷（18）	唐澄觀述	此土著述
2-5979	1483-019軍09	0	軍09	大方廣佛華嚴經疏六十卷（19）	唐澄觀述	此土著述
2-5980	1483-020軍10	0	軍10	大方廣佛華嚴經疏六十卷（20）	唐澄觀述	此土著述
2-5981	1483-021最01	35	最01	大方廣佛華嚴經疏六十卷（21）	唐澄觀述	此土著述
2-5982	1483-022最02	45	最02	大方廣佛華嚴經疏六十卷（22）	唐澄觀述	此土著述
2-5983	1483-023最03	36	最03	大方廣佛華嚴經疏六十卷（23）	唐澄觀述	此土著述
2-5984	1483-024最04	54	最04	大方廣佛華嚴經疏六十卷（24）	唐澄觀述	此土著述
2-5985	1483-025最05	66	最05	大方廣佛華嚴經疏六十卷（25）	唐澄觀述	此土著述
2-5986	1483-026最06	43	最06	大方廣佛華嚴經疏六十卷（26）	唐澄觀述	此土著述
2-5987	1483-027最07	42	最07	大方廣佛華嚴經疏六十卷（27）	唐澄觀述	此土著述
2-5988	1483-028最08	43	最08	大方廣佛華嚴經疏六十卷（28）	唐澄觀述	此土著述
2-5989	1483-029最09	42	最09	大方廣佛華嚴經疏六十卷（29）	唐澄觀述	此土著述
2-5990	1483-030最10	60	最10	大方廣佛華嚴經疏六十卷（30）	唐澄觀述	此土著述
2-5991	1483-031精01	0	精01	大方廣佛華嚴經疏六十卷（31）	唐澄觀述	此土著述
2-5992	1483-032精02	0	精02	大方廣佛華嚴經疏六十卷（32）	唐澄觀述	此土著述
2-5993	1483-033精03	0	精03	大方廣佛華嚴經疏六十卷（33）	唐澄觀述	此土著述
2-5994	1483-034精04	0	精04	大方廣佛華嚴經疏六十卷（34）	唐澄觀述	此土著述
2-5995	1483-035精05	0	精05	大方廣佛華嚴經疏六十卷（35）	唐澄觀述	此土著述
2-5996	1483-036精06	0	精06	大方廣佛華嚴經疏六十卷（36）	唐澄觀述	此土著述
2-5997	1483-037精07	0	精07	大方廣佛華嚴經疏六十卷（37）	唐澄觀述	此土著述
2-5998	1483-038精08	0	精08	大方廣佛華嚴經疏六十卷（38）	唐澄觀述	此土著述
2-5999	1483-039精09	0	精09	大方廣佛華嚴經疏六十卷（39）	唐澄觀述	此土著述
2-6000	1483-040精10	0	精10	大方廣佛華嚴經疏六十卷（40）	唐澄觀述	此土著述
2-6001	1483-041宣01	40	宣01	大方廣佛華嚴經疏六十卷（41）	唐澄觀述	此土著述
2-6002	1483-042宣02	35	宣02	大方廣佛華嚴經疏六十卷（42）	唐澄觀述	此土著述
2-6003	1483-043宣03	42	宣03	大方廣佛華嚴經疏六十卷（43）	唐澄觀述	此土著述
2-6004	1483-044宣04	38	宣04	大方廣佛華嚴經疏六十卷（44）	唐澄觀述	此土著述
2-6005	1483-045宣05	54	宣05	大方廣佛華嚴經疏六十卷（45）	唐澄觀述	此土著述
2-6006	1483-046宣06	46	宣06	大方廣佛華嚴經疏六十卷（46）	唐澄觀述	此土著述
2-6007	1483-047宣07	0	宣07	大方廣佛華嚴經疏六十卷（47）	唐澄觀述	此土著述
2-6008	1483-048宣08	0	宣08	大方廣佛華嚴經疏六十卷（48）	唐澄觀述	此土著述
2-6009	1483-049宣09	51	宣09	大方廣佛華嚴經疏六十卷（49）	唐澄觀述	此土著述
2-6010	1483-050宣10	0	宣10	大方廣佛華嚴經疏六十卷（50）	唐澄觀述	此土著述
2-6011	1483-051威01	37	威01	大方廣佛華嚴經疏六十卷（51）	唐澄觀述	此土著述
2-6012	1483-052威02	36	威02	大方廣佛華嚴經疏六十卷（52）	唐澄觀述	此土著述
2-6013	1483-053威03	48	威03	大方廣佛華嚴經疏六十卷（53）	唐澄觀述	此土著述
2-6014	1483-054威04	46	威04	大方廣佛華嚴經疏六十卷（54）	唐澄觀述	此土著述
2-6015	1483-055威05	39	威05	大方廣佛華嚴經疏六十卷（55）	唐澄觀述	此土著述
2-6016	1483-056威06	55	威06	大方廣佛華嚴經疏六十卷（56）	唐澄觀述	此土著述
2-6017	1483-057威07	53	威07	大方廣佛華嚴經疏六十卷（57）	唐澄觀述	此土著述
2-6018	1483-058威08	44	威08	大方廣佛華嚴經疏六十卷（58）	唐澄觀述	此土著述
2-6019	1483-059威09	40	威09	大方廣佛華嚴經疏六十卷（59）	唐澄觀述	此土著述
2-6020	1483-060威10	45	威10	大方廣佛華嚴經疏六十卷（60）	唐澄觀述	此土著述
2-6021	1484-001沙01	0	沙01	大方廣佛華嚴經隨疏演義鈔九十卷（01）	唐澄觀述	此土著述
2-6022	1484-002沙02	42	沙02	大方廣佛華嚴經隨疏演義鈔九十卷（02）	唐澄觀述	此土著述
2-6023	1484-003沙03	44	沙03	大方廣佛華嚴經隨疏演義鈔九十卷（03）	唐澄觀述	此土著述
2-6024	1484-004沙04	46	沙04	大方廣佛華嚴經隨疏演義鈔九十卷（04）	唐澄觀述	此土著述
2-6025	1484-005沙05	37	沙05	大方廣佛華嚴經隨疏演義鈔九十卷（05）	唐澄觀述	此土著述
2-6026	1484-006沙06	50	沙06	大方廣佛華嚴經隨疏演義鈔九十卷（06）	唐澄觀述	此土著述
2-6027	1484-007沙07	48	沙07	大方廣佛華嚴經隨疏演義鈔九十卷（07）	唐澄觀述	此土著述
2-6028	1484-008沙08	36	沙08	大方廣佛華嚴經隨疏演義鈔九十卷（08）	唐澄觀述	此土著述
2-6029	1484-009沙09	47	沙09	大方廣佛華嚴經隨疏演義鈔九十卷（09）	唐澄觀述	此土著述
2-6030	1484-010沙10	46	沙10	大方廣佛華嚴經隨疏演義鈔九十卷（10）	唐澄觀述	此土著述
2-6031	1484-011漠01	49	漠01	大方廣佛華嚴經隨疏演義鈔九十卷（11）	唐澄觀述	此土著述
2-6032	1484-012漠02	45	漠02	大方廣佛華嚴經隨疏演義鈔九十卷（12）	唐澄觀述	此土著述
2-6033	1484-013漠03	51	漠03	大方廣佛華嚴經隨疏演義鈔九十卷（13）	唐澄觀述	此土著述
2-6034	1484-014漠04	37	漠04	大方廣佛華嚴經隨疏演義鈔九十卷（14）	唐澄觀述	此土著述
2-6035	1484-015漠05	41	漠05	大方廣佛華嚴經隨疏演義鈔九十卷（15）	唐澄觀述	此土著述
2-6036	1484-016漠06	55	漠06	大方廣佛華嚴經隨疏演義鈔九十卷（16）	唐澄觀述	此土著述
2-6037	1484-017漠07	48	漠07	大方廣佛華嚴經隨疏演義鈔九十卷（17）	唐澄觀述	此土著述
2-6038	1484-018漠08	52	漠08	大方廣佛華嚴經隨疏演義鈔九十卷（18）	唐澄觀述	此土著述
2-6039	1484-019漠09	44	漠09	大方廣佛華嚴經隨疏演義鈔九十卷（19）	唐澄觀述	此土著述
2-6040	1484-020漠10	44	漠10	大方廣佛華嚴經隨疏演義鈔九十卷（20）	唐澄觀述	此土著述
2-6041	1484-021馳01	0	馳01	大方廣佛華嚴經隨疏演義鈔九十卷（21）	唐澄觀述	此土著述
2-6042	1484-022馳02	0	馳02	大方廣佛華嚴經隨疏演義鈔九十卷（22）	唐澄觀述	此土著述
2-6043	1484-023馳03	0	馳03	大方廣佛華嚴經隨疏演義鈔九十卷（23）	唐澄觀述	此土著述
2-6044	1484-024馳04	0	馳04	大方廣佛華嚴經隨疏演義鈔九十卷（24）	唐澄觀述	此土著述
2-6045	1484-025馳05	0	馳05	大方廣佛華嚴經隨疏演義鈔九十卷（25）	唐澄觀述	此土著述
2-6046	1484-026馳06	0	馳06	大方廣佛華嚴經隨疏演義鈔九十卷（26）	唐澄觀述	此土著述
2-6047	1484-027馳07	0	馳07	大方廣佛華嚴經隨疏演義鈔九十卷（27）	唐澄觀述	此土著述
2-6048	1484-028馳08	0	馳08	大方廣佛華嚴經隨疏演義鈔九十卷（28）	唐澄觀述	此土著述
2-6049	1484-029馳09	0	馳09	大方廣佛華嚴經隨疏演義鈔九十卷（29）	唐澄觀述	此土著述
2-6050	1484-030馳10	0	馳10	大方廣佛華嚴經隨疏演義鈔九十卷（30）	唐澄觀述	此土著述
2-6051	1484-031譽01	51	譽01	大方廣佛華嚴經隨疏演義鈔九十卷（31）	唐澄觀述	此土著述
2-6052	1484-032譽02	44	譽02	大方廣佛華嚴經隨疏演義鈔九十卷（32）	唐澄觀述	此土著述
2-6053	1484-033譽03	42	譽03	大方廣佛華嚴經隨疏演義鈔九十卷（33）	唐澄觀述	此土著述
2-6054	1484-034譽04	0	譽04	大方廣佛華嚴經隨疏演義鈔九十卷（34）	唐澄觀述	此土著述
2-6055	1484-035譽05	44	譽05	大方廣佛華嚴經隨疏演義鈔九十卷（35）	唐澄觀述	此土著述
2-6056	1484-036譽06	42	譽06	大方廣佛華嚴經隨疏演義鈔九十卷（36）	唐澄觀述	此土著述
2-6057	1484-037譽07	45	譽07	大方廣佛華嚴經隨疏演義鈔九十卷（37）	唐澄觀述	此土著述
2-6058	1484-038譽08	51	譽08	大方廣佛華嚴經隨疏演義鈔九十卷（38）	唐澄觀述	此土著述
2-6059	1484-039譽09	47	譽09	大方廣佛華嚴經隨疏演義鈔九十卷（39）	唐澄觀述	此土著述
2-6060	1484-040譽10	15	譽10	大方廣佛華嚴經隨疏演義鈔九十卷（40）	唐澄觀述	此土著述
2-6061	1484-041丹01	49	丹01	大方廣佛華嚴經隨疏演義鈔九十卷（41）	唐澄觀述	此土著述
2-6062	1484-042丹02	50	丹02	大方廣佛華嚴經隨疏演義鈔九十卷（42）	唐澄觀述	此土著述
2-6063	1484-043丹03	50	丹03	大方廣佛華嚴經隨疏演義鈔九十卷（43）	唐澄觀述	此土著述
2-6064	1484-044丹04	49	丹04	大方廣佛華嚴經隨疏演義鈔九十卷（44）	唐澄觀述	此土著述
2-6065	1484-045丹05	49	丹05	大方廣佛華嚴經隨疏演義鈔九十卷（45）	唐澄觀述	此土著述
2-6066	1484-046丹06	48	丹06	大方廣佛華嚴經隨疏演義鈔九十卷（46）	唐澄觀述	此土著述
2-6067	1484-047丹07	55	丹07	大方廣佛華嚴經隨疏演義鈔九十卷（47）	唐澄觀述	此土著述
2-6068	1484-048丹08	43	丹08	大方廣佛華嚴經隨疏演義鈔九十卷（48）	唐澄觀述	此土著述
2-6069	1484-049丹09	51	丹09	大方廣佛華嚴經隨疏演義鈔九十卷（49）	唐澄觀述	此土著述
2-6070	1484-050丹10	18	丹10	大方廣佛華嚴經隨疏演義鈔九十卷（50）	唐澄觀述	此土著述
2-6071	1484-051青01	0	青01	大方廣佛華嚴經隨疏演義鈔九十卷（51）	唐澄觀述	此土著述
2-6072	1484-052青02	48	青02	大方廣佛華嚴經隨疏演義鈔九十卷（52）	唐澄觀述	此土著述
2-6073	1484-053青03	0	青03	大方廣佛華嚴經隨疏演義鈔九十卷（53）	唐澄觀述	此土著述
2-6074	1484-054青04	45	青04	大方廣佛華嚴經隨疏演義鈔九十卷（54）	唐澄觀述	此土著述
2-6075	1484-055青05	47	青05	大方廣佛華嚴經隨疏演義鈔九十卷（55）	唐澄觀述	此土著述
2-6076	1484-056青06	54	青06	大方廣佛華嚴經隨疏演義鈔九十卷（56）	唐澄觀述	此土著述
2-6077	1484-057青07	49	青07	大方廣佛華嚴經隨疏演義鈔九十卷（57）	唐澄觀述	此土著述
2-6078	1484-058青08	57	青08	大方廣佛華嚴經隨疏演義鈔九十卷（58）	唐澄觀述	此土著述
2-6079	1484-059青09	51	青09	大方廣佛華嚴經隨疏演義鈔九十卷（59）	唐澄觀述	此土著述
2-6080	1484-060青10	0	青10	大方廣佛華嚴經隨疏演義鈔九十卷（60）	唐澄觀述	此土著述
2-6081	1484-061九01	50	九01	大方廣佛華嚴經隨疏演義鈔九十卷（61）	唐澄觀述	此土著述
2-6082	1484-062九02	53	九02	大方廣佛華嚴經隨疏演義鈔九十卷（62）	唐澄觀述	此土著述
2-6083	1484-063九03	46	九03	大方廣佛華嚴經隨疏演義鈔九十卷（63）	唐澄觀述	此土著述
2-6084	1484-064九04	53	九04	大方廣佛華嚴經隨疏演義鈔九十卷（64）	唐澄觀述	此土著述
2-6085	1484-065九05	43	九05	大方廣佛華嚴經隨疏演義鈔九十卷（65）	唐澄觀述	此土著述
2-6086	1484-066九06	42	九06	大方廣佛華嚴經隨疏演義鈔九十卷（66）	唐澄觀述	此土著述
2-6087	1484-067九07	43	九07	大方廣佛華嚴經隨疏演義鈔九十卷（67）	唐澄觀述	此土著述
2-6088	1484-068九08	42	九08	大方廣佛華嚴經隨疏演義鈔九十卷（68）	唐澄觀述	此土著述
2-6089	1484-069九09	44	九09	大方廣佛華嚴經隨疏演義鈔九十卷（69）	唐澄觀述	此土著述
2-6090	1484-070九10	48	九10	大方廣佛華嚴經隨疏演義鈔九十卷（70）	唐澄觀述	此土著述
2-6091	1484-071州01	42	州01	大方廣佛華嚴經隨疏演義鈔九十卷（71）	唐澄觀述	此土著述
2-6092	1484-072州02	31	州02	大方廣佛華嚴經隨疏演義鈔九十卷（72）	唐澄觀述	此土著述
2-6093	1484-073州03	39	州03	大方廣佛華嚴經隨疏演義鈔九十卷（73）	唐澄觀述	此土著述
2-6094	1484-074州04	37	州04	大方廣佛華嚴經隨疏演義鈔九十卷（74）	唐澄觀述	此土著述
2-6095	1484-075州05	39	州05	大方廣佛華嚴經隨疏演義鈔九十卷（75）	唐澄觀述	此土著述
2-6096	1484-076州06	34	州06	大方廣佛華嚴經隨疏演義鈔九十卷（76）	唐澄觀述	此土著述
2-6097	1484-077州07	40	州07	大方廣佛華嚴經隨疏演義鈔九十卷（77）	唐澄觀述	此土著述
2-6098	1484-078州08	35	州08	大方廣佛華嚴經隨疏演義鈔九十卷（78）	唐澄觀述	此土著述
2-6099	1484-079州09	50	州09	大方廣佛華嚴經隨疏演義鈔九十卷（79）	唐澄觀述	此土著述
2-6100	1484-080州10	52	州10	大方廣佛華嚴經隨疏演義鈔九十卷（80）	唐澄觀述	此土著述
2-6101	1484-081禹01	48	禹01	大方廣佛華嚴經隨疏演義鈔九十卷（81）	唐澄觀述	此土著述
2-6102	1484-082禹02	0	禹02	大方廣佛華嚴經隨疏演義鈔九十卷（82）	唐澄觀述	此土著述
2-6103	1484-083禹03	37	禹03	大方廣佛華嚴經隨疏演義鈔九十卷（83）	唐澄觀述	此土著述
2-6104	1484-084禹04	44	禹04	大方廣佛華嚴經隨疏演義鈔九十卷（84）	唐澄觀述	此土著述
2-6105	1484-085禹05	46	禹05	大方廣佛華嚴經隨疏演義鈔九十卷（85）	唐澄觀述	此土著述
2-6106	1484-086禹06	33	禹06	大方廣佛華嚴經隨疏演義鈔九十卷（86）	唐澄觀述	此土著述
2-6107	1484-087禹07	35	禹07	大方廣佛華嚴經隨疏演義鈔九十卷（87）	唐澄觀述	此土著述
2-6108	1484-088禹08	40	禹08	大方廣佛華嚴經隨疏演義鈔九十卷（88）	唐澄觀述	此土著述
2-6109	1484-089禹09	42	禹09	大方廣佛華嚴經隨疏演義鈔九十卷（89）	唐澄觀述	此土著述
2-6110	1484-090禹10	38	禹10	大方廣佛華嚴經隨疏演義鈔九十卷（90）	唐澄觀述	此土著述
2-6111	1485-001跡01	44	跡01	華嚴一乘教義分齊章四卷（01）	唐法藏述	此土著述
2-6112	1485-002跡02	41	跡02	華嚴一乘教義分齊章四卷（02）	唐法藏述	此土著述
2-6113	1485-003跡03	41	跡03	華嚴一乘教義分齊章四卷（03）	唐法藏述	此土著述
2-6114	1485-004跡04	54	跡04	華嚴一乘教義分齊章四卷（04）	唐法藏述	此土著述
2-6115	1486-001跡05	43	跡05	華嚴經明法品內立三寶章二卷（01）	唐法藏述	此土著述
2-6116	1486-002跡06	41	跡06	華嚴經明法品內立三寶章二卷（02）	唐法藏述	此土著述
2-6117	1487-001跡07	46	跡07	①修華嚴奧旨妄盡還源觀一卷②原人論一卷	①唐法藏述②唐宗密述	此土著述
2-6118	1488-001跡08	44	跡08	華嚴經指歸一卷	唐法藏述	此土著述
2-6119	1489-001跡09	39	跡09	注華嚴法界觀門一卷	唐宗密注	此土著述
2-6120	1490-001跡10	34	跡10	佛遺教經論疏節要一卷	宋智圓疏、淨源節要	此土著述
2-6121	1491-001百01	0	百01	華嚴法界玄鏡二卷（01）	唐澄觀述	此土著述
2-6122	1491-002百02	35	百02	華嚴法界玄鏡二卷（02）	唐澄觀述	此土著述
2-6123	1492-001百03	23	百03	般若波羅蜜多心經略疏一卷	唐法藏述	此土著述
2-6124	1493-001百04	39	百04	般若心經略疏連珠記二卷（01）	唐法藏述、宋師會述記	此土著述
2-6125	1493-002百05	44	百05	般若心經略疏連珠記二卷（02）	唐法藏述、宋師會述記	此土著述
2-6126	1494-001百06	45	百06	盂蘭盆經疏一卷	唐宗密述	此土著述
2-6127	1495-001百07	44	百07	①華嚴金師子章一卷②佛說阿彌陀經疏一卷	①唐法藏述②唐元曉述	此土著述
2-6128	1496-001百08	37	百08	紹興重雕大藏音三卷（01）	宋處觀集	此土著述
2-6129	1496-002百09	35	百09	紹興重雕大藏音三卷（02）	宋處觀集	此土著述
2-6130	1496-003百10	37	百10	紹興重雕大藏音三卷（03）	宋處觀集	此土著述
2-6131	1497-001郡01	50	郡01	一切經音義二十六卷（01）	唐玄應撰	此土著述
2-6132	1497-002郡02	46	郡02	一切經音義二十六卷（02）	唐玄應撰	此土著述
2-6133	1497-003郡03	35	郡03	一切經音義二十六卷（03）	唐玄應撰	此土著述
2-6134	1497-004郡04	31	郡04	一切經音義二十六卷（04）	唐玄應撰	此土著述
2-6135	1497-005郡05	33	郡05	一切經音義二十六卷（05）	唐玄應撰	此土著述
2-6136	1497-006郡06	33	郡06	一切經音義二十六卷（06）	唐玄應撰	此土著述
2-6137	1497-007郡07	38	郡07	一切經音義二十六卷（07）	唐玄應撰	此土著述
2-6138	1497-008郡08	44	郡08	一切經音義二十六卷（08）	唐玄應撰	此土著述
2-6139	1497-009郡09	42	郡09	一切經音義二十六卷（09）	唐玄應撰	此土著述
2-6140	1497-010郡10	0	郡10	一切經音義二十六卷（10）	唐玄應撰	此土著述
2-6141	1497-011秦01	29	秦01	一切經音義二十六卷（11）	唐玄應撰	此土著述
2-6142	1497-012秦02	43	秦02	一切經音義二十六卷（12）	唐玄應撰	此土著述
2-6143	1497-013秦03	45	秦03	一切經音義二十六卷（13）	唐玄應撰	此土著述
2-6144	1497-014秦04	48	秦04	一切經音義二十六卷（14）	唐玄應撰	此土著述
2-6145	1497-015秦05	49	秦05	一切經音義二十六卷（15）	唐玄應撰	此土著述
2-6146	1497-016秦06	43	秦06	一切經音義二十六卷（16）	唐玄應撰	此土著述
2-6147	1497-017秦07	35	秦07	一切經音義二十六卷（17）	唐玄應撰	此土著述
2-6148	1497-018秦08	39	秦08	一切經音義二十六卷（18）	唐玄應撰	此土著述
2-6149	1497-019秦09	42	秦09	一切經音義二十六卷（19）	唐玄應撰	此土著述
2-6150	1497-020秦10	32	秦10	一切經音義二十六卷（20）	唐玄應撰	此土著述
2-6151	1497-021并01	44	并01	一切經音義二十六卷（21）	唐玄應撰	此土著述
2-6152	1497-022并02	0	并02	一切經音義二十六卷（22）	唐玄應撰	此土著述
2-6153	1497-023并03	50	并03	一切經音義二十六卷（23）	唐玄應撰	此土著述
2-6154	1497-024并04	0	并04	一切經音義二十六卷（24）	唐玄應撰	此土著述
2-6155	1497-025并05	0	并05	一切經音義二十六卷（25）	唐玄應撰	此土著述
2-6156	1497-026并06	28	并06	一切經音義二十六卷（26）	唐玄應撰	此土著述
2-6157	1498-001并07	0	并07	華嚴經音義四卷（01）	唐慧苑述	此土著述
2-6158	1498-002并08	44	并08	華嚴經音義四卷（02）	唐慧苑述	此土著述
2-6159	1498-003并09	33	并09	華嚴經音義四卷（03）	唐慧苑述	此土著述
2-6160	1498-004并10	0	并10	華嚴經音義四卷（04）	唐慧苑述	此土著述
2-6161	1499-001岳01	39	岳01	辯偽錄五卷（01）	元祥邁撰	此土著述
2-6162	1499-002岳02	52	岳02	辯偽錄五卷（02）	元祥邁撰	此土著述
2-6163	1499-003岳03	35	岳03	辯偽錄五卷（03）	元祥邁撰	此土著述
2-6164	1499-004岳04	30	岳04	辯偽錄五卷（04）	元祥邁撰	此土著述
2-6165	1499-005岳05	33	岳05	辯偽錄五卷（05）	元祥邁撰	此土著述
2-6166	1500-001岳06	0	岳06	隋眾經目錄五卷（01）	隋翻經沙門及學士等撰	此土著述
2-6167	1500-002岳07	44	岳07	隋眾經目錄五卷（02）	隋翻經沙門及學士等撰	此土著述
2-6168	1500-003岳08	0	岳08	隋眾經目錄五卷（03）	隋翻經沙門及學士等撰	此土著述
2-6169	1500-004岳09	19	岳09	隋眾經目錄五卷（04）	隋翻經沙門及學士等撰	此土著述
2-6170	1500-005岳10	37	岳10	隋眾經目錄五卷（05）	隋翻經沙門及學士等撰	此土著述
2-6171	1501-001宗01	61	宗01	隋眾經目錄六卷（01）	隋法經撰	此土著述
2-6172	1501-002宗02	29	宗02	隋眾經目錄六卷（02）	隋法經撰	此土著述
2-6173	1501-003宗03	41	宗03	隋眾經目錄六卷（03）	隋法經撰	此土著述
2-6174	1501-004宗04	0	宗04	隋眾經目錄六卷（04）	隋法經撰	此土著述
2-6175	1501-005宗05	38	宗05	隋眾經目錄六卷（05）	隋法經撰	此土著述
2-6176	1501-006宗06	42	宗06	隋眾經目錄六卷（06）	隋法經撰	此土著述
2-6177	1502-001宗07	49	宗07	武周刊定眾經目錄十四卷（01）	唐明佺等撰	此土著述
2-6178	1502-002宗08	0	宗08	武周刊定眾經目錄十四卷（02）	唐明佺等撰	此土著述
2-6179	1502-003宗09	39	宗09	武周刊定眾經目錄十四卷（03）	唐明佺等撰	此土著述
2-6180	1502-004宗10	39	宗10	武周刊定眾經目錄十四卷（04）	唐明佺等撰	此土著述
2-6181	1502-005泰01	36	泰01	武周刊定眾經目錄十四卷（05）	唐明佺等撰	此土著述
2-6182	1502-006泰02	31	泰02	武周刊定眾經目錄十四卷（06）	唐明佺等撰	此土著述
2-6183	1502-007泰03	46	泰03	武周刊定眾經目錄十四卷（07）	唐明佺等撰	此土著述
2-6184	1502-008泰04	52	泰04	武周刊定眾經目錄十四卷（08）	唐明佺等撰	此土著述
2-6185	1502-009泰05	39	泰05	武周刊定眾經目錄十四卷（09）	唐明佺等撰	此土著述
2-6186	1502-010泰06	34	泰06	武周刊定眾經目錄十四卷（10）	唐明佺等撰	此土著述
2-6187	1502-011泰07	28	泰07	武周刊定眾經目錄十四卷（11）	唐明佺等撰	此土著述
2-6188	1502-012泰08	44	泰08	武周刊定眾經目錄十四卷（12）	唐明佺等撰	此土著述
2-6189	1502-013泰09	47	泰09	武周刊定眾經目錄十四卷（13）	唐明佺等撰	此土著述
2-6190	1502-014泰10	46	泰10	武周刊定眾經目錄十四卷（14）	唐明佺等撰	此土著述
2-6191	1503-001岱01	0	岱01	大藏聖教法寶標目十卷（01）	元王古撰	此土著述
2-6192	1503-002岱02	43	岱02	大藏聖教法寶標目十卷（02）	元王古撰	此土著述
2-6193	1503-003岱03	39	岱03	大藏聖教法寶標目十卷（03）	元王古撰	此土著述
2-6194	1503-004岱04	48	岱04	大藏聖教法寶標目十卷（04）	元王古撰	此土著述
2-6195	1503-005岱05	45	岱05	大藏聖教法寶標目十卷（05）	元王古撰	此土著述
2-6196	1503-006岱06	47	岱06	大藏聖教法寶標目十卷（06）	元王古撰	此土著述
2-6197	1503-007岱07	44	岱07	大藏聖教法寶標目十卷（07）	元王古撰	此土著述
2-6198	1503-008岱08	42	岱08	大藏聖教法寶標目十卷（08）	元王古撰	此土著述
2-6199	1503-009岱09	41	岱09	大藏聖教法寶標目十卷（09）	元王古撰	此土著述
2-6200	1503-010岱10	41	岱10	大藏聖教法寶標目十卷（10）	元王古撰	此土著述
2-6201	1504-001禪01	0	禪01	至元法寶勘同總錄十卷（01）	元慶吉祥等集	此土著述
2-6202	1504-002禪02	43	禪02	至元法寶勘同總錄十卷（02）	元慶吉祥等集	此土著述
2-6203	1504-003禪03	36	禪03	至元法寶勘同總錄十卷（03）	元慶吉祥等集	此土著述
2-6204	1504-004禪04	39	禪04	至元法寶勘同總錄十卷（04）	元慶吉祥等集	此土著述
2-6205	1504-005禪05	39	禪05	至元法寶勘同總錄十卷（05）	元慶吉祥等集	此土著述
2-6206	1504-006禪06	40	禪06	至元法寶勘同總錄十卷（06）	元慶吉祥等集	此土著述
2-6207	1504-007禪07	40	禪07	至元法寶勘同總錄十卷（07）	元慶吉祥等集	此土著述
2-6208	1504-008禪08	41	禪08	至元法寶勘同總錄十卷（08）	元慶吉祥等集	此土著述
2-6209	1504-009禪09	44	禪09	至元法寶勘同總錄十卷（09）	元慶吉祥等集	此土著述
2-6210	1504-010禪10	33	禪10	至元法寶勘同總錄十卷（10）	元慶吉祥等集	此土著述
2-6211	1505-001主01	0	主01	楞伽阿颰多羅寶經注解四卷（01上）	明宗泐、如玘同注	此土著述
2-6212	1505-002主02	44	主02	楞伽阿颰多羅寶經注解四卷（01下）	明宗泐、如玘同注	此土著述
2-6213	1505-003主03	44	主03	楞伽阿颰多羅寶經注解四卷（02上）	明宗泐、如玘同注	此土著述
2-6214	1505-004主04	40	主04	楞伽阿颰多羅寶經注解四卷（02下）	明宗泐、如玘同注	此土著述
2-6215	1505-005主05	40	主05	楞伽阿颰多羅寶經注解四卷（03上）	明宗泐、如玘同注	此土著述
2-6216	1505-006主06	35	主06	楞伽阿颰多羅寶經注解四卷（03下）	明宗泐、如玘同注	此土著述
2-6217	1505-007主07	47	主07	楞伽阿颰多羅寶經注解四卷（04上）	明宗泐、如玘同注	此土著述
2-6218	1505-008主08	0	主08	楞伽阿颰多羅寶經注解四卷（04下）	明宗泐、如玘同注	此土著述
2-6219	1506-003主09	56	主09	①般若波羅蜜多心經注解一卷②金剛般若波羅蜜經注解一卷	明宗泐、如玘同注	此土著述
2-6220	1507-001主10	0	主10	大明太宗文皇帝御製序贊文一卷	明太宗朱棣撰	此土著述
2-6221	1508-001云01	0	云01	諸佛世尊如來菩薩尊者神僧名經四十卷（01）	明太宗朱棣製	此土著述
2-6222	1508-002云02	30	云02	諸佛世尊如來菩薩尊者神僧名經四十卷（02）	明太宗朱棣製	此土著述
2-6223	1508-003云03	30	云03	諸佛世尊如來菩薩尊者神僧名經四十卷（03）	明太宗朱棣製	此土著述
2-6224	1508-004云04	28	云04	諸佛世尊如來菩薩尊者神僧名經四十卷（04）	明太宗朱棣製	此土著述
2-6225	1508-005云05	31	云05	諸佛世尊如來菩薩尊者神僧名經四十卷（05）	明太宗朱棣製	此土著述
2-6226	1508-006云06	33	云06	諸佛世尊如來菩薩尊者神僧名經四十卷（06）	明太宗朱棣製	此土著述
2-6227	1508-007云07	33	云07	諸佛世尊如來菩薩尊者神僧名經四十卷（07）	明太宗朱棣製	此土著述
2-6228	1508-008云08	0	云08	諸佛世尊如來菩薩尊者神僧名經四十卷（08）	明太宗朱棣製	此土著述
2-6229	1508-009云09	0	云09	諸佛世尊如來菩薩尊者神僧名經四十卷（09）	明太宗朱棣製	此土著述
2-6230	1508-010云10	0	云10	諸佛世尊如來菩薩尊者神僧名經四十卷（10）	明太宗朱棣製	此土著述
2-6231	1508-011亭01	32	亭01	諸佛世尊如來菩薩尊者神僧名經四十卷（11）	明太宗朱棣製	此土著述
2-6232	1508-012亭02	31	亭02	諸佛世尊如來菩薩尊者神僧名經四十卷（12）	明太宗朱棣製	此土著述
2-6233	1508-013亭03	29	亭03	諸佛世尊如來菩薩尊者神僧名經四十卷（13）	明太宗朱棣製	此土著述
2-6234	1508-014亭04	28	亭04	諸佛世尊如來菩薩尊者神僧名經四十卷（14）	明太宗朱棣製	此土著述
2-6235	1508-015亭05	31	亭05	諸佛世尊如來菩薩尊者神僧名經四十卷（15）	明太宗朱棣製	此土著述
2-6236	1508-016亭06	30	亭06	諸佛世尊如來菩薩尊者神僧名經四十卷（16）	明太宗朱棣製	此土著述
2-6237	1508-017亭07	28	亭07	諸佛世尊如來菩薩尊者神僧名經四十卷（17）	明太宗朱棣製	此土著述
2-6238	1508-018亭08	28	亭08	諸佛世尊如來菩薩尊者神僧名經四十卷（18）	明太宗朱棣製	此土著述
2-6239	1508-019亭09	26	亭09	諸佛世尊如來菩薩尊者神僧名經四十卷（19）	明太宗朱棣製	此土著述
2-6240	1508-020亭10	32	亭10	諸佛世尊如來菩薩尊者神僧名經四十卷（20）	明太宗朱棣製	此土著述
2-6241	1508-021雁01	39	雁01	諸佛世尊如來菩薩尊者神僧名經四十卷（21）	明太宗朱棣製	此土著述
2-6242	1508-022雁02	39	雁02	諸佛世尊如來菩薩尊者神僧名經四十卷（22）	明太宗朱棣製	此土著述
2-6243	1508-023雁03	0	雁03	諸佛世尊如來菩薩尊者神僧名經四十卷（23）	明太宗朱棣製	此土著述
2-6244	1508-024雁04	44	雁04	諸佛世尊如來菩薩尊者神僧名經四十卷（24）	明太宗朱棣製	此土著述
2-6245	1508-025雁05	38	雁05	諸佛世尊如來菩薩尊者神僧名經四十卷（25）	明太宗朱棣製	此土著述
2-6246	1508-026雁06	44	雁06	諸佛世尊如來菩薩尊者神僧名經四十卷（26）	明太宗朱棣製	此土著述
2-6247	1508-027雁07	34	雁07	諸佛世尊如來菩薩尊者神僧名經四十卷（27）	明太宗朱棣製	此土著述
2-6248	1508-028雁08	44	雁08	諸佛世尊如來菩薩尊者神僧名經四十卷（28）	明太宗朱棣製	此土著述
2-6249	1508-029雁09	40	雁09	諸佛世尊如來菩薩尊者神僧名經四十卷（29）	明太宗朱棣製	此土著述
2-6250	1508-030雁10	41	雁10	諸佛世尊如來菩薩尊者神僧名經四十卷（30）	明太宗朱棣製	此土著述
2-6251	1508-031門01	45	門01	諸佛世尊如來菩薩尊者神僧名經四十卷（31）	明太宗朱棣製	此土著述
2-6252	1508-032門02	40	門02	諸佛世尊如來菩薩尊者神僧名經四十卷（32）	明太宗朱棣製	此土著述
2-6253	1508-033門03	44	門03	諸佛世尊如來菩薩尊者神僧名經四十卷（33）	明太宗朱棣製	此土著述
2-6254	1508-034門04	38	門04	諸佛世尊如來菩薩尊者神僧名經四十卷（34）	明太宗朱棣製	此土著述
2-6255	1508-035門05	48	門05	諸佛世尊如來菩薩尊者神僧名經四十卷（35）	明太宗朱棣製	此土著述
2-6256	1508-036門06	39	門06	諸佛世尊如來菩薩尊者神僧名經四十卷（36）	明太宗朱棣製	此土著述
2-6257	1508-037門07	38	門07	諸佛世尊如來菩薩尊者神僧名經四十卷（37）	明太宗朱棣製	此土著述
2-6258	1508-038門08	42	門08	諸佛世尊如來菩薩尊者神僧名經四十卷（38）	明太宗朱棣製	此土著述
2-6259	1508-039門09	43	門09	諸佛世尊如來菩薩尊者神僧名經四十卷（39）	明太宗朱棣製	此土著述
2-6260	1508-040門10	34	門10	諸佛世尊如來菩薩尊者神僧名經四十卷（40）	明太宗朱棣製	此土著述
2-6261	1508-041紫01	45	紫01	諸佛世尊如來菩薩尊者名稱歌曲五十卷（01）	明太宗朱棣製	此土著述
2-6262	1508-042紫02	44	紫02	諸佛世尊如來菩薩尊者名稱歌曲五十卷（02）	明太宗朱棣製	此土著述
2-6263	1508-043紫03	41	紫03	諸佛世尊如來菩薩尊者名稱歌曲五十卷（03）	明太宗朱棣製	此土著述
2-6264	1508-044紫04	41	紫04	諸佛世尊如來菩薩尊者名稱歌曲五十卷（04）	明太宗朱棣製	此土著述
2-6265	1508-045紫05	47	紫05	諸佛世尊如來菩薩尊者名稱歌曲五十卷（05）	明太宗朱棣製	此土著述
2-6266	1508-046紫06	42	紫06	諸佛世尊如來菩薩尊者名稱歌曲五十卷（06）	明太宗朱棣製	此土著述
2-6267	1508-047紫07	29	紫07	諸佛世尊如來菩薩尊者名稱歌曲五十卷（07）	明太宗朱棣製	此土著述
2-6268	1508-048紫08	36	紫08	諸佛世尊如來菩薩尊者名稱歌曲五十卷（08）	明太宗朱棣製	此土著述
2-6269	1508-049紫09	42	紫09	諸佛世尊如來菩薩尊者名稱歌曲五十卷（09）	明太宗朱棣製	此土著述
2-6270	1508-050紫10	44	紫10	諸佛世尊如來菩薩尊者名稱歌曲五十卷（10）	明太宗朱棣製	此土著述
2-6271	1508-051塞01	0	塞01	諸佛世尊如來菩薩尊者名稱歌曲五十卷（11）	明太宗朱棣製	此土著述
2-6272	1508-052塞02	45	塞02	諸佛世尊如來菩薩尊者名稱歌曲五十卷（12）	明太宗朱棣製	此土著述
2-6273	1508-053塞03	37	塞03	諸佛世尊如來菩薩尊者名稱歌曲五十卷（13）	明太宗朱棣製	此土著述
2-6274	1508-054塞04	53	塞04	諸佛世尊如來菩薩尊者名稱歌曲五十卷（14）	明太宗朱棣製	此土著述
2-6275	1508-055塞05	47	塞05	諸佛世尊如來菩薩尊者名稱歌曲五十卷（15）	明太宗朱棣製	此土著述
2-6276	1508-056塞06	32	塞06	諸佛世尊如來菩薩尊者名稱歌曲五十卷（16）	明太宗朱棣製	此土著述
2-6277	1508-057塞07	32	塞07	諸佛世尊如來菩薩尊者名稱歌曲五十卷（17）	明太宗朱棣製	此土著述
2-6278	1508-058塞08	49	塞08	諸佛世尊如來菩薩尊者名稱歌曲五十卷（18）	明太宗朱棣製	此土著述
2-6279	1508-059塞09	36	塞09	諸佛世尊如來菩薩尊者名稱歌曲五十卷（19）	明太宗朱棣製	此土著述
2-6280	1508-060塞10	36	塞10	諸佛世尊如來菩薩尊者名稱歌曲五十卷（20）	明太宗朱棣製	此土著述
2-6281	1508-061雞01	0	雞01	諸佛世尊如來菩薩尊者名稱歌曲五十卷（21）	明太宗朱棣製	此土著述
2-6282	1508-062雞02	30	雞02	諸佛世尊如來菩薩尊者名稱歌曲五十卷（22）	明太宗朱棣製	此土著述
2-6283	1508-063雞03	36	雞03	諸佛世尊如來菩薩尊者名稱歌曲五十卷（23）	明太宗朱棣製	此土著述
2-6284	1508-064雞04	36	雞04	諸佛世尊如來菩薩尊者名稱歌曲五十卷（24）	明太宗朱棣製	此土著述
2-6285	1508-065雞05	30	雞05	諸佛世尊如來菩薩尊者名稱歌曲五十卷（25）	明太宗朱棣製	此土著述
2-6286	1508-066雞06	36	雞06	諸佛世尊如來菩薩尊者名稱歌曲五十卷（26）	明太宗朱棣製	此土著述
2-6287	1508-067雞07	36	雞07	諸佛世尊如來菩薩尊者名稱歌曲五十卷（27）	明太宗朱棣製	此土著述
2-6288	1508-068雞08	36	雞08	諸佛世尊如來菩薩尊者名稱歌曲五十卷（28）	明太宗朱棣製	此土著述
2-6289	1508-069雞09	39	雞09	諸佛世尊如來菩薩尊者名稱歌曲五十卷（29）	明太宗朱棣製	此土著述
2-6290	1508-070雞10	36	雞10	諸佛世尊如來菩薩尊者名稱歌曲五十卷（30）	明太宗朱棣製	此土著述
2-6291	1508-071田01	47	田01	諸佛世尊如來菩薩尊者名稱歌曲五十卷（31）	明太宗朱棣製	此土著述
2-6292	1508-072田02	47	田02	諸佛世尊如來菩薩尊者名稱歌曲五十卷（32）	明太宗朱棣製	此土著述
2-6293	1508-073田03	39	田03	諸佛世尊如來菩薩尊者名稱歌曲五十卷（33）	明太宗朱棣製	此土著述
2-6294	1508-074田04	39	田04	諸佛世尊如來菩薩尊者名稱歌曲五十卷（34）	明太宗朱棣製	此土著述
2-6295	1508-075田05	38	田05	諸佛世尊如來菩薩尊者名稱歌曲五十卷（35）	明太宗朱棣製	此土著述
2-6296	1508-076田06	39	田06	諸佛世尊如來菩薩尊者名稱歌曲五十卷（36）	明太宗朱棣製	此土著述
2-6297	1508-077田07	40	田07	諸佛世尊如來菩薩尊者名稱歌曲五十卷（37）	明太宗朱棣製	此土著述
2-6298	1508-078田08	44	田08	諸佛世尊如來菩薩尊者名稱歌曲五十卷（38）	明太宗朱棣製	此土著述
2-6299	1508-079田09	32	田09	諸佛世尊如來菩薩尊者名稱歌曲五十卷（39）	明太宗朱棣製	此土著述
2-6300	1508-080田10	40	田10	諸佛世尊如來菩薩尊者名稱歌曲五十卷（40）	明太宗朱棣製	此土著述
2-6301	1508-081赤01	0	赤01	諸佛世尊如來菩薩尊者名稱歌曲五十卷（41）	明太宗朱棣製	此土著述
2-6302	1508-082赤02	39	赤02	諸佛世尊如來菩薩尊者名稱歌曲五十卷（42）	明太宗朱棣製	此土著述
2-6303	1508-083赤03	0	赤03	諸佛世尊如來菩薩尊者名稱歌曲五十卷（43）	明太宗朱棣製	此土著述
2-6304	1508-084赤04	0	赤04	諸佛世尊如來菩薩尊者名稱歌曲五十卷（44）	明太宗朱棣製	此土著述
2-6305	1508-085赤05	0	赤05	諸佛世尊如來菩薩尊者名稱歌曲五十卷（45）	明太宗朱棣製	此土著述
2-6306	1508-086赤06	0	赤06	諸佛世尊如來菩薩尊者名稱歌曲五十卷（46）	明太宗朱棣製	此土著述
2-6307	1508-087赤07	0	赤07	諸佛世尊如來菩薩尊者名稱歌曲五十卷（47）	明太宗朱棣製	此土著述
2-6308	1508-088赤08	0	赤08	諸佛世尊如來菩薩尊者名稱歌曲五十卷（48）	明太宗朱棣製	此土著述
2-6309	1508-089赤09	0	赤09	諸佛世尊如來菩薩尊者名稱歌曲五十卷（49）	明太宗朱棣製	此土著述
2-6310	1508-090赤10	0	赤10	諸佛世尊如來菩薩尊者名稱歌曲五十卷（50）	明太宗朱棣製	此土著述
2-6311	1509-001城01	0	城01	感應歌曲一卷	0	此土著述
2-6312	1510-001城02	45	城02	神僧傳九卷（01）	明太宗朱棣集撰	此土著述
2-6313	1510-002城03	40	城03	神僧傳九卷（02）	明太宗朱棣集撰	此土著述
2-6314	1510-003城04	48	城04	神僧傳九卷（03）	明太宗朱棣集撰	此土著述
2-6315	1510-004城05	45	城05	神僧傳九卷（04）	明太宗朱棣集撰	此土著述
2-6316	1510-005城06	0	城06	神僧傳九卷（05）	明太宗朱棣集撰	此土著述
2-6317	1510-006城07	44	城07	神僧傳九卷（06）	明太宗朱棣集撰	此土著述
2-6318	1510-007城08	51	城08	神僧傳九卷（07）	明太宗朱棣集撰	此土著述
2-6319	1510-008城09	0	城09	神僧傳九卷（08）	明太宗朱棣集撰	此土著述
2-6320	1510-009城10	46	城10	神僧傳九卷（09）	明太宗朱棣集撰	此土著述
2-6321	1511-001昆01	57	昆01	大明三藏法數三十八卷（總目上）	明一如等編集	此土著述
2-6322	1511-002昆02	56	昆02	大明三藏法數三十八卷（總目下）	明一如等編集	此土著述
2-6323	1511-003昆03	0	昆03	大明三藏法數三十八卷（01）	明一如等編集	此土著述
2-6324	1511-004昆04	47	昆04	大明三藏法數三十八卷（02）	明一如等編集	此土著述
2-6325	1511-005昆05	41	昆05	大明三藏法數三十八卷（03）	明一如等編集	此土著述
2-6326	1511-006昆06	47	昆06	大明三藏法數三十八卷（04）	明一如等編集	此土著述
2-6327	1511-007昆07	54	昆07	大明三藏法數三十八卷（05）	明一如等編集	此土著述
2-6328	1511-008昆08	50	昆08	大明三藏法數三十八卷（06）	明一如等編集	此土著述
2-6329	1511-009昆09	56	昆09	大明三藏法數三十八卷（07）	明一如等編集	此土著述
2-6330	1511-010昆10	55	昆10	大明三藏法數三十八卷（08）	明一如等編集	此土著述
2-6331	1511-011池01	53	池01	大明三藏法數三十八卷（09）	明一如等編集	此土著述
2-6332	1511-012池02	0	池02	大明三藏法數三十八卷（10）	明一如等編集	此土著述
2-6333	1511-013池03	49	池03	大明三藏法數三十八卷（11）	明一如等編集	此土著述
2-6334	1511-014池04	44	池04	大明三藏法數三十八卷（12）	明一如等編集	此土著述
2-6335	1511-015池05	50	池05	大明三藏法數三十八卷（13）	明一如等編集	此土著述
2-6336	1511-016池06	53	池06	大明三藏法數三十八卷（14）	明一如等編集	此土著述
2-6337	1511-017池07	51	池07	大明三藏法數三十八卷（15）	明一如等編集	此土著述
2-6338	1511-018池08	0	池08	大明三藏法數三十八卷（16）	明一如等編集	此土著述
2-6339	1511-019池09	50	池09	大明三藏法數三十八卷（17）	明一如等編集	此土著述
2-6340	1511-020池10	0	池10	大明三藏法數三十八卷（18）	明一如等編集	此土著述
2-6341	1511-021碣01	49	碣01	大明三藏法數三十八卷（19）	明一如等編集	此土著述
2-6342	1511-022碣02	49	碣02	大明三藏法數三十八卷（20）	明一如等編集	此土著述
2-6343	1511-023碣03	48	碣03	大明三藏法數三十八卷（21）	明一如等編集	此土著述
2-6344	1511-024碣04	54	碣04	大明三藏法數三十八卷（22）	明一如等編集	此土著述
2-6345	1511-025碣05	48	碣05	大明三藏法數三十八卷（23）	明一如等編集	此土著述
2-6346	1511-026碣06	60	碣06	大明三藏法數三十八卷（24）	明一如等編集	此土著述
2-6347	1511-027碣07	60	碣07	大明三藏法數三十八卷（25）	明一如等編集	此土著述
2-6348	1511-028碣08	60	碣08	大明三藏法數三十八卷（26）	明一如等編集	此土著述
2-6349	1511-029碣09	61	碣09	大明三藏法數三十八卷（27）	明一如等編集	此土著述
2-6350	1511-030碣10	60	碣10	大明三藏法數三十八卷（28）	明一如等編集	此土著述
2-6351	1511-031石01	55	石01	大明三藏法數三十八卷（29）	明一如等編集	此土著述
2-6352	1511-032石02	51	石02	大明三藏法數三十八卷（30）	明一如等編集	此土著述
2-6353	1511-033石03	52	石03	大明三藏法數三十八卷（31）	明一如等編集	此土著述
2-6354	1511-034石04	43	石04	大明三藏法數三十八卷（32）	明一如等編集	此土著述
2-6355	1511-035石05	52	石05	大明三藏法數三十八卷（33）	明一如等編集	此土著述
2-6356	1511-036石06	57	石06	大明三藏法數三十八卷（34）	明一如等編集	此土著述
2-6357	1511-037石07	67	石07	大明三藏法數三十八卷（35）	明一如等編集	此土著述
2-6358	1511-038石08	48	石08	大明三藏法數三十八卷（36）	明一如等編集	此土著述
2-6359	1511-039石09	11	石09	大明三藏法數三十八卷（37）	明一如等編集	此土著述
2-6360	1511-040石10	52	石10	大明三藏法數三十八卷（38）	明一如等編集	此土著述
2-6361	1512-001鉅01	45	鉅01	華嚴懸談會玄記四十卷（01）	唐澄觀疏鈔、元普瑞述記	大明續入藏諸集
2-6362	1512-002鉅02	38	鉅02	華嚴懸談會玄記四十卷（02）	唐澄觀疏鈔、元普瑞述記	大明續入藏諸集
2-6363	1512-003鉅03	0	鉅03	華嚴懸談會玄記四十卷（03）	唐澄觀疏鈔、元普瑞述記	大明續入藏諸集
2-6364	1512-004鉅04	41	鉅04	華嚴懸談會玄記四十卷（04）	唐澄觀疏鈔、元普瑞述記	大明續入藏諸集
2-6365	1512-005鉅05	37	鉅05	華嚴懸談會玄記四十卷（05）	唐澄觀疏鈔、元普瑞述記	大明續入藏諸集
2-6366	1512-006鉅06	37	鉅06	華嚴懸談會玄記四十卷（06）	唐澄觀疏鈔、元普瑞述記	大明續入藏諸集
2-6367	1512-007鉅07	0	鉅07	華嚴懸談會玄記四十卷（07）	唐澄觀疏鈔、元普瑞述記	大明續入藏諸集
2-6368	1512-008鉅08	36	鉅08	華嚴懸談會玄記四十卷（08）	唐澄觀疏鈔、元普瑞述記	大明續入藏諸集
2-6369	1512-009鉅09	38	鉅09	華嚴懸談會玄記四十卷（09）	唐澄觀疏鈔、元普瑞述記	大明續入藏諸集
2-6370	1512-010鉅10	40	鉅10	華嚴懸談會玄記四十卷（10）	唐澄觀疏鈔、元普瑞述記	大明續入藏諸集
2-6371	1512-011野01	42	野01	華嚴懸談會玄記四十卷（11）	唐澄觀疏鈔、元普瑞述記	大明續入藏諸集
2-6372	1512-012野02	40	野02	華嚴懸談會玄記四十卷（12）	唐澄觀疏鈔、元普瑞述記	大明續入藏諸集
2-6373	1512-013野03	49	野03	華嚴懸談會玄記四十卷（13）	唐澄觀疏鈔、元普瑞述記	大明續入藏諸集
2-6374	1512-014野04	38	野04	華嚴懸談會玄記四十卷（14）	唐澄觀疏鈔、元普瑞述記	大明續入藏諸集
2-6375	1512-015野05	67	野05	華嚴懸談會玄記四十卷（15）	唐澄觀疏鈔、元普瑞述記	大明續入藏諸集
2-6376	1512-016野06	63	野06	華嚴懸談會玄記四十卷（16）	唐澄觀疏鈔、元普瑞述記	大明續入藏諸集
2-6377	1512-017野07	51	野07	華嚴懸談會玄記四十卷（17）	唐澄觀疏鈔、元普瑞述記	大明續入藏諸集
2-6378	1512-018野08	38	野08	華嚴懸談會玄記四十卷（18）	唐澄觀疏鈔、元普瑞述記	大明續入藏諸集
2-6379	1512-019野09	40	野09	華嚴懸談會玄記四十卷（19）	唐澄觀疏鈔、元普瑞述記	大明續入藏諸集
2-6380	1512-020野10	53	野10	華嚴懸談會玄記四十卷（20）	唐澄觀疏鈔、元普瑞述記	大明續入藏諸集
2-6381	1512-021洞01	50	洞01	華嚴懸談會玄記四十卷（21）	唐澄觀疏鈔、元普瑞述記	大明續入藏諸集
2-6382	1512-022洞02	39	洞02	華嚴懸談會玄記四十卷（22）	唐澄觀疏鈔、元普瑞述記	大明續入藏諸集
2-6383	1512-023洞03	36	洞03	華嚴懸談會玄記四十卷（23）	唐澄觀疏鈔、元普瑞述記	大明續入藏諸集
2-6384	1512-024洞04	41	洞04	華嚴懸談會玄記四十卷（24）	唐澄觀疏鈔、元普瑞述記	大明續入藏諸集
2-6385	1512-025洞05	37	洞05	華嚴懸談會玄記四十卷（25）	唐澄觀疏鈔、元普瑞述記	大明續入藏諸集
2-6386	1512-026洞06	41	洞06	華嚴懸談會玄記四十卷（26）	唐澄觀疏鈔、元普瑞述記	大明續入藏諸集
2-6387	1512-027洞07	38	洞07	華嚴懸談會玄記四十卷（27）	唐澄觀疏鈔、元普瑞述記	大明續入藏諸集
2-6388	1512-028洞08	38	洞08	華嚴懸談會玄記四十卷（28）	唐澄觀疏鈔、元普瑞述記	大明續入藏諸集
2-6389	1512-029洞09	40	洞09	華嚴懸談會玄記四十卷（29）	唐澄觀疏鈔、元普瑞述記	大明續入藏諸集
2-6390	1512-030洞10	43	洞10	華嚴懸談會玄記四十卷（30）	唐澄觀疏鈔、元普瑞述記	大明續入藏諸集
2-6391	1512-031庭01	42	庭01	華嚴懸談會玄記四十卷（31）	唐澄觀疏鈔、元普瑞述記	大明續入藏諸集
2-6392	1512-032庭02	42	庭02	華嚴懸談會玄記四十卷（32）	唐澄觀疏鈔、元普瑞述記	大明續入藏諸集
2-6393	1512-033庭03	46	庭03	華嚴懸談會玄記四十卷（33）	唐澄觀疏鈔、元普瑞述記	大明續入藏諸集
2-6394	1512-034庭04	49	庭04	華嚴懸談會玄記四十卷（34）	唐澄觀疏鈔、元普瑞述記	大明續入藏諸集
2-6395	1512-035庭05	55	庭05	華嚴懸談會玄記四十卷（35）	唐澄觀疏鈔、元普瑞述記	大明續入藏諸集
2-6396	1512-036庭06	35	庭06	華嚴懸談會玄記四十卷（36）	唐澄觀疏鈔、元普瑞述記	大明續入藏諸集
2-6397	1512-037庭07	66	庭07	華嚴懸談會玄記四十卷（37）	唐澄觀疏鈔、元普瑞述記	大明續入藏諸集
2-6398	1512-038庭08	0	庭08	華嚴懸談會玄記四十卷（38）	唐澄觀疏鈔、元普瑞述記	大明續入藏諸集
2-6399	1512-039庭09	55	庭09	華嚴懸談會玄記四十卷（39）	唐澄觀疏鈔、元普瑞述記	大明續入藏諸集
2-6400	1512-040庭10	48	庭10	華嚴懸談會玄記四十卷（40）	唐澄觀疏鈔、元普瑞述記	大明續入藏諸集
2-6401	1513-001曠01	26	曠01	妙法蓮華經要解科文一卷	宋戒環解	大明續入藏諸集
2-6402	1514-001曠02	25	曠02	妙法蓮華經要解十九卷（01）	宋戒環解	大明續入藏諸集
2-6403	1514-002曠03	0	曠03	妙法蓮華經要解十九卷（02）	宋戒環解	大明續入藏諸集
2-6404	1514-003曠04	0	曠04	妙法蓮華經要解十九卷（03）	宋戒環解	大明續入藏諸集
2-6405	1514-004曠05	35	曠05	妙法蓮華經要解十九卷（04）	宋戒環解	大明續入藏諸集
2-6406	1514-005曠06	36	曠06	妙法蓮華經要解十九卷（05）	宋戒環解	大明續入藏諸集
2-6407	1514-006曠07	37	曠07	妙法蓮華經要解十九卷（06）	宋戒環解	大明續入藏諸集
2-6408	1514-007曠08	37	曠08	妙法蓮華經要解十九卷（07）	宋戒環解	大明續入藏諸集
2-6409	1514-008曠09	34	曠09	妙法蓮華經要解十九卷（08）	宋戒環解	大明續入藏諸集
2-6410	1514-009曠10	0	曠10	妙法蓮華經要解十九卷（09）	宋戒環解	大明續入藏諸集
2-6411	1514-010遠01	51	遠01	妙法蓮華經要解十九卷（10）	宋戒環解	大明續入藏諸集
2-6412	1514-011遠02	44	遠02	妙法蓮華經要解十九卷（11）	宋戒環解	大明續入藏諸集
2-6413	1514-012遠03	34	遠03	妙法蓮華經要解十九卷（12）	宋戒環解	大明續入藏諸集
2-6414	1514-013遠04	37	遠04	妙法蓮華經要解十九卷（13）	宋戒環解	大明續入藏諸集
2-6415	1514-014遠05	21	遠05	妙法蓮華經要解十九卷（14）	宋戒環解	大明續入藏諸集
2-6416	1514-015遠06	33	遠06	妙法蓮華經要解十九卷（15）	宋戒環解	大明續入藏諸集
2-6417	1514-016遠07	15	遠07	妙法蓮華經要解十九卷（16）	宋戒環解	大明續入藏諸集
2-6418	1514-017遠08	40	遠08	妙法蓮華經要解十九卷（17）	宋戒環解	大明續入藏諸集
2-6419	1514-018遠09	38	遠09	妙法蓮華經要解十九卷（18）	宋戒環解	大明續入藏諸集
2-6420	1514-019遠10	41	遠10	妙法蓮華經要解十九卷（19）	宋戒環解	大明續入藏諸集
2-6421	1515-001綿01	28	綿01	大佛頂萬行首楞嚴經會解二十卷（01）	唐宋九師釋、元惟則會解	大明續入藏諸集
2-6422	1515-002綿02	40	綿02	大佛頂萬行首楞嚴經會解二十卷（02）	唐宋九師釋、元惟則會解	大明續入藏諸集
2-6423	1515-003綿03	39	綿03	大佛頂萬行首楞嚴經會解二十卷（03）	唐宋九師釋、元惟則會解	大明續入藏諸集
2-6424	1515-004綿04	37	綿04	大佛頂萬行首楞嚴經會解二十卷（04）	唐宋九師釋、元惟則會解	大明續入藏諸集
2-6425	1515-005綿05	30	綿05	大佛頂萬行首楞嚴經會解二十卷（05）	唐宋九師釋、元惟則會解	大明續入藏諸集
2-6426	1515-006綿06	36	綿06	大佛頂萬行首楞嚴經會解二十卷（06）	唐宋九師釋、元惟則會解	大明續入藏諸集
2-6427	1515-007綿07	46	綿07	大佛頂萬行首楞嚴經會解二十卷（07）	唐宋九師釋、元惟則會解	大明續入藏諸集
2-6428	1515-008綿08	0	綿08	大佛頂萬行首楞嚴經會解二十卷（08）	唐宋九師釋、元惟則會解	大明續入藏諸集
2-6429	1515-009綿09	32	綿09	大佛頂萬行首楞嚴經會解二十卷（09）	唐宋九師釋、元惟則會解	大明續入藏諸集
2-6430	1515-010綿10	33	綿10	大佛頂萬行首楞嚴經會解二十卷（10）	唐宋九師釋、元惟則會解	大明續入藏諸集
2-6431	1515-011邈01	0	邈01	大佛頂萬行首楞嚴經會解二十卷（11）	唐宋九師釋、元惟則會解	大明續入藏諸集
2-6432	1515-012邈02	0	邈02	大佛頂萬行首楞嚴經會解二十卷（12）	唐宋九師釋、元惟則會解	大明續入藏諸集
2-6433	1515-013邈03	0	邈03	大佛頂萬行首楞嚴經會解二十卷（13）	唐宋九師釋、元惟則會解	大明續入藏諸集
2-6434	1515-014邈04	0	邈04	大佛頂萬行首楞嚴經會解二十卷（14）	唐宋九師釋、元惟則會解	大明續入藏諸集
2-6435	1515-015邈05	0	邈05	大佛頂萬行首楞嚴經會解二十卷（15）	唐宋九師釋、元惟則會解	大明續入藏諸集
2-6436	1515-016邈06	52	邈06	大佛頂萬行首楞嚴經會解二十卷（16）	唐宋九師釋、元惟則會解	大明續入藏諸集
2-6437	1515-017邈07	0	邈07	大佛頂萬行首楞嚴經會解二十卷（17）	唐宋九師釋、元惟則會解	大明續入藏諸集
2-6438	1515-018邈08	0	邈08	大佛頂萬行首楞嚴經會解二十卷（18）	唐宋九師釋、元惟則會解	大明續入藏諸集
2-6439	1515-019邈09	0	邈09	大佛頂萬行首楞嚴經會解二十卷（19）	唐宋九師釋、元惟則會解	大明續入藏諸集
2-6440	1515-020邈10	0	邈10	大佛頂萬行首楞嚴經會解二十卷（20）	唐宋九師釋、元惟則會解	大明續入藏諸集
2-6441	1516-001岩01	0	岩01	大乘起信論疏五卷（01）	唐法藏述	大明續入藏諸集
2-6442	1516-002岩02	33	岩02	大乘起信論疏五卷（02）	唐法藏述	大明續入藏諸集
2-6443	1516-003岩03	38	岩03	大乘起信論疏五卷（03）	唐法藏述	大明續入藏諸集
2-6444	1516-004岩04	29	岩04	大乘起信論疏五卷（04）	唐法藏述	大明續入藏諸集
2-6445	1516-005岩05	29	岩05	大乘起信論疏五卷（05）	唐法藏述	大明續入藏諸集
2-6446	1517-001岩06	37	岩06	大乘起信論疏筆削記十五卷（01）	宋子璿錄	大明續入藏諸集
2-6447	1517-002岩07	33	岩07	大乘起信論疏筆削記十五卷（02）	宋子璿錄	大明續入藏諸集
2-6448	1517-003岩08	38	岩08	大乘起信論疏筆削記十五卷（03）	宋子璿錄	大明續入藏諸集
2-6449	1517-004岩09	43	岩09	大乘起信論疏筆削記十五卷（04）	宋子璿錄	大明續入藏諸集
2-6450	1517-005岩10	36	岩10	大乘起信論疏筆削記十五卷（05）	宋子璿錄	大明續入藏諸集
2-6451	1517-006岫01	0	岫01	大乘起信論疏筆削記十五卷（06）	宋子璿錄	大明續入藏諸集
2-6452	1517-007岫02	38	岫02	大乘起信論疏筆削記十五卷（07）	宋子璿錄	大明續入藏諸集
2-6453	1517-008岫03	63	岫03	大乘起信論疏筆削記十五卷（08）	宋子璿錄	大明續入藏諸集
2-6454	1517-009岫04	0	岫04	大乘起信論疏筆削記十五卷（09）	宋子璿錄	大明續入藏諸集
2-6455	1517-010岫05	30	岫05	大乘起信論疏筆削記十五卷（10）	宋子璿錄	大明續入藏諸集
2-6456	1517-011岫06	34	岫06	大乘起信論疏筆削記十五卷（11）	宋子璿錄	大明續入藏諸集
2-6457	1517-012岫07	55	岫07	大乘起信論疏筆削記十五卷（12）	宋子璿錄	大明續入藏諸集
2-6458	1517-013岫08	55	岫08	大乘起信論疏筆削記十五卷（13）	宋子璿錄	大明續入藏諸集
2-6459	1517-014岫09	66	岫09	大乘起信論疏筆削記十五卷（14）	宋子璿錄	大明續入藏諸集
2-6460	1517-015岫10	0	岫10	大乘起信論疏筆削記十五卷（15）	宋子璿錄	大明續入藏諸集
2-6461	1518-001杳01	0	杳01	肇論新疏十卷（01）	元文才述	大明續入藏諸集
2-6462	1518-002杳02	0	杳02	肇論新疏十卷（02）	元文才述	大明續入藏諸集
2-6463	1518-003杳03	0	杳03	肇論新疏十卷（03）	元文才述	大明續入藏諸集
2-6464	1518-004杳04	0	杳04	肇論新疏十卷（04）	元文才述	大明續入藏諸集
2-6465	1518-005杳05	41	杳05	肇論新疏十卷（05）	元文才述	大明續入藏諸集
2-6466	1518-006杳06	0	杳06	肇論新疏十卷（06）	元文才述	大明續入藏諸集
2-6467	1518-007杳07	0	杳07	肇論新疏十卷（07）	元文才述	大明續入藏諸集
2-6468	1518-008杳08	0	杳08	肇論新疏十卷（08）	元文才述	大明續入藏諸集
2-6469	1518-009杳09	0	杳09	肇論新疏十卷（09）	元文才述	大明續入藏諸集
2-6470	1518-010杳10	0	杳10	肇論新疏十卷（10）	元文才述	大明續入藏諸集
2-6471	1519-001冥01	33	冥01	肇論新疏游刃十卷（01）	元文才述	大明續入藏諸集
2-6472	1519-002冥02	32	冥02	肇論新疏游刃十卷（02）	元文才述	大明續入藏諸集
2-6473	1519-003冥03	0	冥03	肇論新疏游刃十卷（03）	元文才述	大明續入藏諸集
2-6474	1519-004冥04	37	冥04	肇論新疏游刃十卷（04）	元文才述	大明續入藏諸集
2-6475	1519-005冥05	0	冥05	肇論新疏游刃十卷（05）	元文才述	大明續入藏諸集
2-6476	1519-006冥06	31	冥06	肇論新疏游刃十卷（06）	元文才述	大明續入藏諸集
2-6477	1519-007冥07	25	冥07	肇論新疏游刃十卷（07）	元文才述	大明續入藏諸集
2-6478	1519-008冥08	21	冥08	肇論新疏游刃十卷（08）	元文才述	大明續入藏諸集
2-6479	1519-009冥09	0	冥09	肇論新疏游刃十卷（09）	元文才述	大明續入藏諸集
2-6480	1519-010冥10	0	冥10	肇論新疏游刃十卷（10）	元文才述	大明續入藏諸集
2-6481	1520-001治01	36	治01	圓覺經略疏之鈔三十卷（科文上）	唐宗密於大疏略出	大明續入藏諸集
2-6482	1520-002治02	46	治02	圓覺經略疏之鈔三十卷（02）	唐宗密於大疏略出	大明續入藏諸集
2-6483	1520-003治03	45	治03	圓覺經略疏之鈔三十卷（03）	唐宗密於大疏略出	大明續入藏諸集
2-6484	1520-004治04	42	治04	圓覺經略疏之鈔三十卷（04）	唐宗密於大疏略出	大明續入藏諸集
2-6485	1520-005治05	52	治05	圓覺經略疏之鈔三十卷（05）	唐宗密於大疏略出	大明續入藏諸集
2-6486	1520-006治06	36	治06	圓覺經略疏之鈔三十卷（06）	唐宗密於大疏略出	大明續入藏諸集
2-6487	1520-007治07	21	治07	圓覺經略疏之鈔三十卷（07）	唐宗密於大疏略出	大明續入藏諸集
2-6488	1520-008治08	25	治08	圓覺經略疏之鈔三十卷（08）	唐宗密於大疏略出	大明續入藏諸集
2-6489	1520-009治09	33	治09	圓覺經略疏之鈔三十卷（09）	唐宗密於大疏略出	大明續入藏諸集
2-6490	1520-010治10	37	治10	圓覺經略疏之鈔三十卷（10）	唐宗密於大疏略出	大明續入藏諸集
2-6491	1520-011本01	0	本01	圓覺經略疏之鈔三十卷（11）	唐宗密於大疏略出	大明續入藏諸集
2-6492	1520-012本02	33	本02	圓覺經略疏之鈔三十卷（12）	唐宗密於大疏略出	大明續入藏諸集
2-6493	1520-013本03	0	本03	圓覺經略疏之鈔三十卷（13）	唐宗密於大疏略出	大明續入藏諸集
2-6494	1520-014本04	0	本04	圓覺經略疏之鈔三十卷（14）	唐宗密於大疏略出	大明續入藏諸集
2-6495	1520-015本05	0	本05	圓覺經略疏之鈔三十卷（15）	唐宗密於大疏略出	大明續入藏諸集
2-6496	1520-016本06	36	本06	圓覺經略疏之鈔三十卷（16）	唐宗密於大疏略出	大明續入藏諸集
2-6497	1520-017本07	0	本07	圓覺經略疏之鈔三十卷（17）	唐宗密於大疏略出	大明續入藏諸集
2-6498	1520-018本08	54	本08	圓覺經略疏之鈔三十卷（18）	唐宗密於大疏略出	大明續入藏諸集
2-6499	1520-019本09	35	本09	圓覺經略疏之鈔三十卷（19）	唐宗密於大疏略出	大明續入藏諸集
2-6500	1520-020本10	0	本10	圓覺經略疏之鈔三十卷（20）	唐宗密於大疏略出	大明續入藏諸集
2-6501	1520-021於01	0	於01	圓覺經略疏之鈔三十卷（21）	唐宗密於大疏略出	大明續入藏諸集
2-6502	1520-022於02	0	於02	圓覺經略疏之鈔三十卷（22）	唐宗密於大疏略出	大明續入藏諸集
2-6503	1520-023於03	0	於03	圓覺經略疏之鈔三十卷（23）	唐宗密於大疏略出	大明續入藏諸集
2-6504	1520-024於04	0	於04	圓覺經略疏之鈔三十卷（24）	唐宗密於大疏略出	大明續入藏諸集
2-6505	1520-025於05	0	於05	圓覺經略疏之鈔三十卷（25）	唐宗密於大疏略出	大明續入藏諸集
2-6506	1520-026於06	0	於06	圓覺經略疏之鈔三十卷（26）	唐宗密於大疏略出	大明續入藏諸集
2-6507	1520-027於07	0	於07	圓覺經略疏之鈔三十卷（27）	唐宗密於大疏略出	大明續入藏諸集
2-6508	1520-028於08	0	於08	圓覺經略疏之鈔三十卷（28）	唐宗密於大疏略出	大明續入藏諸集
2-6509	1520-029於09	27	於09	圓覺經略疏之鈔三十卷（29）	唐宗密於大疏略出	大明續入藏諸集
2-6510	1520-030於10	0	於10	圓覺經略疏之鈔三十卷（30）	唐宗密於大疏略出	大明續入藏諸集
2-6511	1521-001農01	22	農01	金剛經疏論纂要三卷（科文）	唐宗密述、宋子璿治定	大明續入藏諸集
2-6512	1521-002農02	54	農02	金剛經疏論纂要三卷（01）	唐宗密述、宋子璿治定	大明續入藏諸集
2-6513	1521-003農03	48	農03	金剛經疏論纂要三卷（02）	唐宗密述、宋子璿治定	大明續入藏諸集
2-6514	1522-001農04	57	農04	釋金剛經刊定記七卷（01）	宋子璿錄	大明續入藏諸集
2-6515	1522-002農05	60	農05	釋金剛經刊定記七卷（02）	宋子璿錄	大明續入藏諸集
2-6516	1522-003農06	72	農06	釋金剛經刊定記七卷（03）	宋子璿錄	大明續入藏諸集
2-6517	1522-004農07	59	農07	釋金剛經刊定記七卷（04）	宋子璿錄	大明續入藏諸集
2-6518	1522-005農08	61	農08	釋金剛經刊定記七卷（05）	宋子璿錄	大明續入藏諸集
2-6519	1522-006農09	48	農09	釋金剛經刊定記七卷（06）	宋子璿錄	大明續入藏諸集
2-6520	1522-007農10	37	農10	釋金剛經刊定記七卷（07）	宋子璿錄	大明續入藏諸集
2-6521	1523-001務01	0	務01	維摩詰所說經注十卷（01）	姚秦鳩摩羅什、僧肇、道生三家法中集出	大明續入藏諸集
2-6522	1523-002務02	21	務02	維摩詰所說經注十卷（02）	姚秦鳩摩羅什、僧肇、道生三家法中集出	大明續入藏諸集
2-6523	1523-003務03	59	務03	維摩詰所說經注十卷（03）	姚秦鳩摩羅什、僧肇、道生三家法中集出	大明續入藏諸集
2-6524	1523-004務04	42	務04	維摩詰所說經注十卷（04）	姚秦鳩摩羅什、僧肇、道生三家法中集出	大明續入藏諸集
2-6525	1523-005務05	0	務05	維摩詰所說經注十卷（05）	姚秦鳩摩羅什、僧肇、道生三家法中集出	大明續入藏諸集
2-6526	1523-006務06	0	務06	維摩詰所說經注十卷（06）	姚秦鳩摩羅什、僧肇、道生三家法中集出	大明續入藏諸集
2-6527	1523-007務07	0	務07	維摩詰所說經注十卷（07）	姚秦鳩摩羅什、僧肇、道生三家法中集出	大明續入藏諸集
2-6528	1523-008務08	36	務08	維摩詰所說經注十卷（08）	姚秦鳩摩羅什、僧肇、道生三家法中集出	大明續入藏諸集
2-6529	1523-009務09	28	務09	維摩詰所說經注十卷（09）	姚秦鳩摩羅什、僧肇、道生三家法中集出	大明續入藏諸集
2-6530	1523-010務10	42	務10	維摩詰所說經注十卷（10）	姚秦鳩摩羅什、僧肇、道生三家法中集出	大明續入藏諸集
2-6531	1524-001茲01	0	茲01	華嚴原人論五卷（01）	唐宗密述	大明續入藏諸集
2-6532	1524-002茲02	0	茲02	華嚴原人論五卷（02）	唐宗密述	大明續入藏諸集
2-6533	1524-003茲03	0	茲03	華嚴原人論五卷（03）	唐宗密述	大明續入藏諸集
2-6534	1524-004茲04	55	茲04	華嚴原人論五卷（04）	唐宗密述	大明續入藏諸集
2-6535	1524-005茲05	0	茲05	華嚴原人論五卷（05）	唐宗密述	大明續入藏諸集
2-6536	1525-001茲06	55	茲06	折疑論五卷（01）	元子成撰、師子比丘述注	大明續入藏諸集
2-6537	1525-002茲07	0	茲07	折疑論五卷（02）	元子成撰、師子比丘述注	大明續入藏諸集
2-6538	1525-003茲08	0	茲08	折疑論五卷（03）	元子成撰、師子比丘述注	大明續入藏諸集
2-6539	1525-004茲09	28	茲09	折疑論五卷（04）	元子成撰、師子比丘述注	大明續入藏諸集
2-6540	1525-005茲10	35	茲10	折疑論五卷（05）	元子成撰、師子比丘述注	大明續入藏諸集
2-6541	1526-001稼01	0	稼01	天台四教儀集注十卷（01）	宋諦觀注	大明續入藏諸集
2-6542	1526-002稼02	0	稼02	天台四教儀集注十卷（02）	宋諦觀注	大明續入藏諸集
2-6543	1526-003稼03	0	稼03	天台四教儀集注十卷（03）	宋諦觀注	大明續入藏諸集
2-6544	1526-004稼04	0	稼04	天台四教儀集注十卷（04）	宋諦觀注	大明續入藏諸集
2-6545	1526-005稼05	0	稼05	天台四教儀集注十卷（05）	宋諦觀注	大明續入藏諸集
2-6546	1526-006稼06	0	稼06	天台四教儀集注十卷（06）	宋諦觀注	大明續入藏諸集
2-6547	1526-007稼07	0	稼07	天台四教儀集注十卷（07）	宋諦觀注	大明續入藏諸集
2-6548	1526-008稼08	0	稼08	天台四教儀集注十卷（08）	宋諦觀注	大明續入藏諸集
2-6549	1526-009稼09	0	稼09	天台四教儀集注十卷（09）	宋諦觀注	大明續入藏諸集
2-6550	1526-010稼10	0	稼10	天台四教儀集注十卷（10）	宋諦觀注	大明續入藏諸集
2-6551	1527-001穡01	50	穡01	教乘法數四十卷（01）	明圓瀞集	大明續入藏諸集
2-6552	1527-002穡02	29	穡02	教乘法數四十卷（02）	明圓瀞集	大明續入藏諸集
2-6553	1527-003穡03	31	穡03	教乘法數四十卷（03）	明圓瀞集	大明續入藏諸集
2-6554	1527-004穡04	37	穡04	教乘法數四十卷（04）	明圓瀞集	大明續入藏諸集
2-6555	1527-005穡05	29	穡05	教乘法數四十卷（05）	明圓瀞集	大明續入藏諸集
2-6556	1527-006穡06	27	穡06	教乘法數四十卷（06）	明圓瀞集	大明續入藏諸集
2-6557	1527-007穡07	33	穡07	教乘法數四十卷（07）	明圓瀞集	大明續入藏諸集
2-6558	1527-008穡08	37	穡08	教乘法數四十卷（08）	明圓瀞集	大明續入藏諸集
2-6559	1527-009穡09	36	穡09	教乘法數四十卷（09）	明圓瀞集	大明續入藏諸集
2-6560	1527-010穡10	18	穡10	教乘法數四十卷（10）	明圓瀞集	大明續入藏諸集
2-6561	1527-011俶01	26	俶01	教乘法數四十卷（11）	明圓瀞集	大明續入藏諸集
2-6562	1527-012俶02	22	俶02	教乘法數四十卷（12）	明圓瀞集	大明續入藏諸集
2-6563	1527-013俶03	21	俶03	教乘法數四十卷（13）	明圓瀞集	大明續入藏諸集
2-6564	1527-014俶04	21	俶04	教乘法數四十卷（14）	明圓瀞集	大明續入藏諸集
2-6565	1527-015俶05	0	俶05	教乘法數四十卷（15）	明圓瀞集	大明續入藏諸集
2-6566	1527-016俶06	22	俶06	教乘法數四十卷（16）	明圓瀞集	大明續入藏諸集
2-6567	1527-017俶07	21	俶07	教乘法數四十卷（17）	明圓瀞集	大明續入藏諸集
2-6568	1527-018俶08	0	俶08	教乘法數四十卷（18）	明圓瀞集	大明續入藏諸集
2-6569	1527-019俶09	22	俶09	教乘法數四十卷（19）	明圓瀞集	大明續入藏諸集
2-6570	1527-020俶10	21	俶10	教乘法數四十卷（20）	明圓瀞集	大明續入藏諸集
2-6571	1527-021載01	0	載01	教乘法數四十卷（21）	明圓瀞集	大明續入藏諸集
2-6572	1527-022載02	0	載02	教乘法數四十卷（22）	明圓瀞集	大明續入藏諸集
2-6573	1527-023載03	16	載03	教乘法數四十卷（23）	明圓瀞集	大明續入藏諸集
2-6574	1527-024載04	0	載04	教乘法數四十卷（24）	明圓瀞集	大明續入藏諸集
2-6575	1527-025載05	0	載05	教乘法數四十卷（25）	明圓瀞集	大明續入藏諸集
2-6576	1527-026載06	17	載06	教乘法數四十卷（26）	明圓瀞集	大明續入藏諸集
2-6577	1527-027載07	16	載07	教乘法數四十卷（27）	明圓瀞集	大明續入藏諸集
2-6578	1527-028載08	0	載08	教乘法數四十卷（28）	明圓瀞集	大明續入藏諸集
2-6579	1527-029載09	17	載09	教乘法數四十卷（29）	明圓瀞集	大明續入藏諸集
2-6580	1527-030載10	14	載10	教乘法數四十卷（30）	明圓瀞集	大明續入藏諸集
2-6581	1527-031南01	0	南01	教乘法數四十卷（31）	明圓瀞集	大明續入藏諸集
2-6582	1527-032南02	20	南02	教乘法數四十卷（32）	明圓瀞集	大明續入藏諸集
2-6583	1527-033南03	0	南03	教乘法數四十卷（33）	明圓瀞集	大明續入藏諸集
2-6584	1527-034南04	18	南04	教乘法數四十卷（34）	明圓瀞集	大明續入藏諸集
2-6585	1527-035南05	0	南05	教乘法數四十卷（35）	明圓瀞集	大明續入藏諸集
2-6586	1527-036南06	0	南06	教乘法數四十卷（36）	明圓瀞集	大明續入藏諸集
2-6587	1527-037南07	19	南07	教乘法數四十卷（37）	明圓瀞集	大明續入藏諸集
2-6588	1527-038南08	0	南08	教乘法數四十卷（38）	明圓瀞集	大明續入藏諸集
2-6589	1527-039南09	0	南09	教乘法數四十卷（39）	明圓瀞集	大明續入藏諸集
2-6590	1527-040南10	0	南10	教乘法數四十卷（40）	明圓瀞集	大明續入藏諸集
2-6591	1528-001畝01	46	畝01	佛祖歷代通載三十六卷（01）	元念常集	大明續入藏諸集
2-6592	1528-002畝02	44	畝02	佛祖歷代通載三十六卷（02）	元念常集	大明續入藏諸集
2-6593	1528-003畝03	29	畝03	佛祖歷代通載三十六卷（03）	元念常集	大明續入藏諸集
2-6594	1528-004畝04	40	畝04	佛祖歷代通載三十六卷（04）	元念常集	大明續入藏諸集
2-6595	1528-005畝05	42	畝05	佛祖歷代通載三十六卷（05）	元念常集	大明續入藏諸集
2-6596	1528-006畝06	53	畝06	佛祖歷代通載三十六卷（06）	元念常集	大明續入藏諸集
2-6597	1528-007畝07	48	畝07	佛祖歷代通載三十六卷（07）	元念常集	大明續入藏諸集
2-6598	1528-008畝08	60	畝08	佛祖歷代通載三十六卷（08）	元念常集	大明續入藏諸集
2-6599	1528-009畝09	55	畝09	佛祖歷代通載三十六卷（09）	元念常集	大明續入藏諸集
2-6600	1528-010畝10	64	畝10	佛祖歷代通載三十六卷（10）	元念常集	大明續入藏諸集
2-6601	1528-011我01	0	我01	佛祖歷代通載三十六卷（11）	元念常集	大明續入藏諸集
2-6602	1528-012我02	0	我02	佛祖歷代通載三十六卷（12）	元念常集	大明續入藏諸集
2-6603	1528-013我03	0	我03	佛祖歷代通載三十六卷（13）	元念常集	大明續入藏諸集
2-6604	1528-014我04	0	我04	佛祖歷代通載三十六卷（14）	元念常集	大明續入藏諸集
2-6605	1528-015我05	0	我05	佛祖歷代通載三十六卷（15）	元念常集	大明續入藏諸集
2-6606	1528-016我06	0	我06	佛祖歷代通載三十六卷（16）	元念常集	大明續入藏諸集
2-6607	1528-017我07	0	我07	佛祖歷代通載三十六卷（17）	元念常集	大明續入藏諸集
2-6608	1528-018我08	0	我08	佛祖歷代通載三十六卷（18）	元念常集	大明續入藏諸集
2-6609	1528-019我09	0	我09	佛祖歷代通載三十六卷（19）	元念常集	大明續入藏諸集
2-6610	1528-020我10	0	我10	佛祖歷代通載三十六卷（20）	元念常集	大明續入藏諸集
2-6611	1528-021藝01	46	藝01	佛祖歷代通載三十六卷（21）	元念常集	大明續入藏諸集
2-6612	1528-022藝02	44	藝02	佛祖歷代通載三十六卷（22）	元念常集	大明續入藏諸集
2-6613	1528-023藝03	40	藝03	佛祖歷代通載三十六卷（23）	元念常集	大明續入藏諸集
2-6614	1528-024藝04	39	藝04	佛祖歷代通載三十六卷（24）	元念常集	大明續入藏諸集
2-6615	1528-025藝05	47	藝05	佛祖歷代通載三十六卷（25）	元念常集	大明續入藏諸集
2-6616	1528-026藝06	35	藝06	佛祖歷代通載三十六卷（26）	元念常集	大明續入藏諸集
2-6617	1528-027藝07	40	藝07	佛祖歷代通載三十六卷（27）	元念常集	大明續入藏諸集
2-6618	1528-028藝08	46	藝08	佛祖歷代通載三十六卷（28）	元念常集	大明續入藏諸集
2-6619	1528-029藝09	53	藝09	佛祖歷代通載三十六卷（29）	元念常集	大明續入藏諸集
2-6620	1528-030藝10	52	藝10	佛祖歷代通載三十六卷（30）	元念常集	大明續入藏諸集
2-6621	1528-031黍01	0	黍01	佛祖歷代通載三十六卷（31）	元念常集	大明續入藏諸集
2-6622	1528-032黍02	46	黍02	佛祖歷代通載三十六卷（32）	元念常集	大明續入藏諸集
2-6623	1528-033黍03	44	黍03	佛祖歷代通載三十六卷（33）	元念常集	大明續入藏諸集
2-6624	1528-034黍04	37	黍04	佛祖歷代通載三十六卷（34）	元念常集	大明續入藏諸集
2-6625	1528-035黍05	47	黍05	佛祖歷代通載三十六卷（35）	元念常集	大明續入藏諸集
2-6626	1528-036黍06	38	黍06	佛祖歷代通載三十六卷（36）	元念常集	大明續入藏諸集
2-6627	1529-001黍07	38	黍07	禪林寶訓四卷（01）	宋妙喜等集、淨善重集	大明續入藏諸集
2-6628	1529-002黍08	0	黍08	禪林寶訓四卷（02）	宋妙喜等集、淨善重集	大明續入藏諸集
2-6629	1529-003黍09	37	黍09	禪林寶訓四卷（03）	宋妙喜等集、淨善重集	大明續入藏諸集
2-6630	1529-004黍10	38	黍10	禪林寶訓四卷（04）	宋妙喜等集、淨善重集	大明續入藏諸集
2-6631	1530-001稷01	39	稷01	大方廣佛華嚴經疏鈔三十卷（科文）	唐澄觀集	大明續入藏諸集
2-6632	1530-002稷02	37	稷02	大方廣佛華嚴經疏鈔三十卷（01）	唐澄觀集	大明續入藏諸集
2-6633	1530-003稷03	34	稷03	大方廣佛華嚴經疏鈔三十卷（02）	唐澄觀集	大明續入藏諸集
2-6634	1530-004稷04	39	稷04	大方廣佛華嚴經疏鈔三十卷（03）	唐澄觀集	大明續入藏諸集
2-6635	1530-005稷05	33	稷05	大方廣佛華嚴經疏鈔三十卷（04）	唐澄觀集	大明續入藏諸集
2-6636	1530-006稷06	31	稷06	大方廣佛華嚴經疏鈔三十卷（05）	唐澄觀集	大明續入藏諸集
2-6637	1530-007稷07	29	稷07	大方廣佛華嚴經疏鈔三十卷（06）	唐澄觀集	大明續入藏諸集
2-6638	1530-008稷08	26	稷08	大方廣佛華嚴經疏鈔三十卷（07）	唐澄觀集	大明續入藏諸集
2-6639	1530-009稷09	25	稷09	大方廣佛華嚴經疏鈔三十卷（08）	唐澄觀集	大明續入藏諸集
2-6640	1530-010稷10	40	稷10	大方廣佛華嚴經疏鈔三十卷（09）	唐澄觀集	大明續入藏諸集
2-6641	1530-011稅01	0	稅01	大方廣佛華嚴經疏鈔三十卷（10）	唐澄觀集	大明續入藏諸集
2-6642	1530-012稅02	35	稅02	大方廣佛華嚴經疏鈔三十卷（11）	唐澄觀集	大明續入藏諸集
2-6643	1530-013稅03	40	稅03	大方廣佛華嚴經疏鈔三十卷（12）	唐澄觀集	大明續入藏諸集
2-6644	1530-014稅04	31	稅04	大方廣佛華嚴經疏鈔三十卷（13）	唐澄觀集	大明續入藏諸集
2-6645	1530-015稅05	0	稅05	大方廣佛華嚴經疏鈔三十卷（14）	唐澄觀集	大明續入藏諸集
2-6646	1530-016稅06	0	稅06	大方廣佛華嚴經疏鈔三十卷（15）	唐澄觀集	大明續入藏諸集
2-6647	1530-017稅07	38	稅07	大方廣佛華嚴經疏鈔三十卷（16）	唐澄觀集	大明續入藏諸集
2-6648	1530-018稅08	0	稅08	大方廣佛華嚴經疏鈔三十卷（17）	唐澄觀集	大明續入藏諸集
2-6649	1530-019稅09	0	稅09	大方廣佛華嚴經疏鈔三十卷（18）	唐澄觀集	大明續入藏諸集
2-6650	1530-020稅10	0	稅10	大方廣佛華嚴經疏鈔三十卷（19）	唐澄觀集	大明續入藏諸集
2-6651	1530-021熟01	0	熟01	大方廣佛華嚴經疏鈔三十卷（20）	唐澄觀集	大明續入藏諸集
2-6652	1530-022熟02	36	熟02	大方廣佛華嚴經疏鈔三十卷（21）	唐澄觀集	大明續入藏諸集
2-6653	1530-023熟03	18	熟03	大方廣佛華嚴經疏鈔三十卷（22）	唐澄觀集	大明續入藏諸集
2-6654	1530-024熟04	37	熟04	大方廣佛華嚴經疏鈔三十卷（23）	唐澄觀集	大明續入藏諸集
2-6655	1530-025熟05	36	熟05	大方廣佛華嚴經疏鈔三十卷（24）	唐澄觀集	大明續入藏諸集
2-6656	1530-026熟06	35	熟06	大方廣佛華嚴經疏鈔三十卷（25）	唐澄觀集	大明續入藏諸集
2-6657	1530-027熟07	33	熟07	大方廣佛華嚴經疏鈔三十卷（26）	唐澄觀集	大明續入藏諸集
2-6658	1530-028熟08	34	熟08	大方廣佛華嚴經疏鈔三十卷（27）	唐澄觀集	大明續入藏諸集
2-6659	1530-029熟09	0	熟09	大方廣佛華嚴經疏鈔三十卷（28）	唐澄觀集	大明續入藏諸集
2-6660	1530-030熟10	0	熟10	大方廣佛華嚴經疏鈔三十卷（29）	唐澄觀集	大明續入藏諸集
2-6661	1531-001貢01	40	貢01	翻譯名義集二十卷（01）	宋法雲編	大明續入藏諸集
2-6662	1531-002貢02	41	貢02	翻譯名義集二十卷（02）	宋法雲編	大明續入藏諸集
2-6663	1531-003貢03	34	貢03	翻譯名義集二十卷（03）	宋法雲編	大明續入藏諸集
2-6664	1531-004貢04	0	貢04	翻譯名義集二十卷（04）	宋法雲編	大明續入藏諸集
2-6665	1531-005貢05	45	貢05	翻譯名義集二十卷（05）	宋法雲編	大明續入藏諸集
2-6666	1531-006貢06	35	貢06	翻譯名義集二十卷（06）	宋法雲編	大明續入藏諸集
2-6667	1531-007貢07	0	貢07	翻譯名義集二十卷（07）	宋法雲編	大明續入藏諸集
2-6668	1531-008貢08	29	貢08	翻譯名義集二十卷（08）	宋法雲編	大明續入藏諸集
2-6669	1531-009貢09	32	貢09	翻譯名義集二十卷（09）	宋法雲編	大明續入藏諸集
2-6670	1531-010貢10	38	貢10	翻譯名義集二十卷（10）	宋法雲編	大明續入藏諸集
2-6671	1531-011新01	52	新01	翻譯名義集二十卷（11）	宋法雲編	大明續入藏諸集
2-6672	1531-012新02	45	新02	翻譯名義集二十卷（12）	宋法雲編	大明續入藏諸集
2-6673	1531-013新03	45	新03	翻譯名義集二十卷（13）	宋法雲編	大明續入藏諸集
2-6674	1531-014新04	42	新04	翻譯名義集二十卷（14）	宋法雲編	大明續入藏諸集
2-6675	1531-015新05	30	新05	翻譯名義集二十卷（15）	宋法雲編	大明續入藏諸集
2-6676	1531-016新06	51	新06	翻譯名義集二十卷（16）	宋法雲編	大明續入藏諸集
2-6677	1531-017新07	41	新07	翻譯名義集二十卷（17）	宋法雲編	大明續入藏諸集
2-6678	1531-018新08	33	新08	翻譯名義集二十卷（18）	宋法雲編	大明續入藏諸集
2-6679	1531-019新09	19	新09	翻譯名義集二十卷（19）	宋法雲編	大明續入藏諸集
2-6680	1531-020新10	38	新10	翻譯名義集二十卷（20）	宋法雲編	大明續入藏諸集
2-6681	1532-001勸01	55	勸01	禪宗正脈二十卷（01）	明如巹集	大明續入藏諸集
2-6682	1532-002勸02	55	勸02	禪宗正脈二十卷（02）	明如巹集	大明續入藏諸集
2-6683	1532-003勸03	63	勸03	禪宗正脈二十卷（03）	明如巹集	大明續入藏諸集
2-6684	1532-004勸04	56	勸04	禪宗正脈二十卷（04）	明如巹集	大明續入藏諸集
2-6685	1532-005勸05	62	勸05	禪宗正脈二十卷（05）	明如巹集	大明續入藏諸集
2-6686	1532-006勸06	40	勸06	禪宗正脈二十卷（06）	明如巹集	大明續入藏諸集
2-6687	1532-007勸07	52	勸07	禪宗正脈二十卷（07）	明如巹集	大明續入藏諸集
2-6688	1532-008勸08	52	勸08	禪宗正脈二十卷（08）	明如巹集	大明續入藏諸集
2-6689	1532-009勸09	68	勸09	禪宗正脈二十卷（09）	明如巹集	大明續入藏諸集
2-6690	1532-010勸10	36	勸10	禪宗正脈二十卷（10）	明如巹集	大明續入藏諸集
2-6691	1532-011賞01	64	賞01	禪宗正脈二十卷（11）	明如巹集	大明續入藏諸集
2-6692	1532-012賞02	54	賞02	禪宗正脈二十卷（12）	明如巹集	大明續入藏諸集
2-6693	1532-013賞03	60	賞03	禪宗正脈二十卷（13）	明如巹集	大明續入藏諸集
2-6694	1532-014賞04	57	賞04	禪宗正脈二十卷（14）	明如巹集	大明續入藏諸集
2-6695	1532-015賞05	0	賞05	禪宗正脈二十卷（15）	明如巹集	大明續入藏諸集
2-6696	1532-016賞06	0	賞06	禪宗正脈二十卷（16）	明如巹集	大明續入藏諸集
2-6697	1532-017賞07	0	賞07	禪宗正脈二十卷（17）	明如巹集	大明續入藏諸集
2-6698	1532-018賞08	53	賞08	禪宗正脈二十卷（18）	明如巹集	大明續入藏諸集
2-6699	1532-019賞09	0	賞09	禪宗正脈二十卷（19）	明如巹集	大明續入藏諸集
2-6700	1532-020賞10	0	賞10	禪宗正脈二十卷（20）	明如巹集	大明續入藏諸集
2-6701	1533-001黜01	0	黜01	百丈清規八卷（01）	唐懷海撰、元法輝重編	大明續入藏諸集
2-6702	1533-002黜02	0	黜02	百丈清規八卷（02）	唐懷海撰、元法輝重編	大明續入藏諸集
2-6703	1533-003黜03	0	黜03	百丈清規八卷（03）	唐懷海撰、元法輝重編	大明續入藏諸集
2-6704	1533-004黜04	0	黜04	百丈清規八卷（04）	唐懷海撰、元法輝重編	大明續入藏諸集
2-6705	1533-005黜05	0	黜05	百丈清規八卷（05）	唐懷海撰、元法輝重編	大明續入藏諸集
2-6706	1533-006黜06	0	黜06	百丈清規八卷（06）	唐懷海撰、元法輝重編	大明續入藏諸集
2-6707	1533-007黜07	0	黜07	百丈清規八卷（07）	唐懷海撰、元法輝重編	大明續入藏諸集
2-6708	1533-008黜08	0	黜08	百丈清規八卷（08）	唐懷海撰、元法輝重編	大明續入藏諸集
2-6709	1534-001黜09	0	黜09	三教平心論二卷（01）	元劉謐撰	大明續入藏諸集
2-6710	1534-002黜10	44	黜10	三教平心論二卷（02）	元劉謐撰	大明續入藏諸集
2-6711	1535-001陟01	50	陟01	緇門警訓十卷（01）	明如巹續集	大明續入藏諸集
2-6712	1535-002陟02	33	陟02	緇門警訓十卷（02）	明如巹續集	大明續入藏諸集
2-6713	1535-003陟03	35	陟03	緇門警訓十卷（03）	明如巹續集	大明續入藏諸集
2-6714	1535-004陟04	38	陟04	緇門警訓十卷（04）	明如巹續集	大明續入藏諸集
2-6715	1535-005陟05	22	陟05	緇門警訓十卷（05）	明如巹續集	大明續入藏諸集
2-6716	1535-006陟06	32	陟06	緇門警訓十卷（06）	明如巹續集	大明續入藏諸集
2-6717	1535-007陟07	39	陟07	緇門警訓十卷（07）	明如巹續集	大明續入藏諸集
2-6718	1535-008陟08	35	陟08	緇門警訓十卷（08）	明如巹續集	大明續入藏諸集
2-6719	1535-009陟09	40	陟09	緇門警訓十卷（09）	明如巹續集	大明續入藏諸集
2-6720	1535-010陟10	31	陟10	緇門警訓十卷（10）	明如巹續集	大明續入藏諸集
2-6721	1536-001孟01	20	孟01	鐔津文集二十卷（目錄）	宋契嵩編撰	大明續入藏諸集
2-6722	1536-002孟02	34	孟02	鐔津文集二十卷（01）	宋契嵩編撰	大明續入藏諸集
2-6723	1536-003孟03	36	孟03	鐔津文集二十卷（02）	宋契嵩編撰	大明續入藏諸集
2-6724	1536-004孟04	29	孟04	鐔津文集二十卷（03）	宋契嵩編撰	大明續入藏諸集
2-6725	1536-005孟05	20	孟05	鐔津文集二十卷（04）	宋契嵩編撰	大明續入藏諸集
2-6726	1536-006孟06	30	孟06	鐔津文集二十卷（05）	宋契嵩編撰	大明續入藏諸集
2-6727	1536-007孟07	31	孟07	鐔津文集二十卷（06）	宋契嵩編撰	大明續入藏諸集
2-6728	1536-008孟08	37	孟08	鐔津文集二十卷（07）	宋契嵩編撰	大明續入藏諸集
2-6729	1536-009孟09	46	孟09	鐔津文集二十卷（08）	宋契嵩編撰	大明續入藏諸集
2-6730	1536-010孟10	38	孟10	鐔津文集二十卷（09）	宋契嵩編撰	大明續入藏諸集
2-6731	1536-011軻01	37	軻01	鐔津文集二十卷（10）	宋契嵩編撰	大明續入藏諸集
2-6732	1536-012軻02	0	軻02	鐔津文集二十卷（11）	宋契嵩編撰	大明續入藏諸集
2-6733	1536-013軻03	38	軻03	鐔津文集二十卷（12）	宋契嵩編撰	大明續入藏諸集
2-6734	1536-014軻04	0	軻04	鐔津文集二十卷（13）	宋契嵩編撰	大明續入藏諸集
2-6735	1536-015軻05	30	軻05	鐔津文集二十卷（14）	宋契嵩編撰	大明續入藏諸集
2-6736	1536-016軻06	37	軻06	鐔津文集二十卷（15）	宋契嵩編撰	大明續入藏諸集
2-6737	1536-017軻07	35	軻07	鐔津文集二十卷（16）	宋契嵩編撰	大明續入藏諸集
2-6738	1536-018軻08	24	軻08	鐔津文集二十卷（17）	宋契嵩編撰	大明續入藏諸集
2-6739	1536-019軻09	0	軻09	鐔津文集二十卷（18）	宋契嵩編撰	大明續入藏諸集
2-6740	1536-020軻10	30	軻10	鐔津文集二十卷（19）	宋契嵩編撰	大明續入藏諸集
2-6741	1537-001敦01	0	敦01	八識規矩補註二卷（01）	唐玄奘造頌、明普泰補註	大明續入藏諸集
2-6742	1537-002敦02	0	敦02	八識規矩補註二卷（02）	唐玄奘造頌、明普泰補註	大明續入藏諸集
2-6743	1538-001敦03	0	敦03	①大乘百法明門論一卷②唯識三十論一卷	①唐玄奘譯、慈恩法師窺基註解②唐玄奘譯	大明續入藏諸集
2-6744	1539-001敦04	30	敦04	禪源諸詮集都序四卷（01）	唐宗密述	大明續入藏諸集
2-6745	1539-002敦05	34	敦05	禪源諸詮集都序四卷（02）	唐宗密述	大明續入藏諸集
2-6746	1539-003敦06	0	敦06	禪源諸詮集都序四卷（03）	唐宗密述	大明續入藏諸集
2-6747	1539-004敦07	21	敦07	禪源諸詮集都序四卷（04）	唐宗密述	大明續入藏諸集
2-6748	1540-001敦08	24	敦08	修心訣一卷	元普照述	大明續入藏諸集
2-6749	1541-001敦09	0	敦09	真心直說一卷	元知訥述	大明續入藏諸集
2-6750	1542-001敦10	0	敦10	寶藏論一卷	姚秦僧肇述	大明續入藏諸集
2-6751	1543-001素01	0	素01	廬山蓮宗鑒七卷（01）	元普度集	大明續入藏諸集
2-6752	1543-002素02	0	素02	廬山蓮宗鑒七卷（02）	元普度集	大明續入藏諸集
2-6753	1543-003素03	0	素03	廬山蓮宗鑒七卷（03）	元普度集	大明續入藏諸集
2-6754	1543-004素04	0	素04	廬山蓮宗鑒七卷（04）	元普度集	大明續入藏諸集
2-6755	1543-005素05	0	素05	廬山蓮宗鑒七卷（05）	元普度集	大明續入藏諸集
2-6756	1543-006素06	0	素06	廬山蓮宗鑒七卷（06）	元普度集	大明續入藏諸集
2-6757	1543-007素07	0	素07	廬山蓮宗鑒七卷（07）	元普度集	大明續入藏諸集
2-6758	1544-001素08	0	素08	永明智覺禪師唯心訣一卷	宋延壽述	大明續入藏諸集
2-6759	1545-001素09	0	素09	禪宗決疑集一卷	元智徹述	大明續入藏諸集
2-6760	1546-001素10	0	素10	黃檗傳心法要一卷	唐希運說、裴休集	大明續入藏諸集
2-6761	1547-001史01	28	史01	萬善同歸集六卷（01）	宋延壽述	大明續入藏諸集
2-6762	1547-002史02	38	史02	萬善同歸集六卷（02）	宋延壽述	大明續入藏諸集
2-6763	1547-003史03	0	史03	萬善同歸集六卷（03）	宋延壽述	大明續入藏諸集
2-6764	1547-004史04	42	史04	萬善同歸集六卷（04）	宋延壽述	大明續入藏諸集
2-6765	1547-005史05	0	史05	萬善同歸集六卷（05）	宋延壽述	大明續入藏諸集
2-6766	1547-006史06	0	史06	萬善同歸集六卷（06）	宋延壽述	大明續入藏諸集
2-6767	1548-001史07	54	史07	華嚴法界觀通玄記頌注二卷（01）	宋本嵩述頌、元琮湛集解	大明續入藏諸集
2-6768	1548-002史08	0	史08	華嚴法界觀通玄記頌注二卷（02）	宋本嵩述頌、元琮湛集解	大明續入藏諸集
2-6769	1549-001史09	19	史09	大明仁孝皇后夢感佛說第一希有大功德經二卷（01）	明仁孝皇后傳	大明續入藏諸集
2-6770	1549-002史10	27	史10	大明仁孝皇后夢感佛說第一希有大功德經二卷（02）	明仁孝皇后傳	大明續入藏諸集